codigo_ibge;uf;municipio;ano;cabecas
1100015;RO;Alta Floresta D'Oeste;2021;473192
1100023;RO;Ariquemes;2021;509210
1100031;RO;Cabixi;2021;124604
1100049;RO;Cacoal;2021;437032
1100056;RO;Cerejeiras;2021;82558
1100064;RO;Colorado do Oeste;2021;267070
1100072;RO;Corumbiara;2021;308673
1100080;RO;Costa Marques;2021;265041
1100098;RO;Espigão D'Oeste;2021;383370
1100106;RO;Guajará-Mirim;2021;141386
1100114;RO;Jaru;2021;534672
1100122;RO;Ji-Paraná;2021;402959
1100130;RO;Machadinho D'Oeste;2021;416642
1100148;RO;Nova Brasilândia D'Oeste;2021;226852
1100155;RO;Ouro Preto do Oeste;2021;361116
1100189;RO;Pimenta Bueno;2021;318608
1100205;RO;Porto Velho;2021;1353947
1100254;RO;Presidente Médici;2021;358271
1100262;RO;Rio Crespo;2021;123859
1100288;RO;Rolim de Moura;2021;238493
1100296;RO;Santa Luzia D'Oeste;2021;182047
1100304;RO;Vilhena;2021;131267
1100320;RO;São Miguel do Guaporé;2021;262056
1100338;RO;Nova Mamoré;2021;807820
1100346;RO;Alvorada D'Oeste;2021;268615
1100379;RO;Alto Alegre dos Parecis;2021;223815
1100403;RO;Alto Paraíso;2021;351664
1100452;RO;Buritis;2021;539404
1100502;RO;Novo Horizonte do Oeste;2021;151819
1100601;RO;Cacaulândia;2021;281523
1100700;RO;Campo Novo de Rondônia;2021;441603
1100809;RO;Candeias do Jamari;2021;286074
1100908;RO;Castanheiras;2021;113913
1100924;RO;Chupinguaia;2021;331334
1100940;RO;Cujubim;2021;221345
1101005;RO;Governador Jorge Teixeira;2021;289137
1101104;RO;Itapuã do Oeste;2021;96389
1101203;RO;Ministro Andreazza;2021;133658
1101302;RO;Mirante da Serra;2021;127089
1101401;RO;Monte Negro;2021;325178
1101435;RO;Nova União;2021;146152
1101450;RO;Parecis;2021;179388
1101468;RO;Pimenteiras do Oeste;2021;125967
1101476;RO;Primavera de Rondônia;2021;79701
1101484;RO;São Felipe D'Oeste;2021;114002
1101492;RO;São Francisco do Guaporé;2021;460585
1101500;RO;Seringueiras;2021;225651
1101559;RO;Teixeirópolis;2021;103846
1101609;RO;Theobroma;2021;272953
1101708;RO;Urupá;2021;176362
1101757;RO;Vale do Anari;2021;159975
1101807;RO;Vale do Paraíso;2021;172414
1200013;AC;Acrelândia;2021;250589
1200054;AC;Assis Brasil;2021;58266
1200104;AC;Brasiléia;2021;314001
1200138;AC;Bujari;2021;309017
1200179;AC;Capixaba;2021;212303
1200203;AC;Cruzeiro do Sul;2021;34319
1200252;AC;Epitaciolândia;2021;158055
1200302;AC;Feijó;2021;169600
1200328;AC;Jordão;2021;9596
1200336;AC;Mâncio Lima;2021;17448
1200344;AC;Manoel Urbano;2021;75736
1200351;AC;Marechal Thaumaturgo;2021;14947
1200385;AC;Plácido de Castro;2021;283313
1200393;AC;Porto Walter;2021;15243
1200401;AC;Rio Branco;2021;532713
1200427;AC;Rodrigues Alves;2021;20263
1200435;AC;Santa Rosa do Purus;2021;12261
1200450;AC;Senador Guiomard;2021;361801
1200500;AC;Sena Madureira;2021;385448
1200609;AC;Tarauacá;2021;171897
1200708;AC;Xapuri;2021;300689
1200807;AC;Porto Acre;2021;339778
1300029;AM;Alvarães;2021;504
1300060;AM;Amaturá;2021;1225
1300086;AM;Anamã;2021;452
1300102;AM;Anori;2021;1000
1300144;AM;Apuí;2021;168000
1300201;AM;Atalaia do Norte;2021;90
1300300;AM;Autazes;2021;50013
1300409;AM;Barcelos;2021;29
1300508;AM;Barreirinha;2021;29589
1300607;AM;Benjamin Constant;2021;565
1300631;AM;Beruri;2021;1126
1300680;AM;Boa Vista do Ramos;2021;13076
1300706;AM;Boca do Acre;2021;235000
1300805;AM;Borba;2021;2974
1300839;AM;Caapiranga;2021;1876
1300904;AM;Canutama;2021;26047
1301001;AM;Carauari;2021;4677
1301100;AM;Careiro;2021;17100
1301159;AM;Careiro da Várzea;2021;46994
1301209;AM;Coari;2021;2000
1301308;AM;Codajás;2021;2024
1301407;AM;Eirunepé;2021;11689
1301506;AM;Envira;2021;28007
1301605;AM;Fonte Boa;2021;2546
1301654;AM;Guajará;2021;34434
1301704;AM;Humaitá;2021;27800
1301803;AM;Ipixuna;2021;18041
1301852;AM;Iranduba;2021;7021
1301902;AM;Itacoatiara;2021;47204
1301951;AM;Itamarati;2021;950
1302009;AM;Itapiranga;2021;3902
1302108;AM;Japurá;2021;932
1302207;AM;Juruá;2021;1320
1302306;AM;Jutaí;2021;800
1302405;AM;Lábrea;2021;328300
1302504;AM;Manacapuru;2021;13480
1302553;AM;Manaquiri;2021;9315
1302603;AM;Manaus;2021;4810
1302702;AM;Manicoré;2021;133250
1302801;AM;Maraã;2021;1140
1302900;AM;Maués;2021;10833
1303007;AM;Nhamundá;2021;22000
1303106;AM;Nova Olinda do Norte;2021;7063
1303205;AM;Novo Airão;2021;421
1303304;AM;Novo Aripuanã;2021;42800
1303403;AM;Parintins;2021;50200
1303502;AM;Pauini;2021;10500
1303536;AM;Presidente Figueiredo;2021;11957
1303569;AM;Rio Preto da Eva;2021;1896
1303601;AM;Santa Isabel do Rio Negro;2021;350
1303700;AM;Santo Antônio do Içá;2021;1370
1303809;AM;São Gabriel da Cachoeira;2021;123
1303908;AM;São Paulo de Olivença;2021;320
1303957;AM;São Sebastião do Uatumã;2021;10812
1304005;AM;Silves;2021;12539
1304062;AM;Tabatinga;2021;246
1304104;AM;Tapauá;2021;758
1304203;AM;Tefé;2021;1096
1304237;AM;Tonantins;2021;1253
1304260;AM;Uarini;2021;612
1304302;AM;Urucará;2021;13714
1304401;AM;Urucurituba;2021;16000
1400027;RR;Amajari;2021;111130
1400050;RR;Alto Alegre;2021;89067
1400100;RR;Boa Vista;2021;26708
1400159;RR;Bonfim;2021;75520
1400175;RR;Cantá;2021;77320
1400209;RR;Caracaraí;2021;47766
1400233;RR;Caroebe;2021;81233
1400282;RR;Iracema;2021;64780
1400308;RR;Mucajaí;2021;151569
1400407;RR;Normandia;2021;19234
1400456;RR;Pacaraima;2021;20879
1400472;RR;Rorainópolis;2021;80767
1400506;RR;São João da Baliza;2021;26232
1400605;RR;São Luiz do Anauá;2021;44474
1400704;RR;Uiramutã;2021;21310
1500107;PA;Abaetetuba;2021;3500
1500131;PA;Abel Figueiredo;2021;45670
1500206;PA;Acará;2021;15184
1500305;PA;Afuá;2021;1842
1500347;PA;Água Azul do Norte;2021;688758
1500404;PA;Alenquer;2021;237509
1500503;PA;Almeirim;2021;26966
1500602;PA;Altamira;2021;904271
1500701;PA;Anajás;2021;1310
1500800;PA;Ananindeua;2021;50
1500859;PA;Anapu;2021;337782
1500909;PA;Augusto Corrêa;2021;3549
1500958;PA;Aurora do Pará;2021;77764
1501006;PA;Aveiro;2021;64029
1501105;PA;Bagre;2021;914
1501204;PA;Baião;2021;68000
1501253;PA;Bannach;2021;306881
1501303;PA;Barcarena;2021;750
1501402;PA;Belém;2021;77
1501451;PA;Belterra;2021;23313
1501501;PA;Benevides;2021;2046
1501576;PA;Bom Jesus do Tocantins;2021;239262
1501600;PA;Bonito;2021;9914
1501709;PA;Bragança;2021;37572
1501725;PA;Brasil Novo;2021;289288
1501758;PA;Brejo Grande do Araguaia;2021;130890
1501782;PA;Breu Branco;2021;183660
1501808;PA;Breves;2021;1230
1501907;PA;Bujaru;2021;6823
1501956;PA;Cachoeira do Piriá;2021;48857
1502004;PA;Cachoeira do Arari;2021;43400
1502103;PA;Cametá;2021;450
1502152;PA;Canaã dos Carajás;2021;224547
1502202;PA;Capanema;2021;24966
1502301;PA;Capitão Poço;2021;106921
1502400;PA;Castanhal;2021;36446
1502509;PA;Chaves;2021;68018
1502608;PA;Colares;2021;665
1502707;PA;Conceição do Araguaia;2021;298233
1502756;PA;Concórdia do Pará;2021;13572
1502764;PA;Cumaru do Norte;2021;733564
1502772;PA;Curionópolis;2021;257434
1502806;PA;Curralinho;2021;115
1502855;PA;Curuá;2021;45914
1502905;PA;Curuçá;2021;3395
1502939;PA;Dom Eliseu;2021;86915
1502954;PA;Eldorado do Carajás;2021;399164
1503002;PA;Faro;2021;2759
1503044;PA;Floresta do Araguaia;2021;208454
1503077;PA;Garrafão do Norte;2021;65689
1503093;PA;Goianésia do Pará;2021;313412
1503101;PA;Gurupá;2021;1202
1503200;PA;Igarapé-Açu;2021;21371
1503309;PA;Igarapé-Miri;2021;2100
1503408;PA;Inhangapi;2021;15190
1503457;PA;Ipixuna do Pará;2021;121524
1503507;PA;Irituia;2021;72653
1503606;PA;Itaituba;2021;342732
1503705;PA;Itupiranga;2021;703887
1503754;PA;Jacareacanga;2021;82470
1503804;PA;Jacundá;2021;184253
1503903;PA;Juruti;2021;43129
1504000;PA;Limoeiro do Ajuru;2021;15
1504059;PA;Mãe do Rio;2021;45814
1504109;PA;Magalhães Barata;2021;1301
1504208;PA;Marabá;2021;1478450
1504307;PA;Maracanã;2021;3934
1504406;PA;Marapanim;2021;4826
1504422;PA;Marituba;2021;48
1504455;PA;Medicilândia;2021;201281
1504505;PA;Melgaço;2021;1150
1504604;PA;Mocajuba;2021;824
1504703;PA;Moju;2021;85000
1504752;PA;Mojuí dos Campos;2021;17684
1504802;PA;Monte Alegre;2021;281287
1504901;PA;Muaná;2021;6100
1504950;PA;Nova Esperança do Piriá;2021;60073
1504976;PA;Nova Ipixuna;2021;136566
1505007;PA;Nova Timboteua;2021;24104
1505031;PA;Novo Progresso;2021;642252
1505064;PA;Novo Repartimento;2021;1155609
1505106;PA;Óbidos;2021;160052
1505205;PA;Oeiras do Pará;2021;4078
1505304;PA;Oriximiná;2021;131126
1505403;PA;Ourém;2021;18499
1505437;PA;Ourilândia do Norte;2021;226851
1505486;PA;Pacajá;2021;733530
1505494;PA;Palestina do Pará;2021;109618
1505502;PA;Paragominas;2021;367490
1505536;PA;Parauapebas;2021;134265
1505551;PA;Pau D'Arco;2021;115762
1505601;PA;Peixe-Boi;2021;16502
1505635;PA;Piçarra;2021;407513
1505650;PA;Placas;2021;165125
1505700;PA;Ponta de Pedras;2021;36600
1505809;PA;Portel;2021;38470
1505908;PA;Porto de Moz;2021;68230
1506005;PA;Prainha;2021;155337
1506104;PA;Primavera;2021;3465
1506112;PA;Quatipuru;2021;652
1506138;PA;Redenção;2021;323258
1506161;PA;Rio Maria;2021;501659
1506187;PA;Rondon do Pará;2021;357772
1506195;PA;Rurópolis;2021;181438
1506203;PA;Salinópolis;2021;214
1506302;PA;Salvaterra;2021;6200
1506351;PA;Santa Bárbara do Pará;2021;1845
1506401;PA;Santa Cruz do Arari;2021;22189
1506500;PA;Santa Izabel do Pará;2021;19115
1506559;PA;Santa Luzia do Pará;2021;74749
1506583;PA;Santa Maria das Barreiras;2021;631667
1506609;PA;Santa Maria do Pará;2021;20846
1506708;PA;Santana do Araguaia;2021;612172
1506807;PA;Santarém;2021;128258
1506906;PA;Santarém Novo;2021;3843
1507003;PA;Santo Antônio do Tauá;2021;6330
1507102;PA;São Caetano de Odivelas;2021;1959
1507151;PA;São Domingos do Araguaia;2021;187678
1507201;PA;São Domingos do Capim;2021;55062
1507300;PA;São Félix do Xingu;2021;2468764
1507409;PA;São Francisco do Pará;2021;19277
1507458;PA;São Geraldo do Araguaia;2021;385545
1507466;PA;São João da Ponta;2021;1332
1507474;PA;São João de Pirabas;2021;5641
1507508;PA;São João do Araguaia;2021;131830
1507607;PA;São Miguel do Guamá;2021;41610
1507706;PA;São Sebastião da Boa Vista;2021;50
1507755;PA;Sapucaia;2021;165633
1507805;PA;Senador José Porfírio;2021;116862
1507904;PA;Soure;2021;39890
1507953;PA;Tailândia;2021;86300
1507961;PA;Terra Alta;2021;4615
1507979;PA;Terra Santa;2021;32706
1508001;PA;Tomé-Açu;2021;126689
1508035;PA;Tracuateua;2021;15114
1508050;PA;Trairão;2021;122795
1508084;PA;Tucumã;2021;342708
1508100;PA;Tucuruí;2021;81313
1508126;PA;Ulianópolis;2021;79975
1508159;PA;Uruará;2021;340906
1508209;PA;Vigia;2021;3541
1508308;PA;Viseu;2021;117992
1508357;PA;Vitória do Xingu;2021;185946
1508407;PA;Xinguara;2021;546029
1600055;AP;Serra do Navio;2021;440
1600105;AP;Amapá;2021;10828
1600154;AP;Pedra Branca do Amapari;2021;741
1600204;AP;Calçoene;2021;4084
1600212;AP;Cutias;2021;1283
1600238;AP;Ferreira Gomes;2021;544
1600253;AP;Itaubal;2021;997
1600279;AP;Laranjal do Jari;2021;2735
1600303;AP;Macapá;2021;7010
1600402;AP;Mazagão;2021;915
1600501;AP;Oiapoque;2021;1878
1600535;AP;Porto Grande;2021;5676
1600550;AP;Pracuúba;2021;2914
1600600;AP;Santana;2021;1495
1600709;AP;Tartarugalzinho;2021;10213
1600808;AP;Vitória do Jari;2021;1015
1700251;TO;Abreulândia;2021;80185
1700301;TO;Aguiarnópolis;2021;14774
1700350;TO;Aliança do Tocantins;2021;90285
1700400;TO;Almas;2021;70869
1700707;TO;Alvorada;2021;79519
1701002;TO;Ananás;2021;119044
1701051;TO;Angico;2021;17959
1701101;TO;Aparecida do Rio Negro;2021;20912
1701309;TO;Aragominas;2021;102253
1701903;TO;Araguacema;2021;62980
1702000;TO;Araguaçu;2021;407760
1702109;TO;Araguaína;2021;278289
1702158;TO;Araguanã;2021;86669
1702208;TO;Araguatins;2021;184115
1702307;TO;Arapoema;2021;165359
1702406;TO;Arraias;2021;215726
1702554;TO;Augustinópolis;2021;67428
1702703;TO;Aurora do Tocantins;2021;48372
1702901;TO;Axixá do Tocantins;2021;38857
1703008;TO;Babaçulândia;2021;71462
1703057;TO;Bandeirantes do Tocantins;2021;154085
1703073;TO;Barra do Ouro;2021;29988
1703107;TO;Barrolândia;2021;74178
1703206;TO;Bernardo Sayão;2021;104070
1703305;TO;Bom Jesus do Tocantins;2021;32923
1703602;TO;Brasilândia do Tocantins;2021;38409
1703701;TO;Brejinho de Nazaré;2021;54880
1703800;TO;Buriti do Tocantins;2021;33813
1703826;TO;Cachoeirinha;2021;9126
1703842;TO;Campos Lindos;2021;36591
1703867;TO;Cariri do Tocantins;2021;79354
1703883;TO;Carmolândia;2021;38432
1703891;TO;Carrasco Bonito;2021;22917
1703909;TO;Caseara;2021;53950
1704105;TO;Centenário;2021;22873
1704600;TO;Chapada de Areia;2021;35875
1705102;TO;Chapada da Natividade;2021;32737
1705508;TO;Colinas do Tocantins;2021;137583
1705557;TO;Combinado;2021;26968
1705607;TO;Conceição do Tocantins;2021;35524
1706001;TO;Couto Magalhães;2021;62635
1706100;TO;Cristalândia;2021;77351
1706258;TO;Crixás do Tocantins;2021;51938
1706506;TO;Darcinópolis;2021;27847
1707009;TO;Dianópolis;2021;59354
1707108;TO;Divinópolis do Tocantins;2021;128743
1707207;TO;Dois Irmãos do Tocantins;2021;184233
1707306;TO;Dueré;2021;190722
1707405;TO;Esperantina;2021;25701
1707553;TO;Fátima;2021;24651
1707652;TO;Figueirópolis;2021;109656
1707702;TO;Filadélfia;2021;116350
1708205;TO;Formoso do Araguaia;2021;303560
1708254;TO;Tabocão;2021;71090
1708304;TO;Goianorte;2021;107955
1709005;TO;Goiatins;2021;70736
1709302;TO;Guaraí;2021;140867
1709500;TO;Gurupi;2021;117019
1709807;TO;Ipueiras;2021;23710
1710508;TO;Itacajá;2021;92229
1710706;TO;Itaguatins;2021;63248
1710904;TO;Itapiratins;2021;65438
1711100;TO;Itaporã do Tocantins;2021;110598
1711506;TO;Jaú do Tocantins;2021;120990
1711803;TO;Juarina;2021;33176
1711902;TO;Lagoa da Confusão;2021;107232
1711951;TO;Lagoa do Tocantins;2021;15548
1712009;TO;Lajeado;2021;8259
1712157;TO;Lavandeira;2021;27070
1712405;TO;Lizarda;2021;20061
1712454;TO;Luzinópolis;2021;10903
1712504;TO;Marianópolis do Tocantins;2021;91091
1712702;TO;Mateiros;2021;8842
1712801;TO;Maurilândia do Tocantins;2021;24101
1713205;TO;Miracema do Tocantins;2021;160195
1713304;TO;Miranorte;2021;81441
1713601;TO;Monte do Carmo;2021;84558
1713700;TO;Monte Santo do Tocantins;2021;89506
1713809;TO;Palmeiras do Tocantins;2021;39041
1713957;TO;Muricilândia;2021;81392
1714203;TO;Natividade;2021;98927
1714302;TO;Nazaré;2021;24592
1714880;TO;Nova Olinda;2021;89707
1715002;TO;Nova Rosalândia;2021;22253
1715101;TO;Novo Acordo;2021;14400
1715150;TO;Novo Alegre;2021;26322
1715259;TO;Novo Jardim;2021;13914
1715507;TO;Oliveira de Fátima;2021;12735
1715705;TO;Palmeirante;2021;73557
1715754;TO;Palmeirópolis;2021;79003
1716109;TO;Paraíso do Tocantins;2021;107272
1716208;TO;Paranã;2021;182860
1716307;TO;Pau D'Arco;2021;92120
1716505;TO;Pedro Afonso;2021;27440
1716604;TO;Peixe;2021;257568
1716653;TO;Pequizeiro;2021;98622
1716703;TO;Colméia;2021;103021
1717008;TO;Pindorama do Tocantins;2021;62723
1717206;TO;Piraquê;2021;107996
1717503;TO;Pium;2021;197447
1717800;TO;Ponte Alta do Bom Jesus;2021;42212
1717909;TO;Ponte Alta do Tocantins;2021;86081
1718006;TO;Porto Alegre do Tocantins;2021;11075
1718204;TO;Porto Nacional;2021;139451
1718303;TO;Praia Norte;2021;26637
1718402;TO;Presidente Kennedy;2021;48714
1718451;TO;Pugmil;2021;18960
1718501;TO;Recursolândia;2021;46286
1718550;TO;Riachinho;2021;39896
1718659;TO;Rio da Conceição;2021;1660
1718709;TO;Rio dos Bois;2021;16982
1718758;TO;Rio Sono;2021;61364
1718808;TO;Sampaio;2021;10766
1718840;TO;Sandolândia;2021;205533
1718865;TO;Santa Fé do Araguaia;2021;117063
1718881;TO;Santa Maria do Tocantins;2021;33189
1718899;TO;Santa Rita do Tocantins;2021;109180
1718907;TO;Santa Rosa do Tocantins;2021;37766
1719004;TO;Santa Tereza do Tocantins;2021;24589
1720002;TO;Santa Terezinha do Tocantins;2021;24589
1720101;TO;São Bento do Tocantins;2021;32686
1720150;TO;São Félix do Tocantins;2021;3886
1720200;TO;São Miguel do Tocantins;2021;22627
1720259;TO;São Salvador do Tocantins;2021;37358
1720309;TO;São Sebastião do Tocantins;2021;28424
1720499;TO;São Valério;2021;57114
1720655;TO;Silvanópolis;2021;38905
1720804;TO;Sítio Novo do Tocantins;2021;43691
1720853;TO;Sucupira;2021;65665
1720903;TO;Taguatinga;2021;126197
1720937;TO;Taipas do Tocantins;2021;26353
1720978;TO;Talismã;2021;123900
1721000;TO;Palmas;2021;32849
1721109;TO;Tocantínia;2021;19783
1721208;TO;Tocantinópolis;2021;22478
1721257;TO;Tupirama;2021;23800
1721307;TO;Tupiratins;2021;16910
1722081;TO;Wanderlândia;2021;40542
1722107;TO;Xambioá;2021;98168
2100055;MA;Açailândia;2021;348427
2100105;MA;Afonso Cunha;2021;1360
2100154;MA;Água Doce do Maranhão;2021;1750
2100204;MA;Alcântara;2021;4198
2100303;MA;Aldeias Altas;2021;5190
2100402;MA;Altamira do Maranhão;2021;43757
2100436;MA;Alto Alegre do Maranhão;2021;19304
2100477;MA;Alto Alegre do Pindaré;2021;61870
2100501;MA;Alto Parnaíba;2021;47956
2100550;MA;Amapá do Maranhão;2021;11846
2100600;MA;Amarante do Maranhão;2021;285734
2100709;MA;Anajatuba;2021;52996
2100808;MA;Anapurus;2021;1720
2100832;MA;Apicum-Açu;2021;2234
2100873;MA;Araguanã;2021;21430
2100907;MA;Araioses;2021;9723
2100956;MA;Arame;2021;157668
2101004;MA;Arari;2021;39560
2101103;MA;Axixá;2021;500
2101202;MA;Bacabal;2021;122225
2101251;MA;Bacabeira;2021;4820
2101301;MA;Bacuri;2021;4859
2101350;MA;Bacurituba;2021;6843
2101400;MA;Balsas;2021;84295
2101509;MA;Barão de Grajaú;2021;13706
2101608;MA;Barra do Corda;2021;142268
2101707;MA;Barreirinhas;2021;8679
2101731;MA;Belágua;2021;285
2101772;MA;Bela Vista do Maranhão;2021;8560
2101806;MA;Benedito Leite;2021;16567
2101905;MA;Bequimão;2021;7577
2101939;MA;Bernardo do Mearim;2021;17607
2101970;MA;Boa Vista do Gurupi;2021;7157
2102002;MA;Bom Jardim;2021;163045
2102036;MA;Bom Jesus das Selvas;2021;142802
2102077;MA;Bom Lugar;2021;56120
2102101;MA;Brejo;2021;9800
2102150;MA;Brejo de Areia;2021;30062
2102200;MA;Buriti;2021;7540
2102309;MA;Buriti Bravo;2021;36837
2102325;MA;Buriticupu;2021;149985
2102358;MA;Buritirana;2021;74989
2102374;MA;Cachoeira Grande;2021;1200
2102408;MA;Cajapió;2021;5180
2102507;MA;Cajari;2021;13150
2102556;MA;Campestre do Maranhão;2021;52465
2102606;MA;Cândido Mendes;2021;4895
2102705;MA;Cantanhede;2021;7666
2102754;MA;Capinzal do Norte;2021;22501
2102804;MA;Carolina;2021;112246
2102903;MA;Carutapera;2021;14760
2103000;MA;Caxias;2021;42750
2103109;MA;Cedral;2021;784
2103125;MA;Central do Maranhão;2021;2793
2103158;MA;Centro do Guilherme;2021;27214
2103174;MA;Centro Novo do Maranhão;2021;94245
2103208;MA;Chapadinha;2021;15850
2103257;MA;Cidelândia;2021;100430
2103307;MA;Codó;2021;119470
2103406;MA;Coelho Neto;2021;6150
2103505;MA;Colinas;2021;74548
2103554;MA;Conceição do Lago-Açu;2021;21035
2103604;MA;Coroatá;2021;47940
2103703;MA;Cururupu;2021;1708
2103752;MA;Davinópolis;2021;23714
2103802;MA;Dom Pedro;2021;21279
2103901;MA;Duque Bacelar;2021;4380
2104008;MA;Esperantinópolis;2021;22697
2104057;MA;Estreito;2021;132989
2104073;MA;Feira Nova do Maranhão;2021;76537
2104081;MA;Fernando Falcão;2021;22500
2104099;MA;Formosa da Serra Negra;2021;140133
2104107;MA;Fortaleza dos Nogueiras;2021;82048
2104206;MA;Fortuna;2021;37928
2104305;MA;Godofredo Viana;2021;3076
2104404;MA;Gonçalves Dias;2021;42903
2104503;MA;Governador Archer;2021;35459
2104552;MA;Governador Edison Lobão;2021;42206
2104602;MA;Governador Eugênio Barros;2021;30208
2104628;MA;Governador Luiz Rocha;2021;14221
2104651;MA;Governador Newton Bello;2021;53650
2104677;MA;Governador Nunes Freire;2021;25103
2104701;MA;Graça Aranha;2021;10963
2104800;MA;Grajaú;2021;208777
2104909;MA;Guimarães;2021;2142
2105005;MA;Humberto de Campos;2021;1845
2105104;MA;Icatu;2021;777
2105153;MA;Igarapé do Meio;2021;26415
2105203;MA;Igarapé Grande;2021;27198
2105302;MA;Imperatriz;2021;91980
2105351;MA;Itaipava do Grajaú;2021;33124
2105401;MA;Itapecuru Mirim;2021;17258
2105427;MA;Itinga do Maranhão;2021;118540
2105450;MA;Jatobá;2021;24447
2105476;MA;Jenipapo dos Vieiras;2021;74520
2105500;MA;João Lisboa;2021;95362
2105609;MA;Joselândia;2021;16783
2105658;MA;Junco do Maranhão;2021;28130
2105708;MA;Lago da Pedra;2021;99160
2105807;MA;Lago do Junco;2021;14305
2105906;MA;Lago Verde;2021;52027
2105922;MA;Lagoa do Mato;2021;28222
2105948;MA;Lago dos Rodrigues;2021;16604
2105963;MA;Lagoa Grande do Maranhão;2021;42602
2105989;MA;Lajeado Novo;2021;54346
2106003;MA;Lima Campos;2021;9654
2106102;MA;Loreto;2021;34735
2106201;MA;Luís Domingues;2021;4084
2106300;MA;Magalhães de Almeida;2021;8186
2106326;MA;Maracaçumé;2021;29388
2106359;MA;Marajá do Sena;2021;47425
2106375;MA;Maranhãozinho;2021;38135
2106409;MA;Mata Roma;2021;2210
2106508;MA;Matinha;2021;19230
2106607;MA;Matões;2021;16100
2106631;MA;Matões do Norte;2021;17356
2106672;MA;Milagres do Maranhão;2021;3190
2106706;MA;Mirador;2021;49291
2106755;MA;Miranda do Norte;2021;23613
2106805;MA;Mirinzal;2021;2514
2106904;MA;Monção;2021;48711
2107001;MA;Montes Altos;2021;51964
2107100;MA;Morros;2021;1450
2107209;MA;Nina Rodrigues;2021;2078
2107258;MA;Nova Colinas;2021;41135
2107308;MA;Nova Iorque;2021;10089
2107357;MA;Nova Olinda do Maranhão;2021;36023
2107407;MA;Olho d'Água das Cunhãs;2021;74583
2107456;MA;Olinda Nova do Maranhão;2021;7120
2107506;MA;Paço do Lumiar;2021;602
2107605;MA;Palmeirândia;2021;4935
2107704;MA;Paraibano;2021;24297
2107803;MA;Parnarama;2021;70303
2107902;MA;Passagem Franca;2021;39481
2108009;MA;Pastos Bons;2021;30789
2108058;MA;Paulino Neves;2021;3250
2108108;MA;Paulo Ramos;2021;56849
2108207;MA;Pedreiras;2021;19402
2108256;MA;Pedro do Rosário;2021;22944
2108306;MA;Penalva;2021;13670
2108405;MA;Peri Mirim;2021;3905
2108454;MA;Peritoró;2021;37200
2108504;MA;Pindaré-Mirim;2021;14127
2108603;MA;Pinheiro;2021;32095
2108702;MA;Pio XII;2021;39174
2108801;MA;Pirapemas;2021;13455
2108900;MA;Poção de Pedras;2021;55228
2109007;MA;Porto Franco;2021;97564
2109056;MA;Porto Rico do Maranhão;2021;1185
2109106;MA;Presidente Dutra;2021;72315
2109205;MA;Presidente Juscelino;2021;915
2109239;MA;Presidente Médici;2021;28340
2109270;MA;Presidente Sarney;2021;5361
2109304;MA;Presidente Vargas;2021;1352
2109403;MA;Primeira Cruz;2021;1210
2109452;MA;Raposa;2021;444
2109502;MA;Riachão;2021;123042
2109551;MA;Ribamar Fiquene;2021;62791
2109601;MA;Rosário;2021;1105
2109700;MA;Sambaíba;2021;25727
2109759;MA;Santa Filomena do Maranhão;2021;24018
2109809;MA;Santa Helena;2021;14488
2109908;MA;Santa Inês;2021;68920
2110005;MA;Santa Luzia;2021;254985
2110039;MA;Santa Luzia do Paruá;2021;63776
2110104;MA;Santa Quitéria do Maranhão;2021;5556
2110203;MA;Santa Rita;2021;17320
2110237;MA;Santana do Maranhão;2021;3500
2110278;MA;Santo Amaro do Maranhão;2021;1635
2110302;MA;Santo Antônio dos Lopes;2021;21665
2110401;MA;São Benedito do Rio Preto;2021;1230
2110500;MA;São Bento;2021;5350
2110609;MA;São Bernardo;2021;11322
2110658;MA;São Domingos do Azeitão;2021;8541
2110708;MA;São Domingos do Maranhão;2021;64756
2110807;MA;São Félix de Balsas;2021;18035
2110856;MA;São Francisco do Brejão;2021;70999
2110906;MA;São Francisco do Maranhão;2021;21569
2111003;MA;São João Batista;2021;11240
2111029;MA;São João do Carú;2021;44863
2111052;MA;São João do Paraíso;2021;111416
2111078;MA;São João do Soter;2021;13140
2111102;MA;São João dos Patos;2021;32798
2111201;MA;São José de Ribamar;2021;1433
2111250;MA;São José dos Basílios;2021;15365
2111300;MA;São Luís;2021;1195
2111409;MA;São Luís Gonzaga do Maranhão;2021;80882
2111508;MA;São Mateus do Maranhão;2021;41262
2111532;MA;São Pedro da Água Branca;2021;28634
2111573;MA;São Pedro dos Crentes;2021;63428
2111607;MA;São Raimundo das Mangabeiras;2021;38456
2111631;MA;São Raimundo do Doca Bezerra;2021;8802
2111672;MA;São Roberto;2021;8304
2111706;MA;São Vicente Ferrer;2021;7680
2111722;MA;Satubinha;2021;25132
2111748;MA;Senador Alexandre Costa;2021;17194
2111763;MA;Senador La Rocque;2021;92860
2111789;MA;Serrano do Maranhão;2021;5887
2111805;MA;Sítio Novo;2021;152677
2111904;MA;Sucupira do Norte;2021;18636
2111953;MA;Sucupira do Riachão;2021;9979
2112001;MA;Tasso Fragoso;2021;22117
2112100;MA;Timbiras;2021;11950
2112209;MA;Timon;2021;21540
2112233;MA;Trizidela do Vale;2021;12505
2112274;MA;Tufilândia;2021;17680
2112308;MA;Tuntum;2021;135058
2112407;MA;Turiaçu;2021;10796
2112456;MA;Turilândia;2021;29665
2112506;MA;Tutóia;2021;2750
2112605;MA;Urbano Santos;2021;1280
2112704;MA;Vargem Grande;2021;18448
2112803;MA;Viana;2021;20760
2112852;MA;Vila Nova dos Martírios;2021;88670
2112902;MA;Vitória do Mearim;2021;25670
2113009;MA;Vitorino Freire;2021;91810
2114007;MA;Zé Doca;2021;141172
2200053;PI;Acauã;2021;6276
2200103;PI;Agricolândia;2021;1615
2200202;PI;Água Branca;2021;2905
2200251;PI;Alagoinha do Piauí;2021;5576
2200277;PI;Alegrete do Piauí;2021;3614
2200301;PI;Alto Longá;2021;14414
2200400;PI;Altos;2021;7467
2200459;PI;Alvorada do Gurguéia;2021;7206
2200509;PI;Amarante;2021;9472
2200608;PI;Angical do Piauí;2021;5484
2200707;PI;Anísio de Abreu;2021;2200
2200806;PI;Antônio Almeida;2021;3590
2200905;PI;Aroazes;2021;6607
2200954;PI;Aroeiras do Itaim;2021;3278
2201002;PI;Arraial;2021;3330
2201051;PI;Assunção do Piauí;2021;4406
2201101;PI;Avelino Lopes;2021;11328
2201150;PI;Baixa Grande do Ribeiro;2021;13821
2201176;PI;Barra D'Alcântara;2021;2196
2201200;PI;Barras;2021;15783
2201309;PI;Barreiras do Piauí;2021;4753
2201408;PI;Barro Duro;2021;1622
2201507;PI;Batalha;2021;15362
2201556;PI;Bela Vista do Piauí;2021;5867
2201572;PI;Belém do Piauí;2021;1993
2201606;PI;Beneditinos;2021;4813
2201705;PI;Bertolínia;2021;9432
2201739;PI;Betânia do Piauí;2021;2590
2201770;PI;Boa Hora;2021;1643
2201804;PI;Bocaina;2021;3317
2201903;PI;Bom Jesus;2021;26493
2201919;PI;Bom Princípio do Piauí;2021;3102
2201929;PI;Bonfim do Piauí;2021;1623
2201945;PI;Boqueirão do Piauí;2021;1322
2201960;PI;Brasileira;2021;4108
2201988;PI;Brejo do Piauí;2021;5582
2202000;PI;Buriti dos Lopes;2021;6137
2202026;PI;Buriti dos Montes;2021;6921
2202059;PI;Cabeceiras do Piauí;2021;5727
2202075;PI;Cajazeiras do Piauí;2021;4032
2202083;PI;Cajueiro da Praia;2021;1079
2202091;PI;Caldeirão Grande do Piauí;2021;3255
2202109;PI;Campinas do Piauí;2021;7346
2202117;PI;Campo Alegre do Fidalgo;2021;2430
2202133;PI;Campo Grande do Piauí;2021;2080
2202174;PI;Campo Largo do Piauí;2021;4182
2202208;PI;Campo Maior;2021;21720
2202251;PI;Canavieira;2021;9876
2202307;PI;Canto do Buriti;2021;9240
2202406;PI;Capitão de Campos;2021;4187
2202455;PI;Capitão Gervásio Oliveira;2021;5351
2202505;PI;Caracol;2021;4370
2202539;PI;Caraúbas do Piauí;2021;8645
2202554;PI;Caridade do Piauí;2021;4390
2202604;PI;Castelo do Piauí;2021;10880
2202653;PI;Caxingó;2021;4089
2202703;PI;Cocal;2021;7024
2202711;PI;Cocal de Telha;2021;2656
2202729;PI;Cocal dos Alves;2021;2080
2202737;PI;Coivaras;2021;2834
2202752;PI;Colônia do Gurguéia;2021;6033
2202778;PI;Colônia do Piauí;2021;7693
2202802;PI;Conceição do Canindé;2021;3771
2202851;PI;Coronel José Dias;2021;2721
2202901;PI;Corrente;2021;29004
2203008;PI;Cristalândia do Piauí;2021;20205
2203107;PI;Cristino Castro;2021;5286
2203206;PI;Curimatá;2021;20236
2203230;PI;Currais;2021;14291
2203255;PI;Curralinhos;2021;3551
2203271;PI;Curral Novo do Piauí;2021;2900
2203305;PI;Demerval Lobão;2021;1726
2203354;PI;Dirceu Arcoverde;2021;3517
2203404;PI;Dom Expedito Lopes;2021;1217
2203420;PI;Domingos Mourão;2021;3162
2203453;PI;Dom Inocêncio;2021;7312
2203503;PI;Elesbão Veloso;2021;16086
2203602;PI;Eliseu Martins;2021;6194
2203701;PI;Esperantina;2021;8932
2203750;PI;Fartura do Piauí;2021;3187
2203800;PI;Flores do Piauí;2021;4694
2203859;PI;Floresta do Piauí;2021;2577
2203909;PI;Floriano;2021;10885
2204006;PI;Francinópolis;2021;2973
2204105;PI;Francisco Ayres;2021;3780
2204154;PI;Francisco Macedo;2021;1575
2204204;PI;Francisco Santos;2021;3374
2204303;PI;Fronteiras;2021;5989
2204352;PI;Geminiano;2021;3661
2204402;PI;Gilbués;2021;10739
2204501;PI;Guadalupe;2021;5312
2204550;PI;Guaribas;2021;2118
2204600;PI;Hugo Napoleão;2021;2084
2204659;PI;Ilha Grande;2021;1678
2204709;PI;Inhuma;2021;7525
2204808;PI;Ipiranga do Piauí;2021;2897
2204907;PI;Isaías Coelho;2021;8349
2205003;PI;Itainópolis;2021;7181
2205102;PI;Itaueira;2021;14022
2205151;PI;Jacobina do Piauí;2021;11001
2205201;PI;Jaicós;2021;4105
2205250;PI;Jardim do Mulato;2021;3264
2205276;PI;Jatobá do Piauí;2021;7395
2205300;PI;Jerumenha;2021;6817
2205359;PI;João Costa;2021;3649
2205409;PI;Joaquim Pires;2021;11230
2205458;PI;Joca Marques;2021;4656
2205508;PI;José de Freitas;2021;14200
2205516;PI;Juazeiro do Piauí;2021;4215
2205524;PI;Júlio Borges;2021;11988
2205532;PI;Jurema;2021;2592
2205540;PI;Lagoinha do Piauí;2021;1487
2205557;PI;Lagoa Alegre;2021;1826
2205565;PI;Lagoa do Barro do Piauí;2021;3587
2205573;PI;Lagoa de São Francisco;2021;1238
2205581;PI;Lagoa do Piauí;2021;3014
2205599;PI;Lagoa do Sítio;2021;3662
2205607;PI;Landri Sales;2021;7828
2205706;PI;Luís Correia;2021;8849
2205805;PI;Luzilândia;2021;7887
2205854;PI;Madeiro;2021;4207
2205904;PI;Manoel Emídio;2021;7631
2205953;PI;Marcolândia;2021;719
2206001;PI;Marcos Parente;2021;5599
2206050;PI;Massapê do Piauí;2021;2772
2206100;PI;Matias Olímpio;2021;2238
2206209;PI;Miguel Alves;2021;7255
2206308;PI;Miguel Leão;2021;207
2206357;PI;Milton Brandão;2021;3756
2206407;PI;Monsenhor Gil;2021;2699
2206506;PI;Monsenhor Hipólito;2021;5353
2206605;PI;Monte Alegre do Piauí;2021;23826
2206654;PI;Morro Cabeça no Tempo;2021;6467
2206670;PI;Morro do Chapéu do Piauí;2021;4195
2206696;PI;Murici dos Portelas;2021;4748
2206704;PI;Nazaré do Piauí;2021;6925
2206720;PI;Nazária;2021;4185
2206753;PI;Nossa Senhora de Nazaré;2021;3812
2206803;PI;Nossa Senhora dos Remédios;2021;3993
2206902;PI;Novo Oriente do Piauí;2021;7003
2206951;PI;Novo Santo Antônio;2021;4294
2207009;PI;Oeiras;2021;13756
2207108;PI;Olho D'Água do Piauí;2021;3685
2207207;PI;Padre Marcos;2021;2356
2207306;PI;Paes Landim;2021;3682
2207355;PI;Pajeú do Piauí;2021;4958
2207405;PI;Palmeira do Piauí;2021;7357
2207504;PI;Palmeirais;2021;6170
2207553;PI;Paquetá;2021;2446
2207603;PI;Parnaguá;2021;40969
2207702;PI;Parnaíba;2021;6027
2207751;PI;Passagem Franca do Piauí;2021;4373
2207777;PI;Patos do Piauí;2021;4838
2207793;PI;Pau D'Arco do Piauí;2021;1847
2207801;PI;Paulistana;2021;9266
2207850;PI;Pavussu;2021;2320
2207900;PI;Pedro II;2021;6013
2207934;PI;Pedro Laurentino;2021;5148
2207959;PI;Nova Santa Rita;2021;5869
2208007;PI;Picos;2021;9884
2208106;PI;Pimenteiras;2021;14248
2208205;PI;Pio IX;2021;7256
2208304;PI;Piracuruca;2021;14442
2208403;PI;Piripiri;2021;12174
2208502;PI;Porto;2021;2973
2208551;PI;Porto Alegre do Piauí;2021;6146
2208601;PI;Prata do Piauí;2021;1270
2208650;PI;Queimada Nova;2021;5460
2208700;PI;Redenção do Gurguéia;2021;12093
2208809;PI;Regeneração;2021;5191
2208858;PI;Riacho Frio;2021;15272
2208874;PI;Ribeira do Piauí;2021;6574
2208908;PI;Ribeiro Gonçalves;2021;9289
2209005;PI;Rio Grande do Piauí;2021;5550
2209104;PI;Santa Cruz do Piauí;2021;5640
2209153;PI;Santa Cruz dos Milagres;2021;18954
2209203;PI;Santa Filomena;2021;14474
2209302;PI;Santa Luz;2021;13751
2209351;PI;Santana do Piauí;2021;933
2209377;PI;Santa Rosa do Piauí;2021;5473
2209401;PI;Santo Antônio de Lisboa;2021;2618
2209450;PI;Santo Antônio dos Milagres;2021;263
2209500;PI;Santo Inácio do Piauí;2021;4826
2209559;PI;São Braz do Piauí;2021;1253
2209609;PI;São Félix do Piauí;2021;5961
2209658;PI;São Francisco de Assis do Piauí;2021;4024
2209708;PI;São Francisco do Piauí;2021;6006
2209757;PI;São Gonçalo do Gurguéia;2021;6027
2209807;PI;São Gonçalo do Piauí;2021;2443
2209856;PI;São João da Canabrava;2021;1183
2209872;PI;São João da Fronteira;2021;3174
2209906;PI;São João da Serra;2021;8513
2209955;PI;São João da Varjota;2021;1477
2209971;PI;São João do Arraial;2021;2258
2210003;PI;São João do Piauí;2021;6485
2210052;PI;São José do Divino;2021;9375
2210102;PI;São José do Peixe;2021;6010
2210201;PI;São José do Piauí;2021;3271
2210300;PI;São Julião;2021;2786
2210359;PI;São Lourenço do Piauí;2021;1865
2210375;PI;São Luis do Piauí;2021;1495
2210383;PI;São Miguel da Baixa Grande;2021;2492
2210391;PI;São Miguel do Fidalgo;2021;3408
2210409;PI;São Miguel do Tapuio;2021;15485
2210508;PI;São Pedro do Piauí;2021;6372
2210607;PI;São Raimundo Nonato;2021;4485
2210623;PI;Sebastião Barros;2021;17048
2210631;PI;Sebastião Leal;2021;8100
2210656;PI;Sigefredo Pacheco;2021;7051
2210706;PI;Simões;2021;7588
2210805;PI;Simplício Mendes;2021;10050
2210904;PI;Socorro do Piauí;2021;3721
2210938;PI;Sussuapara;2021;2084
2210953;PI;Tamboril do Piauí;2021;2498
2210979;PI;Tanque do Piauí;2021;1238
2211001;PI;Teresina;2021;10303
2211100;PI;União;2021;9998
2211209;PI;Uruçuí;2021;20398
2211308;PI;Valença do Piauí;2021;6556
2211357;PI;Várzea Branca;2021;2415
2211407;PI;Várzea Grande;2021;1667
2211506;PI;Vera Mendes;2021;2209
2211605;PI;Vila Nova do Piauí;2021;3354
2211704;PI;Wall Ferraz;2021;3603
2300101;CE;Abaiara;2021;9010
2300150;CE;Acarape;2021;1200
2300200;CE;Acaraú;2021;5864
2300309;CE;Acopiara;2021;65150
2300408;CE;Aiuaba;2021;12604
2300507;CE;Alcântaras;2021;910
2300606;CE;Altaneira;2021;3335
2300705;CE;Alto Santo;2021;28482
2300754;CE;Amontada;2021;10579
2300804;CE;Antonina do Norte;2021;3683
2300903;CE;Apuiarés;2021;4870
2301000;CE;Aquiraz;2021;9850
2301109;CE;Aracati;2021;7155
2301208;CE;Aracoiaba;2021;10852
2301257;CE;Ararendá;2021;6080
2301307;CE;Araripe;2021;15000
2301406;CE;Aratuba;2021;1245
2301505;CE;Arneiroz;2021;9600
2301604;CE;Assaré;2021;22000
2301703;CE;Aurora;2021;26880
2301802;CE;Baixio;2021;8846
2301851;CE;Banabuiú;2021;27985
2301901;CE;Barbalha;2021;7550
2301950;CE;Barreira;2021;3829
2302008;CE;Barro;2021;21745
2302057;CE;Barroquinha;2021;1745
2302107;CE;Baturité;2021;1560
2302206;CE;Beberibe;2021;10823
2302305;CE;Bela Cruz;2021;6192
2302404;CE;Boa Viagem;2021;32081
2302503;CE;Brejo Santo;2021;41300
2302602;CE;Camocim;2021;6685
2302701;CE;Campos Sales;2021;15000
2302800;CE;Canindé;2021;22075
2302909;CE;Capistrano;2021;2956
2303006;CE;Caridade;2021;5537
2303105;CE;Cariré;2021;14608
2303204;CE;Caririaçu;2021;15595
2303303;CE;Cariús;2021;22154
2303402;CE;Carnaubal;2021;2160
2303501;CE;Cascavel;2021;6568
2303600;CE;Catarina;2021;10784
2303659;CE;Catunda;2021;6757
2303709;CE;Caucaia;2021;19390
2303808;CE;Cedro;2021;28936
2303907;CE;Chaval;2021;1692
2303931;CE;Choró;2021;9025
2303956;CE;Chorozinho;2021;2467
2304004;CE;Coreaú;2021;10700
2304103;CE;Crateús;2021;44837
2304202;CE;Crato;2021;26500
2304236;CE;Croatá;2021;4200
2304251;CE;Cruz;2021;1548
2304269;CE;Deputado Irapuan Pinheiro;2021;13120
2304277;CE;Ereré;2021;12372
2304285;CE;Eusébio;2021;959
2304301;CE;Farias Brito;2021;16615
2304350;CE;Forquilha;2021;8350
2304400;CE;Fortaleza;2021;828
2304459;CE;Fortim;2021;1196
2304509;CE;Frecheirinha;2021;3595
2304608;CE;General Sampaio;2021;3568
2304657;CE;Graça;2021;2649
2304707;CE;Granja;2021;17200
2304806;CE;Granjeiro;2021;3374
2304905;CE;Groaíras;2021;4996
2304954;CE;Guaiúba;2021;4605
2305001;CE;Guaraciaba do Norte;2021;7667
2305100;CE;Guaramiranga;2021;240
2305209;CE;Hidrolândia;2021;17000
2305233;CE;Horizonte;2021;4220
2305266;CE;Ibaretama;2021;13985
2305308;CE;Ibiapina;2021;3818
2305332;CE;Ibicuitinga;2021;9436
2305357;CE;Icapuí;2021;3554
2305407;CE;Icó;2021;44061
2305506;CE;Iguatu;2021;66583
2305605;CE;Independência;2021;41811
2305654;CE;Ipaporanga;2021;6840
2305704;CE;Ipaumirim;2021;12493
2305803;CE;Ipu;2021;10400
2305902;CE;Ipueiras;2021;13990
2306009;CE;Iracema;2021;25680
2306108;CE;Irauçuba;2021;13548
2306207;CE;Itaiçaba;2021;2352
2306256;CE;Itaitinga;2021;2023
2306306;CE;Itapajé;2021;8250
2306405;CE;Itapipoca;2021;15371
2306504;CE;Itapiúna;2021;9589
2306553;CE;Itarema;2021;6312
2306603;CE;Itatira;2021;6453
2306702;CE;Jaguaretama;2021;48752
2306801;CE;Jaguaribara;2021;15866
2306900;CE;Jaguaribe;2021;54218
2307007;CE;Jaguaruana;2021;14997
2307106;CE;Jardim;2021;14900
2307205;CE;Jati;2021;7150
2307254;CE;Jijoca de Jericoacoara;2021;729
2307304;CE;Juazeiro do Norte;2021;11265
2307403;CE;Jucás;2021;33976
2307502;CE;Lavras da Mangabeira;2021;25900
2307601;CE;Limoeiro do Norte;2021;34416
2307635;CE;Madalena;2021;15574
2307650;CE;Maracanaú;2021;1470
2307700;CE;Maranguape;2021;16079
2307809;CE;Marco;2021;7260
2307908;CE;Martinópole;2021;2200
2308005;CE;Massapê;2021;8000
2308104;CE;Mauriti;2021;45000
2308203;CE;Meruoca;2021;680
2308302;CE;Milagres;2021;20700
2308351;CE;Milhã;2021;32542
2308377;CE;Miraíma;2021;7849
2308401;CE;Missão Velha;2021;15900
2308500;CE;Mombaça;2021;32517
2308609;CE;Monsenhor Tabosa;2021;11016
2308708;CE;Morada Nova;2021;90940
2308807;CE;Moraújo;2021;3550
2308906;CE;Morrinhos;2021;5498
2309003;CE;Mucambo;2021;3517
2309102;CE;Mulungu;2021;710
2309201;CE;Nova Olinda;2021;11000
2309300;CE;Nova Russas;2021;10324
2309409;CE;Novo Oriente;2021;13800
2309458;CE;Ocara;2021;10118
2309508;CE;Orós;2021;19884
2309607;CE;Pacajus;2021;5369
2309706;CE;Pacatuba;2021;2364
2309805;CE;Pacoti;2021;980
2309904;CE;Pacujá;2021;1998
2310001;CE;Palhano;2021;3517
2310100;CE;Palmácia;2021;3105
2310209;CE;Paracuru;2021;3725
2310258;CE;Paraipaba;2021;5204
2310308;CE;Parambu;2021;23124
2310407;CE;Paramoti;2021;3211
2310506;CE;Pedra Branca;2021;30102
2310605;CE;Penaforte;2021;6453
2310704;CE;Pentecoste;2021;16960
2310803;CE;Pereiro;2021;7636
2310852;CE;Pindoretama;2021;2997
2310902;CE;Piquet Carneiro;2021;18775
2310951;CE;Pires Ferreira;2021;5500
2311009;CE;Poranga;2021;4880
2311108;CE;Porteiras;2021;16300
2311207;CE;Potengi;2021;12000
2311231;CE;Potiretama;2021;11926
2311264;CE;Quiterianópolis;2021;15290
2311306;CE;Quixadá;2021;42512
2311355;CE;Quixelô;2021;39000
2311405;CE;Quixeramobim;2021;82945
2311504;CE;Quixeré;2021;4402
2311603;CE;Redenção;2021;2125
2311702;CE;Reriutaba;2021;4500
2311801;CE;Russas;2021;23541
2311900;CE;Saboeiro;2021;16102
2311959;CE;Salitre;2021;11000
2312007;CE;Santana do Acaraú;2021;20570
2312106;CE;Santana do Cariri;2021;10350
2312205;CE;Santa Quitéria;2021;39995
2312304;CE;São Benedito;2021;7150
2312403;CE;São Gonçalo do Amarante;2021;5980
2312502;CE;São João do Jaguaribe;2021;7560
2312601;CE;São Luís do Curu;2021;2135
2312700;CE;Senador Pompeu;2021;29425
2312809;CE;Senador Sá;2021;2671
2312908;CE;Sobral;2021;37228
2313005;CE;Solonópole;2021;36852
2313104;CE;Tabuleiro do Norte;2021;22161
2313203;CE;Tamboril;2021;21080
2313252;CE;Tarrafas;2021;7300
2313302;CE;Tauá;2021;46700
2313351;CE;Tejuçuoca;2021;6985
2313401;CE;Tianguá;2021;7025
2313500;CE;Trairi;2021;9841
2313559;CE;Tururu;2021;2532
2313609;CE;Ubajara;2021;4835
2313708;CE;Umari;2021;9709
2313757;CE;Umirim;2021;8366
2313807;CE;Uruburetama;2021;1689
2313906;CE;Uruoca;2021;4318
2313955;CE;Varjota;2021;3544
2314003;CE;Várzea Alegre;2021;28642
2314102;CE;Viçosa do Ceará;2021;9240
2400109;RN;Acari;2021;14450
2400208;RN;Assú;2021;10743
2400307;RN;Afonso Bezerra;2021;7121
2400406;RN;Água Nova;2021;1320
2400505;RN;Alexandria;2021;10500
2400604;RN;Almino Afonso;2021;3025
2400703;RN;Alto do Rodrigues;2021;2212
2400802;RN;Angicos;2021;9400
2400901;RN;Antônio Martins;2021;4565
2401008;RN;Apodi;2021;19152
2401107;RN;Areia Branca;2021;798
2401206;RN;Arez;2021;1400
2401305;RN;Campo Grande;2021;17520
2401404;RN;Baía Formosa;2021;550
2401453;RN;Baraúna;2021;4763
2401503;RN;Barcelona;2021;1300
2401602;RN;Bento Fernandes;2021;5006
2401651;RN;Bodó;2021;2950
2401701;RN;Bom Jesus;2021;4870
2401800;RN;Brejinho;2021;7500
2401859;RN;Caiçara do Norte;2021;866
2401909;RN;Caiçara do Rio do Vento;2021;2399
2402006;RN;Caicó;2021;43100
2402105;RN;Campo Redondo;2021;3100
2402204;RN;Canguaretama;2021;3600
2402303;RN;Caraúbas;2021;18115
2402402;RN;Carnaúba dos Dantas;2021;3430
2402501;RN;Carnaubais;2021;4860
2402600;RN;Ceará-Mirim;2021;21500
2402709;RN;Cerro Corá;2021;4000
2402808;RN;Coronel Ezequiel;2021;2980
2402907;RN;Coronel João Pessoa;2021;2225
2403004;RN;Cruzeta;2021;12739
2403103;RN;Currais Novos;2021;12053
2403202;RN;Doutor Severiano;2021;6200
2403251;RN;Parnamirim;2021;1140
2403301;RN;Encanto;2021;4030
2403400;RN;Equador;2021;1753
2403509;RN;Espírito Santo;2021;4100
2403608;RN;Extremoz;2021;1145
2403707;RN;Felipe Guerra;2021;1837
2403756;RN;Fernando Pedroza;2021;2654
2403806;RN;Florânia;2021;12001
2403905;RN;Francisco Dantas;2021;4460
2404002;RN;Frutuoso Gomes;2021;2500
2404101;RN;Galinhos;2021;411
2404200;RN;Goianinha;2021;8000
2404309;RN;Governador Dix-Sept Rosado;2021;3682
2404408;RN;Grossos;2021;598
2404507;RN;Guamaré;2021;1388
2404606;RN;Ielmo Marinho;2021;11850
2404705;RN;Ipanguaçu;2021;6415
2404804;RN;Ipueira;2021;3900
2404853;RN;Itajá;2021;2650
2404903;RN;Itaú;2021;4218
2405009;RN;Jaçanã;2021;1600
2405108;RN;Jandaíra;2021;3000
2405207;RN;Janduís;2021;6098
2405306;RN;Januário Cicco;2021;5067
2405405;RN;Japi;2021;3400
2405504;RN;Jardim de Angicos;2021;7980
2405603;RN;Jardim de Piranhas;2021;23600
2405702;RN;Jardim do Seridó;2021;12719
2405801;RN;João Câmara;2021;14653
2405900;RN;João Dias;2021;1259
2406007;RN;José da Penha;2021;6000
2406106;RN;Jucurutu;2021;31819
2406155;RN;Jundiá;2021;2270
2406205;RN;Lagoa d'Anta;2021;1800
2406304;RN;Lagoa de Pedras;2021;6000
2406403;RN;Lagoa de Velhos;2021;2750
2406502;RN;Lagoa Nova;2021;5935
2406601;RN;Lagoa Salgada;2021;3500
2406700;RN;Lajes;2021;5957
2406809;RN;Lajes Pintadas;2021;1995
2406908;RN;Lucrécia;2021;1940
2407005;RN;Luís Gomes;2021;1300
2407104;RN;Macaíba;2021;13360
2407203;RN;Macau;2021;1809
2407252;RN;Major Sales;2021;2520
2407302;RN;Marcelino Vieira;2021;8175
2407401;RN;Martins;2021;1533
2407500;RN;Maxaranguape;2021;950
2407609;RN;Messias Targino;2021;6550
2407708;RN;Montanhas;2021;7203
2407807;RN;Monte Alegre;2021;12100
2407906;RN;Monte das Gameleiras;2021;900
2408003;RN;Mossoró;2021;16970
2408102;RN;Natal;2021;271
2408201;RN;Nísia Floresta;2021;5210
2408300;RN;Nova Cruz;2021;25600
2408409;RN;Olho d'Água do Borges;2021;4780
2408508;RN;Ouro Branco;2021;7178
2408607;RN;Paraná;2021;2500
2408706;RN;Paraú;2021;5417
2408805;RN;Parazinho;2021;4178
2408904;RN;Parelhas;2021;10829
2408953;RN;Rio do Fogo;2021;925
2409100;RN;Passa e Fica;2021;3050
2409209;RN;Passagem;2021;2790
2409308;RN;Patu;2021;8920
2409332;RN;Santa Maria;2021;6880
2409407;RN;Pau dos Ferros;2021;10980
2409506;RN;Pedra Grande;2021;1668
2409605;RN;Pedra Preta;2021;3500
2409704;RN;Pedro Avelino;2021;5320
2409803;RN;Pedro Velho;2021;10641
2409902;RN;Pendências;2021;3445
2410009;RN;Pilões;2021;2400
2410108;RN;Poço Branco;2021;8200
2410207;RN;Portalegre;2021;1705
2410256;RN;Porto do Mangue;2021;770
2410306;RN;Serra Caiada;2021;3000
2410405;RN;Pureza;2021;6700
2410504;RN;Rafael Fernandes;2021;2879
2410603;RN;Rafael Godeiro;2021;4400
2410702;RN;Riacho da Cruz;2021;1650
2410801;RN;Riacho de Santana;2021;2615
2410900;RN;Riachuelo;2021;4500
2411007;RN;Rodolfo Fernandes;2021;3783
2411056;RN;Tibau;2021;850
2411106;RN;Ruy Barbosa;2021;2500
2411205;RN;Santa Cruz;2021;7690
2411403;RN;Santana do Matos;2021;19660
2411429;RN;Santana do Seridó;2021;4000
2411502;RN;Santo Antônio;2021;12000
2411601;RN;São Bento do Norte;2021;2354
2411700;RN;São Bento do Trairí;2021;2600
2411809;RN;São Fernando;2021;12800
2411908;RN;São Francisco do Oeste;2021;3150
2412005;RN;São Gonçalo do Amarante;2021;9380
2412104;RN;São João do Sabugi;2021;10580
2412203;RN;São José de Mipibu;2021;8320
2412302;RN;São José do Campestre;2021;9326
2412401;RN;São José do Seridó;2021;7744
2412500;RN;São Miguel;2021;4900
2412559;RN;São Miguel do Gostoso;2021;3850
2412609;RN;São Paulo do Potengi;2021;7470
2412708;RN;São Pedro;2021;4600
2412807;RN;São Rafael;2021;9642
2412906;RN;São Tomé;2021;3000
2413003;RN;São Vicente;2021;4500
2413102;RN;Senador Elói de Souza;2021;2410
2413201;RN;Senador Georgino Avelino;2021;680
2413300;RN;Serra de São Bento;2021;2100
2413359;RN;Serra do Mel;2021;1904
2413409;RN;Serra Negra do Norte;2021;16205
2413508;RN;Serrinha;2021;9400
2413557;RN;Serrinha dos Pintos;2021;3300
2413607;RN;Severiano Melo;2021;4048
2413706;RN;Sítio Novo;2021;1800
2413805;RN;Taboleiro Grande;2021;2500
2413904;RN;Taipu;2021;17400
2414001;RN;Tangará;2021;4500
2414100;RN;Tenente Ananias;2021;4820
2414159;RN;Tenente Laurentino Cruz;2021;2006
2414209;RN;Tibau do Sul;2021;1500
2414308;RN;Timbaúba dos Batistas;2021;6500
2414407;RN;Touros;2021;9300
2414456;RN;Triunfo Potiguar;2021;2805
2414506;RN;Umarizal;2021;10108
2414605;RN;Upanema;2021;9835
2414704;RN;Várzea;2021;2100
2414753;RN;Venha-Ver;2021;2700
2414803;RN;Vera Cruz;2021;6980
2414902;RN;Viçosa;2021;1500
2415008;RN;Vila Flor;2021;78
2500106;PB;Água Branca;2021;7500
2500205;PB;Aguiar;2021;6631
2500304;PB;Alagoa Grande;2021;18100
2500403;PB;Alagoa Nova;2021;3600
2500502;PB;Alagoinha;2021;7405
2500536;PB;Alcantil;2021;4700
2500577;PB;Algodão de Jandaíra;2021;1300
2500601;PB;Alhandra;2021;2700
2500700;PB;São João do Rio do Peixe;2021;17500
2500734;PB;Amparo;2021;2200
2500775;PB;Aparecida;2021;7823
2500809;PB;Araçagi;2021;16293
2500908;PB;Arara;2021;5830
2501005;PB;Araruna;2021;10700
2501104;PB;Areia;2021;11300
2501153;PB;Areia de Baraúnas;2021;1100
2501203;PB;Areial;2021;1000
2501302;PB;Aroeiras;2021;8900
2501351;PB;Assunção;2021;1700
2501401;PB;Baía da Traição;2021;800
2501500;PB;Bananeiras;2021;15567
2501534;PB;Baraúna;2021;1400
2501575;PB;Barra de Santana;2021;8000
2501609;PB;Barra de Santa Rosa;2021;6000
2501708;PB;Barra de São Miguel;2021;3200
2501807;PB;Bayeux;2021;260
2501906;PB;Belém;2021;8247
2502003;PB;Belém do Brejo do Cruz;2021;8900
2502052;PB;Bernardino Batista;2021;1300
2502102;PB;Boa Ventura;2021;4265
2502151;PB;Boa Vista;2021;5050
2502201;PB;Bom Jesus;2021;2245
2502300;PB;Bom Sucesso;2021;7800
2502409;PB;Bonito de Santa Fé;2021;6649
2502508;PB;Boqueirão;2021;8500
2502607;PB;Igaracy;2021;9000
2502706;PB;Borborema;2021;1400
2502805;PB;Brejo do Cruz;2021;8660
2502904;PB;Brejo dos Santos;2021;3828
2503001;PB;Caaporã;2021;1290
2503100;PB;Cabaceiras;2021;2900
2503209;PB;Cabedelo;2021;156
2503308;PB;Cachoeira dos Índios;2021;6835
2503407;PB;Cacimba de Areia;2021;4010
2503506;PB;Cacimba de Dentro;2021;6542
2503555;PB;Cacimbas;2021;1570
2503605;PB;Caiçara;2021;7800
2503704;PB;Cajazeiras;2021;16800
2503753;PB;Cajazeirinhas;2021;8400
2503803;PB;Caldas Brandão;2021;2800
2503902;PB;Camalaú;2021;4300
2504009;PB;Campina Grande;2021;13900
2504033;PB;Capim;2021;1750
2504074;PB;Caraúbas;2021;3500
2504108;PB;Carrapateira;2021;1800
2504157;PB;Casserengue;2021;5900
2504207;PB;Catingueira;2021;5800
2504306;PB;Catolé do Rocha;2021;14200
2504355;PB;Caturité;2021;5500
2504405;PB;Conceição;2021;12509
2504504;PB;Condado;2021;9500
2504603;PB;Conde;2021;2400
2504702;PB;Congo;2021;2400
2504801;PB;Coremas;2021;14000
2504850;PB;Coxixola;2021;1200
2504900;PB;Cruz do Espírito Santo;2021;2100
2505006;PB;Cubati;2021;2300
2505105;PB;Cuité;2021;10280
2505204;PB;Cuitegi;2021;2000
2505238;PB;Cuité de Mamanguape;2021;3500
2505279;PB;Curral de Cima;2021;6600
2505303;PB;Curral Velho;2021;3980
2505352;PB;Damião;2021;4500
2505402;PB;Desterro;2021;4000
2505501;PB;Vista Serrana;2021;1600
2505600;PB;Diamante;2021;5286
2505709;PB;Dona Inês;2021;5700
2505808;PB;Duas Estradas;2021;3000
2505907;PB;Emas;2021;4750
2506004;PB;Esperança;2021;6000
2506103;PB;Fagundes;2021;6000
2506202;PB;Frei Martinho;2021;2650
2506251;PB;Gado Bravo;2021;8200
2506301;PB;Guarabira;2021;13772
2506400;PB;Gurinhém;2021;17700
2506509;PB;Gurjão;2021;3400
2506608;PB;Ibiara;2021;4986
2506707;PB;Imaculada;2021;7200
2506806;PB;Ingá;2021;10000
2506905;PB;Itabaiana;2021;9000
2507002;PB;Itaporanga;2021;14900
2507101;PB;Itapororoca;2021;7900
2507200;PB;Itatuba;2021;10700
2507309;PB;Jacaraú;2021;6500
2507408;PB;Jericó;2021;8900
2507507;PB;João Pessoa;2021;4500
2507606;PB;Juarez Távora;2021;3500
2507705;PB;Juazeirinho;2021;4600
2507804;PB;Junco do Seridó;2021;2757
2507903;PB;Juripiranga;2021;2000
2508000;PB;Juru;2021;11286
2508109;PB;Lagoa;2021;3400
2508208;PB;Lagoa de Dentro;2021;7998
2508307;PB;Lagoa Seca;2021;3400
2508406;PB;Lastro;2021;3300
2508505;PB;Livramento;2021;4200
2508554;PB;Logradouro;2021;3500
2508604;PB;Lucena;2021;350
2508703;PB;Mãe d'Água;2021;1980
2508802;PB;Malta;2021;4600
2508901;PB;Mamanguape;2021;3200
2509008;PB;Manaíra;2021;8500
2509057;PB;Marcação;2021;280
2509107;PB;Mari;2021;11000
2509156;PB;Marizópolis;2021;1200
2509206;PB;Massaranduba;2021;7300
2509305;PB;Mataraca;2021;1200
2509339;PB;Matinhas;2021;1200
2509370;PB;Mato Grosso;2021;2300
2509396;PB;Maturéia;2021;1950
2509404;PB;Mogeiro;2021;9500
2509503;PB;Montadas;2021;1000
2509602;PB;Monte Horebe;2021;1965
2509701;PB;Monteiro;2021;21000
2509800;PB;Mulungu;2021;18000
2509909;PB;Natuba;2021;3300
2510006;PB;Nazarezinho;2021;7200
2510105;PB;Nova Floresta;2021;1350
2510204;PB;Nova Olinda;2021;3200
2510303;PB;Nova Palmeira;2021;2300
2510402;PB;Olho d'Água;2021;10400
2510501;PB;Olivedos;2021;3300
2510600;PB;Ouro Velho;2021;3600
2510659;PB;Parari;2021;1790
2510709;PB;Passagem;2021;1450
2510808;PB;Patos;2021;13400
2510907;PB;Paulista;2021;23200
2511004;PB;Pedra Branca;2021;3700
2511103;PB;Pedra Lavrada;2021;2800
2511202;PB;Pedras de Fogo;2021;4000
2511301;PB;Piancó;2021;20933
2511400;PB;Picuí;2021;9500
2511509;PB;Pilar;2021;5100
2511608;PB;Pilões;2021;3000
2511707;PB;Pilõezinhos;2021;2053
2511806;PB;Pirpirituba;2021;5000
2511905;PB;Pitimbu;2021;750
2512002;PB;Pocinhos;2021;6450
2512036;PB;Poço Dantas;2021;2465
2512077;PB;Poço de José de Moura;2021;5000
2512101;PB;Pombal;2021;30268
2512200;PB;Prata;2021;3200
2512309;PB;Princesa Isabel;2021;13000
2512408;PB;Puxinanã;2021;2985
2512507;PB;Queimadas;2021;16000
2512606;PB;Quixaba;2021;1750
2512705;PB;Remígio;2021;4950
2512721;PB;Pedro Régis;2021;3100
2512747;PB;Riachão;2021;2755
2512754;PB;Riachão do Bacamarte;2021;2200
2512762;PB;Riachão do Poço;2021;3200
2512788;PB;Riacho de Santo Antônio;2021;2200
2512804;PB;Riacho dos Cavalos;2021;10000
2512903;PB;Rio Tinto;2021;2200
2513000;PB;Salgadinho;2021;1250
2513109;PB;Salgado de São Félix;2021;5000
2513158;PB;Santa Cecília;2021;4600
2513208;PB;Santa Cruz;2021;5800
2513307;PB;Santa Helena;2021;12500
2513356;PB;Santa Inês;2021;4000
2513406;PB;Santa Luzia;2021;9000
2513505;PB;Santana de Mangueira;2021;5300
2513604;PB;Santana dos Garrotes;2021;10200
2513653;PB;Joca Claudino;2021;1900
2513703;PB;Santa Rita;2021;4500
2513802;PB;Santa Teresinha;2021;8000
2513851;PB;Santo André;2021;2500
2513901;PB;São Bento;2021;12000
2513927;PB;São Bentinho;2021;5900
2513943;PB;São Domingos do Cariri;2021;1232
2513968;PB;São Domingos;2021;6700
2513984;PB;São Francisco;2021;4500
2514008;PB;São João do Cariri;2021;4900
2514107;PB;São João do Tigre;2021;3005
2514206;PB;São José da Lagoa Tapada;2021;8000
2514305;PB;São José de Caiana;2021;4500
2514404;PB;São José de Espinharas;2021;17000
2514453;PB;São José dos Ramos;2021;5200
2514503;PB;São José de Piranhas;2021;16714
2514552;PB;São José de Princesa;2021;5800
2514602;PB;São José do Bonfim;2021;3000
2514651;PB;São José do Brejo do Cruz;2021;6361
2514701;PB;São José do Sabugi;2021;6000
2514800;PB;São José dos Cordeiros;2021;3800
2514909;PB;São Mamede;2021;8300
2515005;PB;São Miguel de Taipu;2021;4200
2515104;PB;São Sebastião de Lagoa de Roça;2021;1690
2515203;PB;São Sebastião do Umbuzeiro;2021;3819
2515302;PB;Sapé;2021;7500
2515401;PB;São Vicente do Seridó;2021;3200
2515500;PB;Serra Branca;2021;5400
2515609;PB;Serra da Raiz;2021;2600
2515708;PB;Serra Grande;2021;1968
2515807;PB;Serra Redonda;2021;3800
2515906;PB;Serraria;2021;4800
2515930;PB;Sertãozinho;2021;1900
2515971;PB;Sobrado;2021;3600
2516003;PB;Solânea;2021;10500
2516102;PB;Soledade;2021;7500
2516151;PB;Sossêgo;2021;3000
2516201;PB;Sousa;2021;25000
2516300;PB;Sumé;2021;8670
2516409;PB;Tacima;2021;15000
2516508;PB;Taperoá;2021;8883
2516607;PB;Tavares;2021;13500
2516706;PB;Teixeira;2021;2500
2516755;PB;Tenório;2021;1400
2516805;PB;Triunfo;2021;8500
2516904;PB;Uiraúna;2021;10400
2517001;PB;Umbuzeiro;2021;5500
2517100;PB;Várzea;2021;5000
2517209;PB;Vieirópolis;2021;5391
2517407;PB;Zabelê;2021;1790
2600054;PE;Abreu e Lima;2021;678
2600104;PE;Afogados da Ingazeira;2021;13720
2600203;PE;Afrânio;2021;18000
2600302;PE;Agrestina;2021;16507
2600401;PE;Água Preta;2021;32659
2600500;PE;Águas Belas;2021;48402
2600609;PE;Alagoinha;2021;14350
2600708;PE;Aliança;2021;3803
2600807;PE;Altinho;2021;26027
2600906;PE;Amaraji;2021;7452
2601003;PE;Angelim;2021;9083
2601052;PE;Araçoiaba;2021;165
2601102;PE;Araripina;2021;24188
2601201;PE;Arcoverde;2021;15637
2601300;PE;Barra de Guabiraba;2021;6621
2601409;PE;Barreiros;2021;12820
2601508;PE;Belém de Maria;2021;5028
2601607;PE;Belém do São Francisco;2021;4990
2601706;PE;Belo Jardim;2021;11800
2601805;PE;Betânia;2021;4400
2601904;PE;Bezerros;2021;17593
2602001;PE;Bodocó;2021;56598
2602100;PE;Bom Conselho;2021;57826
2602209;PE;Bom Jardim;2021;9470
2602308;PE;Bonito;2021;21700
2602407;PE;Brejão;2021;13500
2602506;PE;Brejinho;2021;4050
2602605;PE;Brejo da Madre de Deus;2021;11250
2602704;PE;Buenos Aires;2021;3408
2602803;PE;Buíque;2021;50125
2602902;PE;Cabo de Santo Agostinho;2021;2741
2603009;PE;Cabrobó;2021;11815
2603108;PE;Cachoeirinha;2021;13700
2603207;PE;Caetés;2021;20237
2603306;PE;Calçado;2021;2450
2603405;PE;Calumbi;2021;1350
2603454;PE;Camaragibe;2021;914
2603504;PE;Camocim de São Félix;2021;8113
2603603;PE;Camutanga;2021;1510
2603702;PE;Canhotinho;2021;31912
2603801;PE;Capoeiras;2021;19072
2603900;PE;Carnaíba;2021;12350
2603926;PE;Carnaubeira da Penha;2021;3896
2604007;PE;Carpina;2021;6025
2604106;PE;Caruaru;2021;19096
2604155;PE;Casinhas;2021;7030
2604205;PE;Catende;2021;5575
2604304;PE;Cedro;2021;9433
2604403;PE;Chã de Alegria;2021;746
2604502;PE;Chã Grande;2021;2365
2604601;PE;Condado;2021;1146
2604700;PE;Correntes;2021;33720
2604809;PE;Cortês;2021;470
2604908;PE;Cumaru;2021;9250
2605004;PE;Cupira;2021;10180
2605103;PE;Custódia;2021;26194
2605152;PE;Dormentes;2021;11150
2605202;PE;Escada;2021;2704
2605301;PE;Exu;2021;48658
2605400;PE;Feira Nova;2021;5043
2605459;PE;Fernando de Noronha;2021;77
2605509;PE;Ferreiros;2021;2198
2605608;PE;Flores;2021;12500
2605707;PE;Floresta;2021;13000
2605806;PE;Frei Miguelinho;2021;7620
2605905;PE;Gameleira;2021;1703
2606002;PE;Garanhuns;2021;26769
2606101;PE;Glória do Goitá;2021;5852
2606200;PE;Goiana;2021;1892
2606309;PE;Granito;2021;20245
2606408;PE;Gravatá;2021;17530
2606507;PE;Iati;2021;29126
2606606;PE;Ibimirim;2021;6198
2606705;PE;Ibirajuba;2021;13040
2606804;PE;Igarassu;2021;2020
2606903;PE;Iguaracy;2021;16700
2607000;PE;Inajá;2021;4900
2607109;PE;Ingazeira;2021;6500
2607208;PE;Ipojuca;2021;2186
2607307;PE;Ipubi;2021;11450
2607406;PE;Itacuruba;2021;765
2607505;PE;Itaíba;2021;66520
2607604;PE;Ilha de Itamaracá;2021;478
2607653;PE;Itambé;2021;3935
2607703;PE;Itapetim;2021;11500
2607752;PE;Itapissuma;2021;261
2607802;PE;Itaquitinga;2021;1082
2607901;PE;Jaboatão dos Guararapes;2021;2500
2607950;PE;Jaqueira;2021;6380
2608008;PE;Jataúba;2021;5437
2608057;PE;Jatobá;2021;1480
2608107;PE;João Alfredo;2021;7380
2608206;PE;Joaquim Nabuco;2021;2754
2608255;PE;Jucati;2021;5000
2608305;PE;Jupi;2021;6000
2608404;PE;Jurema;2021;9880
2608453;PE;Lagoa do Carro;2021;5358
2608503;PE;Lagoa de Itaenga;2021;3150
2608602;PE;Lagoa do Ouro;2021;24319
2608701;PE;Lagoa dos Gatos;2021;6660
2608750;PE;Lagoa Grande;2021;6600
2608800;PE;Lajedo;2021;19050
2608909;PE;Limoeiro;2021;17710
2609006;PE;Macaparana;2021;8036
2609105;PE;Machados;2021;1900
2609154;PE;Manari;2021;9680
2609204;PE;Maraial;2021;7590
2609303;PE;Mirandiba;2021;7350
2609402;PE;Moreno;2021;5584
2609501;PE;Nazaré da Mata;2021;4479
2609600;PE;Olinda;2021;58
2609709;PE;Orobó;2021;6200
2609808;PE;Orocó;2021;3600
2609907;PE;Ouricuri;2021;42357
2610004;PE;Palmares;2021;12712
2610103;PE;Palmeirina;2021;14505
2610202;PE;Panelas;2021;14043
2610301;PE;Paranatama;2021;6144
2610400;PE;Parnamirim;2021;21425
2610509;PE;Passira;2021;11200
2610608;PE;Paudalho;2021;5960
2610707;PE;Paulista;2021;712
2610806;PE;Pedra;2021;43143
2610905;PE;Pesqueira;2021;32677
2611002;PE;Petrolândia;2021;3780
2611101;PE;Petrolina;2021;14500
2611200;PE;Poção;2021;10300
2611309;PE;Pombos;2021;6771
2611408;PE;Primavera;2021;1930
2611507;PE;Quipapá;2021;17248
2611533;PE;Quixaba;2021;7700
2611606;PE;Recife;2021;515
2611705;PE;Riacho das Almas;2021;8058
2611804;PE;Ribeirão;2021;4800
2611903;PE;Rio Formoso;2021;2609
2612000;PE;Sairé;2021;14273
2612109;PE;Salgadinho;2021;2900
2612208;PE;Salgueiro;2021;16715
2612307;PE;Saloá;2021;12694
2612406;PE;Sanharó;2021;17020
2612455;PE;Santa Cruz;2021;6940
2612471;PE;Santa Cruz da Baixa Verde;2021;3500
2612505;PE;Santa Cruz do Capibaribe;2021;4592
2612554;PE;Santa Filomena;2021;4820
2612604;PE;Santa Maria da Boa Vista;2021;10000
2612703;PE;Santa Maria do Cambucá;2021;3400
2612802;PE;Santa Terezinha;2021;4800
2612901;PE;São Benedito do Sul;2021;10153
2613008;PE;São Bento do Una;2021;58875
2613107;PE;São Caitano;2021;19398
2613206;PE;São João;2021;11000
2613305;PE;São Joaquim do Monte;2021;17545
2613404;PE;São José da Coroa Grande;2021;2582
2613503;PE;São José do Belmonte;2021;17500
2613602;PE;São José do Egito;2021;22100
2613701;PE;São Lourenço da Mata;2021;2400
2613800;PE;São Vicente Férrer;2021;5546
2613909;PE;Serra Talhada;2021;35000
2614006;PE;Serrita;2021;23677
2614105;PE;Sertânia;2021;22449
2614204;PE;Sirinhaém;2021;863
2614303;PE;Moreilândia;2021;13345
2614402;PE;Solidão;2021;4200
2614501;PE;Surubim;2021;16700
2614600;PE;Tabira;2021;17600
2614709;PE;Tacaimbó;2021;7950
2614808;PE;Tacaratu;2021;5200
2614857;PE;Tamandaré;2021;6465
2615003;PE;Taquaritinga do Norte;2021;7420
2615102;PE;Terezinha;2021;9326
2615201;PE;Terra Nova;2021;4206
2615300;PE;Timbaúba;2021;13568
2615409;PE;Toritama;2021;1085
2615508;PE;Tracunhaém;2021;2650
2615607;PE;Trindade;2021;4097
2615706;PE;Triunfo;2021;2900
2615805;PE;Tupanatinga;2021;31869
2615904;PE;Tuparetama;2021;6600
2616001;PE;Venturosa;2021;26986
2616100;PE;Verdejante;2021;4180
2616183;PE;Vertente do Lério;2021;4050
2616209;PE;Vertentes;2021;7390
2616308;PE;Vicência;2021;4980
2616407;PE;Vitória de Santo Antão;2021;8526
2616506;PE;Xexéu;2021;7312
2700102;AL;Água Branca;2021;9866
2700201;AL;Anadia;2021;13800
2700300;AL;Arapiraca;2021;19207
2700409;AL;Atalaia;2021;30252
2700508;AL;Barra de Santo Antônio;2021;774
2700607;AL;Barra de São Miguel;2021;328
2700706;AL;Batalha;2021;17100
2700805;AL;Belém;2021;6266
2700904;AL;Belo Monte;2021;11555
2701001;AL;Boca da Mata;2021;13375
2701100;AL;Branquinha;2021;8788
2701209;AL;Cacimbinhas;2021;18220
2701308;AL;Cajueiro;2021;8900
2701357;AL;Campestre;2021;2600
2701407;AL;Campo Alegre;2021;3237
2701506;AL;Campo Grande;2021;19000
2701605;AL;Canapi;2021;19874
2701704;AL;Capela;2021;18150
2701803;AL;Carneiros;2021;4809
2701902;AL;Chã Preta;2021;29559
2702009;AL;Coité do Nóia;2021;6313
2702108;AL;Colônia Leopoldina;2021;6546
2702207;AL;Coqueiro Seco;2021;150
2702306;AL;Coruripe;2021;5638
2702355;AL;Craíbas;2021;12779
2702405;AL;Delmiro Gouveia;2021;8584
2702504;AL;Dois Riachos;2021;11500
2702553;AL;Estrela de Alagoas;2021;12374
2702603;AL;Feira Grande;2021;12524
2702702;AL;Feliz Deserto;2021;1130
2702801;AL;Flexeiras;2021;13965
2702900;AL;Girau do Ponciano;2021;33600
2703007;AL;Ibateguara;2021;15674
2703106;AL;Igaci;2021;18270
2703205;AL;Igreja Nova;2021;34000
2703304;AL;Inhapi;2021;16503
2703403;AL;Jacaré dos Homens;2021;9488
2703502;AL;Jacuípe;2021;15000
2703601;AL;Japaratinga;2021;2660
2703700;AL;Jaramataia;2021;5658
2703759;AL;Jequiá da Praia;2021;1462
2703809;AL;Joaquim Gomes;2021;20409
2703908;AL;Jundiá;2021;6454
2704005;AL;Junqueiro;2021;9910
2704104;AL;Lagoa da Canoa;2021;5015
2704203;AL;Limoeiro de Anadia;2021;13551
2704302;AL;Maceió;2021;4136
2704401;AL;Major Isidoro;2021;31280
2704500;AL;Maragogi;2021;12747
2704609;AL;Maravilha;2021;11007
2704708;AL;Marechal Deodoro;2021;3618
2704807;AL;Maribondo;2021;19000
2704906;AL;Mar Vermelho;2021;9456
2705002;AL;Mata Grande;2021;18959
2705101;AL;Matriz de Camaragibe;2021;12205
2705200;AL;Messias;2021;2730
2705309;AL;Minador do Negrão;2021;13883
2705408;AL;Monteirópolis;2021;6929
2705507;AL;Murici;2021;26543
2705606;AL;Novo Lino;2021;8601
2705705;AL;Olho d'Água das Flores;2021;9541
2705804;AL;Olho d'Água do Casado;2021;7712
2705903;AL;Olho d'Água Grande;2021;11414
2706000;AL;Olivença;2021;10341
2706109;AL;Ouro Branco;2021;7778
2706208;AL;Palestina;2021;1682
2706307;AL;Palmeira dos Índios;2021;38900
2706406;AL;Pão de Açúcar;2021;22210
2706422;AL;Pariconha;2021;5000
2706448;AL;Paripueira;2021;117
2706505;AL;Passo de Camaragibe;2021;8000
2706604;AL;Paulo Jacinto;2021;12500
2706703;AL;Penedo;2021;18800
2706802;AL;Piaçabuçu;2021;4800
2706901;AL;Pilar;2021;8813
2707008;AL;Pindoba;2021;15906
2707107;AL;Piranhas;2021;14500
2707206;AL;Poço das Trincheiras;2021;12290
2707305;AL;Porto Calvo;2021;28000
2707404;AL;Porto de Pedras;2021;9300
2707503;AL;Porto Real do Colégio;2021;18000
2707602;AL;Quebrangulo;2021;29000
2707701;AL;Rio Largo;2021;5706
2707800;AL;Roteiro;2021;1951
2707909;AL;Santa Luzia do Norte;2021;605
2708006;AL;Santana do Ipanema;2021;21618
2708105;AL;Santana do Mundaú;2021;18886
2708204;AL;São Brás;2021;8400
2708303;AL;São José da Laje;2021;13646
2708402;AL;São José da Tapera;2021;23289
2708501;AL;São Luís do Quitunde;2021;12876
2708600;AL;São Miguel dos Campos;2021;5324
2708709;AL;São Miguel dos Milagres;2021;2778
2708808;AL;São Sebastião;2021;22000
2708907;AL;Satuba;2021;2203
2708956;AL;Senador Rui Palmeira;2021;14634
2709004;AL;Tanque d'Arca;2021;11160
2709103;AL;Taquarana;2021;15429
2709152;AL;Teotônio Vilela;2021;7300
2709202;AL;Traipu;2021;27392
2709301;AL;União dos Palmares;2021;38000
2709400;AL;Viçosa;2021;37524
2800100;SE;Amparo do São Francisco;2021;2163
2800209;SE;Aquidabã;2021;25017
2800308;SE;Aracaju;2021;665
2800407;SE;Arauá;2021;14752
2800506;SE;Areia Branca;2021;2697
2800605;SE;Barra dos Coqueiros;2021;857
2800670;SE;Boquim;2021;19075
2800704;SE;Brejo Grande;2021;3836
2801009;SE;Campo do Brito;2021;14240
2801108;SE;Canhoba;2021;9048
2801207;SE;Canindé de São Francisco;2021;25860
2801306;SE;Capela;2021;20560
2801405;SE;Carira;2021;38072
2801504;SE;Carmópolis;2021;2803
2801603;SE;Cedro de São João;2021;4849
2801702;SE;Cristinápolis;2021;12418
2801900;SE;Cumbe;2021;7780
2802007;SE;Divina Pastora;2021;6511
2802106;SE;Estância;2021;26864
2802205;SE;Feira Nova;2021;9270
2802304;SE;Frei Paulo;2021;29426
2802403;SE;Gararu;2021;22430
2802502;SE;General Maynard;2021;2052
2802601;SE;Graccho Cardoso;2021;9280
2802700;SE;Ilha das Flores;2021;2380
2802809;SE;Indiaroba;2021;8066
2802908;SE;Itabaiana;2021;36757
2803005;SE;Itabaianinha;2021;36840
2803104;SE;Itabi;2021;10680
2803203;SE;Itaporanga d'Ajuda;2021;28221
2803302;SE;Japaratuba;2021;9629
2803401;SE;Japoatã;2021;13584
2803500;SE;Lagarto;2021;61434
2803609;SE;Laranjeiras;2021;3223
2803708;SE;Macambira;2021;11803
2803807;SE;Malhada dos Bois;2021;4298
2803906;SE;Malhador;2021;4964
2804003;SE;Maruim;2021;3846
2804102;SE;Moita Bonita;2021;8575
2804201;SE;Monte Alegre de Sergipe;2021;23750
2804300;SE;Muribeca;2021;6538
2804409;SE;Neópolis;2021;8276
2804458;SE;Nossa Senhora Aparecida;2021;19434
2804508;SE;Nossa Senhora da Glória;2021;44130
2804607;SE;Nossa Senhora das Dores;2021;35750
2804706;SE;Nossa Senhora de Lourdes;2021;8170
2804805;SE;Nossa Senhora do Socorro;2021;2992
2804904;SE;Pacatuba;2021;10798
2805000;SE;Pedra Mole;2021;5029
2805109;SE;Pedrinhas;2021;3946
2805208;SE;Pinhão;2021;6590
2805307;SE;Pirambu;2021;1966
2805406;SE;Poço Redondo;2021;43160
2805505;SE;Poço Verde;2021;18685
2805604;SE;Porto da Folha;2021;38570
2805703;SE;Propriá;2021;6605
2805802;SE;Riachão do Dantas;2021;33757
2805901;SE;Riachuelo;2021;2224
2806008;SE;Ribeirópolis;2021;20834
2806107;SE;Rosário do Catete;2021;4985
2806206;SE;Salgado;2021;12672
2806305;SE;Santa Luzia do Itanhy;2021;10529
2806404;SE;Santana do São Francisco;2021;1205
2806503;SE;Santa Rosa de Lima;2021;6019
2806602;SE;Santo Amaro das Brotas;2021;4481
2806701;SE;São Cristóvão;2021;11021
2806800;SE;São Domingos;2021;3466
2806909;SE;São Francisco;2021;5705
2807006;SE;São Miguel do Aleixo;2021;8962
2807105;SE;Simão Dias;2021;34580
2807204;SE;Siriri;2021;7920
2807303;SE;Telha;2021;4106
2807402;SE;Tobias Barreto;2021;52075
2807501;SE;Tomar do Geru;2021;21319
2807600;SE;Umbaúba;2021;5747
2900108;BA;Abaíra;2021;2429
2900207;BA;Abaré;2021;5859
2900306;BA;Acajutiba;2021;13559
2900355;BA;Adustina;2021;18763
2900405;BA;Água Fria;2021;9179
2900504;BA;Érico Cardoso;2021;2906
2900603;BA;Aiquara;2021;15190
2900702;BA;Alagoinhas;2021;22106
2900801;BA;Alcobaça;2021;41824
2900900;BA;Almadina;2021;11980
2901007;BA;Amargosa;2021;32450
2901106;BA;Amélia Rodrigues;2021;9513
2901155;BA;América Dourada;2021;13399
2901205;BA;Anagé;2021;28116
2901304;BA;Andaraí;2021;20895
2901353;BA;Andorinha;2021;16189
2901403;BA;Angical;2021;116848
2901502;BA;Anguera;2021;8731
2901601;BA;Antas;2021;17338
2901700;BA;Antônio Cardoso;2021;14572
2901809;BA;Antônio Gonçalves;2021;5793
2901908;BA;Aporá;2021;28094
2901957;BA;Apuarema;2021;5760
2902005;BA;Aracatu;2021;38188
2902054;BA;Araçás;2021;5478
2902104;BA;Araci;2021;23392
2902203;BA;Aramari;2021;6649
2902252;BA;Arataca;2021;1878
2902302;BA;Aratuípe;2021;3997
2902401;BA;Aurelino Leal;2021;25623
2902500;BA;Baianópolis;2021;48127
2902609;BA;Baixa Grande;2021;34542
2902658;BA;Banzaê;2021;14669
2902708;BA;Barra;2021;38000
2902807;BA;Barra da Estiva;2021;16247
2902906;BA;Barra do Choça;2021;27482
2903003;BA;Barra do Mendes;2021;11693
2903102;BA;Barra do Rocha;2021;6812
2903201;BA;Barreiras;2021;92522
2903235;BA;Barro Alto;2021;6949
2903276;BA;Barrocas;2021;6420
2903300;BA;Barro Preto;2021;6000
2903409;BA;Belmonte;2021;36640
2903508;BA;Belo Campo;2021;16053
2903607;BA;Biritinga;2021;15390
2903706;BA;Boa Nova;2021;20138
2903805;BA;Boa Vista do Tupim;2021;62452
2903904;BA;Bom Jesus da Lapa;2021;68833
2903953;BA;Bom Jesus da Serra;2021;8837
2904001;BA;Boninal;2021;11767
2904050;BA;Bonito;2021;6557
2904100;BA;Boquira;2021;15877
2904209;BA;Botuporã;2021;20605
2904308;BA;Brejões;2021;17188
2904407;BA;Brejolândia;2021;110327
2904506;BA;Brotas de Macaúbas;2021;12357
2904605;BA;Brumado;2021;63317
2904704;BA;Buerarema;2021;11500
2904753;BA;Buritirama;2021;31412
2904803;BA;Caatiba;2021;46095
2904852;BA;Cabaceiras do Paraguaçu;2021;5263
2904902;BA;Cachoeira;2021;11030
2905008;BA;Caculé;2021;21482
2905107;BA;Caém;2021;16770
2905156;BA;Caetanos;2021;11865
2905206;BA;Caetité;2021;32628
2905305;BA;Cafarnaum;2021;11695
2905404;BA;Cairu;2021;28
2905503;BA;Caldeirão Grande;2021;11230
2905602;BA;Camacan;2021;16990
2905701;BA;Camaçari;2021;2267
2905800;BA;Camamu;2021;2375
2905909;BA;Campo Alegre de Lourdes;2021;15071
2906006;BA;Campo Formoso;2021;48000
2906105;BA;Canápolis;2021;25189
2906204;BA;Canarana;2021;11286
2906303;BA;Canavieiras;2021;50408
2906402;BA;Candeal;2021;19118
2906501;BA;Candeias;2021;8301
2906600;BA;Candiba;2021;26646
2906709;BA;Cândido Sales;2021;14938
2906808;BA;Cansanção;2021;15695
2906824;BA;Canudos;2021;6167
2906857;BA;Capela do Alto Alegre;2021;29793
2906873;BA;Capim Grosso;2021;19413
2906899;BA;Caraíbas;2021;14748
2906907;BA;Caravelas;2021;62698
2907004;BA;Cardeal da Silva;2021;6193
2907103;BA;Carinhanha;2021;75348
2907202;BA;Casa Nova;2021;17290
2907301;BA;Castro Alves;2021;38297
2907400;BA;Catolândia;2021;15423
2907509;BA;Catu;2021;16087
2907558;BA;Caturama;2021;18633
2907608;BA;Central;2021;6832
2907707;BA;Chorrochó;2021;4735
2907806;BA;Cícero Dantas;2021;33005
2907905;BA;Cipó;2021;5656
2908002;BA;Coaraci;2021;13000
2908101;BA;Cocos;2021;59332
2908200;BA;Conceição da Feira;2021;7339
2908309;BA;Conceição do Almeida;2021;23375
2908408;BA;Conceição do Coité;2021;26510
2908507;BA;Conceição do Jacuípe;2021;11631
2908606;BA;Conde;2021;18352
2908705;BA;Condeúba;2021;23522
2908804;BA;Contendas do Sincorá;2021;8068
2908903;BA;Coração de Maria;2021;19992
2909000;BA;Cordeiros;2021;9499
2909109;BA;Coribe;2021;98076
2909208;BA;Coronel João Sá;2021;30248
2909307;BA;Correntina;2021;137675
2909406;BA;Cotegipe;2021;119492
2909505;BA;Cravolândia;2021;5620
2909604;BA;Crisópolis;2021;28509
2909703;BA;Cristópolis;2021;33903
2909802;BA;Cruz das Almas;2021;6157
2909901;BA;Curaçá;2021;7971
2910008;BA;Dário Meira;2021;22372
2910057;BA;Dias d'Ávila;2021;795
2910107;BA;Dom Basílio;2021;14408
2910206;BA;Dom Macedo Costa;2021;11909
2910305;BA;Elísio Medrado;2021;12787
2910404;BA;Encruzilhada;2021;37535
2910503;BA;Entre Rios;2021;28810
2910602;BA;Esplanada;2021;24273
2910701;BA;Euclides da Cunha;2021;51895
2910727;BA;Eunápolis;2021;75308
2910750;BA;Fátima;2021;17261
2910776;BA;Feira da Mata;2021;38325
2910800;BA;Feira de Santana;2021;55678
2910859;BA;Filadélfia;2021;20695
2910909;BA;Firmino Alves;2021;23705
2911006;BA;Floresta Azul;2021;31371
2911105;BA;Formosa do Rio Preto;2021;71850
2911204;BA;Gandu;2021;3329
2911253;BA;Gavião;2021;15822
2911303;BA;Gentio do Ouro;2021;5501
2911402;BA;Glória;2021;4780
2911501;BA;Gongogi;2021;33469
2911600;BA;Governador Mangabeira;2021;1471
2911659;BA;Guajeru;2021;18416
2911709;BA;Guanambi;2021;69285
2911808;BA;Guaratinga;2021;145277
2911857;BA;Heliópolis;2021;20852
2911907;BA;Iaçu;2021;48297
2912004;BA;Ibiassucê;2021;15647
2912103;BA;Ibicaraí;2021;19842
2912202;BA;Ibicoara;2021;9685
2912301;BA;Ibicuí;2021;116044
2912400;BA;Ibipeba;2021;11627
2912509;BA;Ibipitanga;2021;13998
2912608;BA;Ibiquera;2021;16896
2912707;BA;Ibirapitanga;2021;2671
2912806;BA;Ibirapuã;2021;62239
2912905;BA;Ibirataia;2021;8859
2913002;BA;Ibitiara;2021;15200
2913101;BA;Ibititá;2021;10437
2913200;BA;Ibotirama;2021;16734
2913309;BA;Ichu;2021;4064
2913408;BA;Igaporã;2021;23618
2913457;BA;Igrapiúna;2021;233
2913507;BA;Iguaí;2021;52476
2913606;BA;Ilhéus;2021;16402
2913705;BA;Inhambupe;2021;34840
2913804;BA;Ipecaetá;2021;13310
2913903;BA;Ipiaú;2021;15053
2914000;BA;Ipirá;2021;103278
2914109;BA;Ipupiara;2021;7029
2914208;BA;Irajuba;2021;6890
2914307;BA;Iramaia;2021;29274
2914406;BA;Iraquara;2021;9500
2914505;BA;Irará;2021;9339
2914604;BA;Irecê;2021;9710
2914653;BA;Itabela;2021;46381
2914703;BA;Itaberaba;2021;56933
2914802;BA;Itabuna;2021;26642
2914901;BA;Itacaré;2021;1699
2915007;BA;Itaeté;2021;26514
2915106;BA;Itagi;2021;9181
2915205;BA;Itagibá;2021;72438
2915304;BA;Itagimirim;2021;74172
2915353;BA;Itaguaçu da Bahia;2021;14436
2915403;BA;Itaju do Colônia;2021;72902
2915502;BA;Itajuípe;2021;6476
2915601;BA;Itamaraju;2021;185296
2915700;BA;Itamari;2021;2737
2915809;BA;Itambé;2021;131619
2915908;BA;Itanagra;2021;7643
2916005;BA;Itanhém;2021;164343
2916104;BA;Itaparica;2021;145
2916203;BA;Itapé;2021;49766
2916302;BA;Itapebi;2021;82993
2916401;BA;Itapetinga;2021;133929
2916500;BA;Itapicuru;2021;28336
2916609;BA;Itapitanga;2021;42220
2916708;BA;Itaquara;2021;7937
2916807;BA;Itarantim;2021;150997
2916856;BA;Itatim;2021;8429
2916906;BA;Itiruçu;2021;11060
2917003;BA;Itiúba;2021;41126
2917102;BA;Itororó;2021;36402
2917201;BA;Ituaçu;2021;8783
2917300;BA;Ituberá;2021;114
2917334;BA;Iuiu;2021;71687
2917359;BA;Jaborandi;2021;102101
2917409;BA;Jacaraci;2021;24778
2917508;BA;Jacobina;2021;42058
2917607;BA;Jaguaquara;2021;26399
2917706;BA;Jaguarari;2021;10537
2917805;BA;Jaguaripe;2021;6808
2917904;BA;Jandaíra;2021;16722
2918001;BA;Jequié;2021;49517
2918100;BA;Jeremoabo;2021;51184
2918209;BA;Jiquiriçá;2021;4540
2918308;BA;Jitaúna;2021;7144
2918357;BA;João Dourado;2021;15826
2918407;BA;Juazeiro;2021;11229
2918456;BA;Jucuruçu;2021;90730
2918506;BA;Jussara;2021;10034
2918555;BA;Jussari;2021;22346
2918605;BA;Jussiape;2021;7505
2918704;BA;Lafaiete Coutinho;2021;14458
2918753;BA;Lagoa Real;2021;16505
2918803;BA;Laje;2021;18910
2918902;BA;Lajedão;2021;53633
2919009;BA;Lajedinho;2021;14167
2919058;BA;Lajedo do Tabocal;2021;8341
2919108;BA;Lamarão;2021;6500
2919157;BA;Lapão;2021;9515
2919207;BA;Lauro de Freitas;2021;234
2919306;BA;Lençóis;2021;3493
2919405;BA;Licínio de Almeida;2021;15706
2919504;BA;Livramento de Nossa Senhora;2021;34745
2919553;BA;Luís Eduardo Magalhães;2021;55907
2919603;BA;Macajuba;2021;17870
2919702;BA;Macarani;2021;113097
2919801;BA;Macaúbas;2021;34174
2919900;BA;Macururé;2021;2122
2919959;BA;Maetinga;2021;7770
2920007;BA;Maiquinique;2021;52186
2920106;BA;Mairi;2021;35418
2920205;BA;Malhada;2021;80397
2920304;BA;Malhada de Pedras;2021;15688
2920403;BA;Manoel Vitorino;2021;52192
2920452;BA;Mansidão;2021;22628
2920502;BA;Maracás;2021;45698
2920601;BA;Maragogipe;2021;7488
2920700;BA;Maraú;2021;4305
2920809;BA;Marcionílio Souza;2021;43374
2920908;BA;Mascote;2021;24519
2921005;BA;Mata de São João;2021;13586
2921054;BA;Matina;2021;30143
2921104;BA;Medeiros Neto;2021;128678
2921203;BA;Miguel Calmon;2021;35206
2921302;BA;Milagres;2021;4615
2921401;BA;Mirangaba;2021;21295
2921450;BA;Mirante;2021;15706
2921500;BA;Monte Santo;2021;31425
2921609;BA;Morpará;2021;23787
2921708;BA;Morro do Chapéu;2021;39298
2921807;BA;Mortugaba;2021;10329
2921906;BA;Mucugê;2021;6469
2922003;BA;Mucuri;2021;44606
2922052;BA;Mulungu do Morro;2021;3587
2922102;BA;Mundo Novo;2021;55832
2922201;BA;Muniz Ferreira;2021;7087
2922250;BA;Muquém do São Francisco;2021;91818
2922300;BA;Muritiba;2021;3165
2922409;BA;Mutuípe;2021;12071
2922508;BA;Nazaré;2021;7082
2922607;BA;Nilo Peçanha;2021;372
2922656;BA;Nordestina;2021;6297
2922706;BA;Nova Canaã;2021;57014
2922730;BA;Nova Fátima;2021;16605
2922755;BA;Nova Ibiá;2021;2454
2922805;BA;Nova Itarana;2021;9273
2922854;BA;Nova Redenção;2021;23048
2922904;BA;Nova Soure;2021;25417
2923001;BA;Nova Viçosa;2021;27624
2923035;BA;Novo Horizonte;2021;8781
2923050;BA;Novo Triunfo;2021;7188
2923100;BA;Olindina;2021;22792
2923209;BA;Oliveira dos Brejinhos;2021;30500
2923308;BA;Ouriçangas;2021;7875
2923357;BA;Ourolândia;2021;16071
2923407;BA;Palmas de Monte Alto;2021;105803
2923506;BA;Palmeiras;2021;3111
2923605;BA;Paramirim;2021;16746
2923704;BA;Paratinga;2021;44902
2923803;BA;Paripiranga;2021;22995
2923902;BA;Pau Brasil;2021;33551
2924009;BA;Paulo Afonso;2021;15916
2924058;BA;Pé de Serra;2021;30438
2924108;BA;Pedrão;2021;9130
2924207;BA;Pedro Alexandre;2021;32680
2924306;BA;Piatã;2021;5820
2924405;BA;Pilão Arcado;2021;20606
2924504;BA;Pindaí;2021;31878
2924603;BA;Pindobaçu;2021;12989
2924652;BA;Pintadas;2021;28587
2924678;BA;Piraí do Norte;2021;2372
2924702;BA;Piripá;2021;9583
2924801;BA;Piritiba;2021;33277
2924900;BA;Planaltino;2021;20925
2925006;BA;Planalto;2021;36333
2925105;BA;Poções;2021;33090
2925204;BA;Pojuca;2021;9055
2925253;BA;Ponto Novo;2021;11625
2925303;BA;Porto Seguro;2021;47012
2925402;BA;Potiraguá;2021;73010
2925501;BA;Prado;2021;93374
2925600;BA;Presidente Dutra;2021;3983
2925709;BA;Presidente Jânio Quadros;2021;21358
2925758;BA;Presidente Tancredo Neves;2021;5222
2925808;BA;Queimadas;2021;47215
2925907;BA;Quijingue;2021;24517
2925931;BA;Quixabeira;2021;8157
2925956;BA;Rafael Jambeiro;2021;32580
2926004;BA;Remanso;2021;26710
2926103;BA;Retirolândia;2021;4655
2926202;BA;Riachão das Neves;2021;113143
2926301;BA;Riachão do Jacuípe;2021;45100
2926400;BA;Riacho de Santana;2021;95050
2926509;BA;Ribeira do Amparo;2021;16649
2926608;BA;Ribeira do Pombal;2021;47872
2926657;BA;Ribeirão do Largo;2021;70140
2926707;BA;Rio de Contas;2021;8969
2926806;BA;Rio do Antônio;2021;18871
2926905;BA;Rio do Pires;2021;11347
2927002;BA;Rio Real;2021;34649
2927101;BA;Rodelas;2021;684
2927200;BA;Ruy Barbosa;2021;44793
2927309;BA;Salinas da Margarida;2021;112
2927408;BA;Salvador;2021;198
2927507;BA;Santa Bárbara;2021;14543
2927606;BA;Santa Brígida;2021;18996
2927705;BA;Santa Cruz Cabrália;2021;16620
2927804;BA;Santa Cruz da Vitória;2021;25026
2927903;BA;Santa Inês;2021;4827
2928000;BA;Santaluz;2021;30977
2928059;BA;Santa Luzia;2021;10647
2928109;BA;Santa Maria da Vitória;2021;88628
2928208;BA;Santana;2021;128781
2928307;BA;Santanópolis;2021;19957
2928406;BA;Santa Rita de Cássia;2021;128781
2928505;BA;Santa Terezinha;2021;6462
2928604;BA;Santo Amaro;2021;16126
2928703;BA;Santo Antônio de Jesus;2021;18770
2928802;BA;Santo Estêvão;2021;11600
2928901;BA;São Desidério;2021;77696
2928950;BA;São Domingos;2021;8074
2929008;BA;São Félix;2021;4026
2929057;BA;São Félix do Coribe;2021;63954
2929107;BA;São Felipe;2021;13469
2929206;BA;São Francisco do Conde;2021;6407
2929255;BA;São Gabriel;2021;9326
2929305;BA;São Gonçalo dos Campos;2021;13280
2929354;BA;São José da Vitória;2021;2899
2929370;BA;São José do Jacuípe;2021;14576
2929404;BA;São Miguel das Matas;2021;11250
2929503;BA;São Sebastião do Passé;2021;33715
2929602;BA;Sapeaçu;2021;6746
2929701;BA;Sátiro Dias;2021;19664
2929750;BA;Saubara;2021;324
2929800;BA;Saúde;2021;10939
2929909;BA;Seabra;2021;15489
2930006;BA;Sebastião Laranjeiras;2021;39170
2930105;BA;Senhor do Bonfim;2021;21178
2930154;BA;Serra do Ramalho;2021;87402
2930204;BA;Sento Sé;2021;33851
2930303;BA;Serra Dourada;2021;95293
2930402;BA;Serra Preta;2021;30024
2930501;BA;Serrinha;2021;17442
2930600;BA;Serrolândia;2021;11416
2930709;BA;Simões Filho;2021;1437
2930758;BA;Sítio do Mato;2021;54181
2930766;BA;Sítio do Quinto;2021;23582
2930774;BA;Sobradinho;2021;4190
2930808;BA;Souto Soares;2021;3464
2930907;BA;Tabocas do Brejo Velho;2021;39568
2931004;BA;Tanhaçu;2021;34073
2931053;BA;Tanque Novo;2021;11569
2931103;BA;Tanquinho;2021;8540
2931202;BA;Taperoá;2021;859
2931301;BA;Tapiramutá;2021;24328
2931350;BA;Teixeira de Freitas;2021;88357
2931400;BA;Teodoro Sampaio;2021;14426
2931509;BA;Teofilândia;2021;11540
2931608;BA;Teolândia;2021;1801
2931707;BA;Terra Nova;2021;16980
2931806;BA;Tremedal;2021;34873
2931905;BA;Tucano;2021;42469
2932002;BA;Uauá;2021;4585
2932101;BA;Ubaíra;2021;20444
2932200;BA;Ubaitaba;2021;5693
2932309;BA;Ubatã;2021;3270
2932408;BA;Uibaí;2021;4054
2932457;BA;Umburanas;2021;8144
2932507;BA;Una;2021;6273
2932606;BA;Urandi;2021;25781
2932705;BA;Uruçuca;2021;3033
2932804;BA;Utinga;2021;20755
2932903;BA;Valença;2021;5826
2933000;BA;Valente;2021;6083
2933059;BA;Várzea da Roça;2021;16762
2933109;BA;Várzea do Poço;2021;9751
2933158;BA;Várzea Nova;2021;9512
2933174;BA;Varzedo;2021;12921
2933208;BA;Vera Cruz;2021;190
2933257;BA;Vereda;2021;67692
2933307;BA;Vitória da Conquista;2021;126219
2933406;BA;Wagner;2021;2880
2933455;BA;Wanderley;2021;113892
2933505;BA;Wenceslau Guimarães;2021;7652
2933604;BA;Xique-Xique;2021;22643
3100104;MG;Abadia dos Dourados;2021;55027
3100203;MG;Abaeté;2021;107096
3100302;MG;Abre Campo;2021;23919
3100401;MG;Acaiaca;2021;4337
3100500;MG;Açucena;2021;42293
3100609;MG;Água Boa;2021;63346
3100708;MG;Água Comprida;2021;7986
3100807;MG;Aguanil;2021;15131
3100906;MG;Águas Formosas;2021;48579
3101003;MG;Águas Vermelhas;2021;8490
3101102;MG;Aimorés;2021;75675
3101201;MG;Aiuruoca;2021;27528
3101300;MG;Alagoa;2021;7917
3101409;MG;Albertina;2021;2094
3101508;MG;Além Paraíba;2021;30706
3101607;MG;Alfenas;2021;30077
3101631;MG;Alfredo Vasconcelos;2021;6194
3101706;MG;Almenara;2021;76821
3101805;MG;Alpercata;2021;16350
3101904;MG;Alpinópolis;2021;28598
3102001;MG;Alterosa;2021;22179
3102050;MG;Alto Caparaó;2021;875
3102100;MG;Alto Rio Doce;2021;21109
3102209;MG;Alvarenga;2021;15712
3102308;MG;Alvinópolis;2021;21519
3102407;MG;Alvorada de Minas;2021;15107
3102506;MG;Amparo do Serra;2021;8463
3102605;MG;Andradas;2021;18661
3102704;MG;Cachoeira de Pajeú;2021;14537
3102803;MG;Andrelândia;2021;28801
3102852;MG;Angelândia;2021;2857
3102902;MG;Antônio Carlos;2021;18473
3103009;MG;Antônio Dias;2021;13528
3103108;MG;Antônio Prado de Minas;2021;6004
3103207;MG;Araçaí;2021;7057
3103306;MG;Aracitaba;2021;5666
3103405;MG;Araçuaí;2021;34995
3103504;MG;Araguari;2021;162039
3103603;MG;Arantina;2021;3291
3103702;MG;Araponga;2021;5910
3103751;MG;Araporã;2021;6160
3103801;MG;Arapuá;2021;23044
3103900;MG;Araújos;2021;24711
3104007;MG;Araxá;2021;60461
3104106;MG;Arceburgo;2021;13375
3104205;MG;Arcos;2021;35879
3104304;MG;Areado;2021;19116
3104403;MG;Argirita;2021;10878
3104452;MG;Aricanduva;2021;6985
3104502;MG;Arinos;2021;114328
3104601;MG;Astolfo Dutra;2021;12080
3104700;MG;Ataléia;2021;116142
3104809;MG;Augusto de Lima;2021;32776
3104908;MG;Baependi;2021;39403
3105004;MG;Baldim;2021;17824
3105103;MG;Bambuí;2021;98834
3105202;MG;Bandeira;2021;25077
3105301;MG;Bandeira do Sul;2021;2421
3105400;MG;Barão de Cocais;2021;4079
3105509;MG;Barão do Monte Alto;2021;20639
3105608;MG;Barbacena;2021;28367
3105707;MG;Barra Longa;2021;19583
3105905;MG;Barroso;2021;3660
3106002;MG;Bela Vista de Minas;2021;1821
3106101;MG;Belmiro Braga;2021;18402
3106200;MG;Belo Horizonte;2021;295
3106309;MG;Belo Oriente;2021;7827
3106408;MG;Belo Vale;2021;14857
3106507;MG;Berilo;2021;8046
3106606;MG;Bertópolis;2021;33959
3106655;MG;Berizal;2021;16649
3106705;MG;Betim;2021;8190
3106804;MG;Bias Fortes;2021;15013
3106903;MG;Bicas;2021;9698
3107000;MG;Biquinhas;2021;25692
3107109;MG;Boa Esperança;2021;25994
3107208;MG;Bocaina de Minas;2021;13398
3107307;MG;Bocaiúva;2021;77090
3107406;MG;Bom Despacho;2021;82251
3107505;MG;Bom Jardim de Minas;2021;8300
3107604;MG;Bom Jesus da Penha;2021;8170
3107703;MG;Bom Jesus do Amparo;2021;9512
3107802;MG;Bom Jesus do Galho;2021;25674
3107901;MG;Bom Repouso;2021;14573
3108008;MG;Bom Sucesso;2021;40480
3108107;MG;Bonfim;2021;12718
3108206;MG;Bonfinópolis de Minas;2021;45729
3108255;MG;Bonito de Minas;2021;15553
3108305;MG;Borda da Mata;2021;25647
3108404;MG;Botelhos;2021;16430
3108503;MG;Botumirim;2021;10313
3108552;MG;Brasilândia de Minas;2021;61493
3108602;MG;Brasília de Minas;2021;39433
3108701;MG;Brás Pires;2021;4642
3108800;MG;Braúnas;2021;16319
3108909;MG;Brazópolis;2021;28500
3109006;MG;Brumadinho;2021;15222
3109105;MG;Bueno Brandão;2021;26835
3109204;MG;Buenópolis;2021;27629
3109253;MG;Bugre;2021;8039
3109303;MG;Buritis;2021;91615
3109402;MG;Buritizeiro;2021;82911
3109451;MG;Cabeceira Grande;2021;41370
3109501;MG;Cabo Verde;2021;17070
3109600;MG;Cachoeira da Prata;2021;2601
3109709;MG;Cachoeira de Minas;2021;22652
3109808;MG;Cachoeira Dourada;2021;13444
3109907;MG;Caetanópolis;2021;5824
3110004;MG;Caeté;2021;9203
3110103;MG;Caiana;2021;3713
3110202;MG;Cajuri;2021;2496
3110301;MG;Caldas;2021;44318
3110400;MG;Camacho;2021;8941
3110509;MG;Camanducaia;2021;18035
3110608;MG;Cambuí;2021;18596
3110707;MG;Cambuquira;2021;9841
3110806;MG;Campanário;2021;19293
3110905;MG;Campanha;2021;9456
3111002;MG;Campestre;2021;23105
3111101;MG;Campina Verde;2021;337631
3111150;MG;Campo Azul;2021;12561
3111200;MG;Campo Belo;2021;46423
3111309;MG;Campo do Meio;2021;4801
3111408;MG;Campo Florido;2021;56447
3111507;MG;Campos Altos;2021;20371
3111606;MG;Campos Gerais;2021;22271
3111705;MG;Canaã;2021;6619
3111804;MG;Canápolis;2021;42000
3111903;MG;Cana Verde;2021;19995
3112000;MG;Candeias;2021;43012
3112059;MG;Cantagalo;2021;7612
3112109;MG;Caparaó;2021;1951
3112208;MG;Capela Nova;2021;4310
3112307;MG;Capelinha;2021;17167
3112406;MG;Capetinga;2021;11270
3112505;MG;Capim Branco;2021;5450
3112604;MG;Capinópolis;2021;44200
3112653;MG;Capitão Andrade;2021;19650
3112703;MG;Capitão Enéas;2021;41507
3112802;MG;Capitólio;2021;20452
3112901;MG;Caputira;2021;5786
3113008;MG;Caraí;2021;22550
3113107;MG;Caranaíba;2021;6603
3113206;MG;Carandaí;2021;15873
3113305;MG;Carangola;2021;19841
3113404;MG;Caratinga;2021;40821
3113503;MG;Carbonita;2021;4244
3113602;MG;Careaçu;2021;15808
3113701;MG;Carlos Chagas;2021;248072
3113800;MG;Carmésia;2021;4718
3113909;MG;Carmo da Cachoeira;2021;13436
3114006;MG;Carmo da Mata;2021;26945
3114105;MG;Carmo de Minas;2021;20439
3114204;MG;Carmo do Cajuru;2021;33653
3114303;MG;Carmo do Paranaíba;2021;129758
3114402;MG;Carmo do Rio Claro;2021;40348
3114501;MG;Carmópolis de Minas;2021;30915
3114550;MG;Carneirinho;2021;193275
3114600;MG;Carrancas;2021;18750
3114709;MG;Carvalhópolis;2021;3789
3114808;MG;Carvalhos;2021;16803
3114907;MG;Casa Grande;2021;8945
3115003;MG;Cascalho Rico;2021;30011
3115102;MG;Cássia;2021;44981
3115201;MG;Conceição da Barra de Minas;2021;13304
3115300;MG;Cataguases;2021;25816
3115359;MG;Catas Altas;2021;1462
3115409;MG;Catas Altas da Noruega;2021;3119
3115458;MG;Catuji;2021;10240
3115474;MG;Catuti;2021;11192
3115508;MG;Caxambu;2021;6218
3115607;MG;Cedro do Abaeté;2021;11130
3115706;MG;Central de Minas;2021;14264
3115805;MG;Centralina;2021;20500
3115904;MG;Chácara;2021;8813
3116001;MG;Chalé;2021;12131
3116100;MG;Chapada do Norte;2021;9521
3116159;MG;Chapada Gaúcha;2021;23079
3116209;MG;Chiador;2021;13033
3116308;MG;Cipotânea;2021;5560
3116407;MG;Claraval;2021;9120
3116506;MG;Claro dos Poções;2021;25518
3116605;MG;Cláudio;2021;44522
3116704;MG;Coimbra;2021;6202
3116803;MG;Coluna;2021;16922
3116902;MG;Comendador Gomes;2021;72591
3117009;MG;Comercinho;2021;13761
3117108;MG;Conceição da Aparecida;2021;15580
3117207;MG;Conceição das Pedras;2021;6887
3117306;MG;Conceição das Alagoas;2021;35734
3117405;MG;Conceição de Ipanema;2021;17800
3117504;MG;Conceição do Mato Dentro;2021;32029
3117603;MG;Conceição do Pará;2021;14502
3117702;MG;Conceição do Rio Verde;2021;21338
3117801;MG;Conceição dos Ouros;2021;12378
3117836;MG;Cônego Marinho;2021;8888
3117876;MG;Confins;2021;820
3117900;MG;Congonhal;2021;15632
3118007;MG;Congonhas;2021;3351
3118106;MG;Congonhas do Norte;2021;5990
3118205;MG;Conquista;2021;20228
3118304;MG;Conselheiro Lafaiete;2021;14664
3118403;MG;Conselheiro Pena;2021;64061
3118502;MG;Consolação;2021;8272
3118601;MG;Contagem;2021;1252
3118700;MG;Coqueiral;2021;12892
3118809;MG;Coração de Jesus;2021;60514
3118908;MG;Cordisburgo;2021;31136
3119005;MG;Cordislândia;2021;7723
3119104;MG;Corinto;2021;56419
3119203;MG;Coroaci;2021;18450
3119302;MG;Coromandel;2021;118015
3119401;MG;Coronel Fabriciano;2021;1069
3119500;MG;Coronel Murta;2021;15524
3119609;MG;Coronel Pacheco;2021;10128
3119708;MG;Coronel Xavier Chaves;2021;6993
3119807;MG;Córrego Danta;2021;35038
3119906;MG;Córrego do Bom Jesus;2021;7236
3119955;MG;Córrego Fundo;2021;6722
3120003;MG;Córrego Novo;2021;10337
3120102;MG;Couto de Magalhães de Minas;2021;2218
3120151;MG;Crisólita;2021;58052
3120201;MG;Cristais;2021;30780
3120300;MG;Cristália;2021;5090
3120409;MG;Cristiano Otoni;2021;9286
3120508;MG;Cristina;2021;23924
3120607;MG;Crucilândia;2021;11095
3120706;MG;Cruzeiro da Fortaleza;2021;25374
3120805;MG;Cruzília;2021;22458
3120839;MG;Cuparaque;2021;15498
3120870;MG;Curral de Dentro;2021;9038
3120904;MG;Curvelo;2021;97426
3121001;MG;Datas;2021;1993
3121100;MG;Delfim Moreira;2021;15180
3121209;MG;Delfinópolis;2021;32724
3121258;MG;Delta;2021;3714
3121308;MG;Descoberto;2021;12782
3121407;MG;Desterro de Entre Rios;2021;16938
3121506;MG;Desterro do Melo;2021;8093
3121605;MG;Diamantina;2021;13365
3121704;MG;Diogo de Vasconcelos;2021;5459
3121803;MG;Dionísio;2021;12557
3121902;MG;Divinésia;2021;5327
3122009;MG;Divino;2021;14723
3122108;MG;Divino das Laranjeiras;2021;18739
3122207;MG;Divinolândia de Minas;2021;4606
3122306;MG;Divinópolis;2021;52192
3122355;MG;Divisa Alegre;2021;556
3122405;MG;Divisa Nova;2021;15916
3122454;MG;Divisópolis;2021;14411
3122470;MG;Dom Bosco;2021;38635
3122504;MG;Dom Cavati;2021;3929
3122603;MG;Dom Joaquim;2021;13939
3122702;MG;Dom Silvério;2021;10262
3122801;MG;Dom Viçoso;2021;5932
3122900;MG;Dona Euzébia;2021;4497
3123007;MG;Dores de Campos;2021;2884
3123106;MG;Dores de Guanhães;2021;17217
3123205;MG;Dores do Indaiá;2021;78363
3123304;MG;Dores do Turvo;2021;11123
3123403;MG;Doresópolis;2021;11372
3123502;MG;Douradoquara;2021;23153
3123528;MG;Durandé;2021;5920
3123601;MG;Elói Mendes;2021;33938
3123700;MG;Engenheiro Caldas;2021;15720
3123809;MG;Engenheiro Navarro;2021;23942
3123858;MG;Entre Folhas;2021;3935
3123908;MG;Entre Rios de Minas;2021;23995
3124005;MG;Ervália;2021;9665
3124104;MG;Esmeraldas;2021;42634
3124203;MG;Espera Feliz;2021;6963
3124302;MG;Espinosa;2021;36052
3124401;MG;Espírito Santo do Dourado;2021;16921
3124500;MG;Estiva;2021;20365
3124609;MG;Estrela Dalva;2021;10437
3124708;MG;Estrela do Indaiá;2021;49992
3124807;MG;Estrela do Sul;2021;59109
3124906;MG;Eugenópolis;2021;20845
3125002;MG;Ewbank da Câmara;2021;4257
3125101;MG;Extrema;2021;10581
3125200;MG;Fama;2021;2676
3125309;MG;Faria Lemos;2021;10351
3125408;MG;Felício dos Santos;2021;5473
3125507;MG;São Gonçalo do Rio Preto;2021;2615
3125606;MG;Felisburgo;2021;20784
3125705;MG;Felixlândia;2021;45778
3125804;MG;Fernandes Tourinho;2021;13880
3125903;MG;Ferros;2021;35376
3125952;MG;Fervedouro;2021;13230
3126000;MG;Florestal;2021;11700
3126109;MG;Formiga;2021;82722
3126208;MG;Formoso;2021;28917
3126307;MG;Fortaleza de Minas;2021;12399
3126406;MG;Fortuna de Minas;2021;11299
3126505;MG;Francisco Badaró;2021;10760
3126604;MG;Francisco Dumont;2021;23212
3126703;MG;Francisco Sá;2021;94482
3126752;MG;Franciscópolis;2021;36068
3126802;MG;Frei Gaspar;2021;33700
3126901;MG;Frei Inocêncio;2021;34457
3126950;MG;Frei Lagonegro;2021;7133
3127008;MG;Fronteira;2021;8872
3127057;MG;Fronteira dos Vales;2021;18505
3127073;MG;Fruta de Leite;2021;3937
3127107;MG;Frutal;2021;160348
3127206;MG;Funilândia;2021;9283
3127305;MG;Galiléia;2021;41616
3127339;MG;Gameleiras;2021;27406
3127354;MG;Glaucilândia;2021;8833
3127370;MG;Goiabeira;2021;7685
3127388;MG;Goianá;2021;9286
3127404;MG;Gonçalves;2021;9647
3127503;MG;Gonzaga;2021;11220
3127602;MG;Gouveia;2021;10319
3127701;MG;Governador Valadares;2021;135520
3127800;MG;Grão Mogol;2021;17146
3127909;MG;Grupiara;2021;11210
3128006;MG;Guanhães;2021;48013
3128105;MG;Guapé;2021;33428
3128204;MG;Guaraciaba;2021;11030
3128253;MG;Guaraciama;2021;7510
3128303;MG;Guaranésia;2021;16833
3128402;MG;Guarani;2021;18630
3128501;MG;Guarará;2021;5944
3128600;MG;Guarda-Mor;2021;71526
3128709;MG;Guaxupé;2021;10113
3128808;MG;Guidoval;2021;9603
3128907;MG;Guimarânia;2021;26924
3129004;MG;Guiricema;2021;24572
3129103;MG;Gurinhatã;2021;185000
3129202;MG;Heliodora;2021;10193
3129301;MG;Iapu;2021;20830
3129400;MG;Ibertioga;2021;18166
3129509;MG;Ibiá;2021;98007
3129608;MG;Ibiaí;2021;24469
3129657;MG;Ibiracatu;2021;6284
3129707;MG;Ibiraci;2021;18538
3129806;MG;Ibirité;2021;565
3129905;MG;Ibitiúra de Minas;2021;2765
3130002;MG;Ibituruna;2021;12100
3130051;MG;Icaraí de Minas;2021;36563
3130101;MG;Igarapé;2021;3571
3130200;MG;Igaratinga;2021;22881
3130309;MG;Iguatama;2021;32514
3130408;MG;Ijaci;2021;6140
3130507;MG;Ilicínea;2021;13767
3130556;MG;Imbé de Minas;2021;5263
3130606;MG;Inconfidentes;2021;11067
3130655;MG;Indaiabira;2021;9245
3130705;MG;Indianópolis;2021;13768
3130804;MG;Ingaí;2021;14325
3130903;MG;Inhapim;2021;42763
3131000;MG;Inhaúma;2021;20077
3131109;MG;Inimutaba;2021;19301
3131158;MG;Ipaba;2021;2414
3131208;MG;Ipanema;2021;31252
3131307;MG;Ipatinga;2021;2543
3131406;MG;Ipiaçu;2021;34000
3131505;MG;Ipuiúna;2021;16905
3131604;MG;Iraí de Minas;2021;24921
3131703;MG;Itabira;2021;34796
3131802;MG;Itabirinha;2021;12919
3131901;MG;Itabirito;2021;4901
3132008;MG;Itacambira;2021;12792
3132107;MG;Itacarambi;2021;25794
3132206;MG;Itaguara;2021;28188
3132305;MG;Itaipé;2021;12947
3132404;MG;Itajubá;2021;20525
3132503;MG;Itamarandiba;2021;35297
3132602;MG;Itamarati de Minas;2021;10848
3132701;MG;Itambacuri;2021;85406
3132800;MG;Itambé do Mato Dentro;2021;10317
3132909;MG;Itamogi;2021;4654
3133006;MG;Itamonte;2021;14215
3133105;MG;Itanhandu;2021;11081
3133204;MG;Itanhomi;2021;31220
3133303;MG;Itaobim;2021;10669
3133402;MG;Itapagipe;2021;156400
3133501;MG;Itapecerica;2021;55009
3133600;MG;Itapeva;2021;10750
3133709;MG;Itatiaiuçu;2021;7838
3133758;MG;Itaú de Minas;2021;6370
3133808;MG;Itaúna;2021;36032
3133907;MG;Itaverava;2021;7469
3134004;MG;Itinga;2021;28123
3134103;MG;Itueta;2021;19275
3134202;MG;Ituiutaba;2021;214000
3134301;MG;Itumirim;2021;13630
3134400;MG;Iturama;2021;93049
3134509;MG;Itutinga;2021;16766
3134608;MG;Jaboticatubas;2021;15373
3134707;MG;Jacinto;2021;58009
3134806;MG;Jacuí;2021;19444
3134905;MG;Jacutinga;2021;17312
3135001;MG;Jaguaraçu;2021;5160
3135050;MG;Jaíba;2021;58631
3135076;MG;Jampruca;2021;25920
3135100;MG;Janaúba;2021;79645
3135209;MG;Januária;2021;86402
3135308;MG;Japaraíba;2021;13362
3135357;MG;Japonvar;2021;9367
3135407;MG;Jeceaba;2021;7082
3135456;MG;Jenipapo de Minas;2021;6476
3135506;MG;Jequeri;2021;30215
3135605;MG;Jequitaí;2021;66679
3135704;MG;Jequitibá;2021;13122
3135803;MG;Jequitinhonha;2021;57823
3135902;MG;Jesuânia;2021;11774
3136009;MG;Joaíma;2021;61049
3136108;MG;Joanésia;2021;11343
3136207;MG;João Monlevade;2021;1632
3136306;MG;João Pinheiro;2021;252396
3136405;MG;Joaquim Felício;2021;17974
3136504;MG;Jordânia;2021;34064
3136520;MG;José Gonçalves de Minas;2021;3499
3136553;MG;José Raydan;2021;11917
3136579;MG;Josenópolis;2021;2323
3136603;MG;Nova União;2021;6020
3136652;MG;Juatuba;2021;3074
3136702;MG;Juiz de Fora;2021;53385
3136801;MG;Juramento;2021;13858
3136900;MG;Juruaia;2021;10047
3136959;MG;Juvenília;2021;33645
3137007;MG;Ladainha;2021;23155
3137106;MG;Lagamar;2021;68488
3137205;MG;Lagoa da Prata;2021;25005
3137304;MG;Lagoa dos Patos;2021;21394
3137403;MG;Lagoa Dourada;2021;20589
3137502;MG;Lagoa Formosa;2021;103113
3137536;MG;Lagoa Grande;2021;70790
3137601;MG;Lagoa Santa;2021;6068
3137700;MG;Lajinha;2021;12105
3137809;MG;Lambari;2021;9298
3137908;MG;Lamim;2021;4377
3138005;MG;Laranjal;2021;16269
3138104;MG;Lassance;2021;38226
3138203;MG;Lavras;2021;26962
3138302;MG;Leandro Ferreira;2021;22074
3138351;MG;Leme do Prado;2021;1970
3138401;MG;Leopoldina;2021;61547
3138500;MG;Liberdade;2021;17633
3138609;MG;Lima Duarte;2021;31728
3138625;MG;Limeira do Oeste;2021;89353
3138658;MG;Lontra;2021;7329
3138674;MG;Luisburgo;2021;2322
3138682;MG;Luislândia;2021;12087
3138708;MG;Luminárias;2021;14230
3138807;MG;Luz;2021;90783
3138906;MG;Machacalis;2021;36004
3139003;MG;Machado;2021;24556
3139102;MG;Madre de Deus de Minas;2021;14888
3139201;MG;Malacacheta;2021;33003
3139250;MG;Mamonas;2021;8775
3139300;MG;Manga;2021;44298
3139409;MG;Manhuaçu;2021;6286
3139508;MG;Manhumirim;2021;1814
3139607;MG;Mantena;2021;33514
3139706;MG;Maravilhas;2021;19547
3139805;MG;Mar de Espanha;2021;20700
3139904;MG;Maria da Fé;2021;14352
3140001;MG;Mariana;2021;14553
3140100;MG;Marilac;2021;11820
3140159;MG;Mário Campos;2021;321
3140209;MG;Maripá de Minas;2021;5757
3140308;MG;Marliéria;2021;10121
3140407;MG;Marmelópolis;2021;4868
3140506;MG;Martinho Campos;2021;61574
3140530;MG;Martins Soares;2021;1503
3140555;MG;Mata Verde;2021;11058
3140605;MG;Materlândia;2021;15861
3140704;MG;Mateus Leme;2021;13696
3140803;MG;Matias Barbosa;2021;7688
3140852;MG;Matias Cardoso;2021;53247
3140902;MG;Matipó;2021;11430
3141009;MG;Mato Verde;2021;19446
3141108;MG;Matozinhos;2021;11460
3141207;MG;Matutina;2021;27196
3141306;MG;Medeiros;2021;39134
3141405;MG;Medina;2021;30708
3141504;MG;Mendes Pimentel;2021;22629
3141603;MG;Mercês;2021;17095
3141702;MG;Mesquita;2021;13349
3141801;MG;Minas Novas;2021;8185
3141900;MG;Minduri;2021;7363
3142007;MG;Mirabela;2021;15561
3142106;MG;Miradouro;2021;32308
3142205;MG;Miraí;2021;23006
3142254;MG;Miravânia;2021;10099
3142304;MG;Moeda;2021;5167
3142403;MG;Moema;2021;19635
3142502;MG;Monjolos;2021;15888
3142601;MG;Monsenhor Paulo;2021;13614
3142700;MG;Montalvânia;2021;41564
3142809;MG;Monte Alegre de Minas;2021;155290
3142908;MG;Monte Azul;2021;34155
3143005;MG;Monte Belo;2021;23500
3143104;MG;Monte Carmelo;2021;56240
3143153;MG;Monte Formoso;2021;9528
3143203;MG;Monte Santo de Minas;2021;26050
3143302;MG;Montes Claros;2021;106446
3143401;MG;Monte Sião;2021;24807
3143450;MG;Montezuma;2021;6216
3143500;MG;Morada Nova de Minas;2021;51252
3143609;MG;Morro da Garça;2021;26469
3143708;MG;Morro do Pilar;2021;11126
3143807;MG;Munhoz;2021;7224
3143906;MG;Muriaé;2021;59691
3144003;MG;Mutum;2021;70288
3144102;MG;Muzambinho;2021;16071
3144201;MG;Nacip Raydan;2021;11658
3144300;MG;Nanuque;2021;122058
3144359;MG;Naque;2021;7010
3144375;MG;Natalândia;2021;21126
3144409;MG;Natércia;2021;16297
3144508;MG;Nazareno;2021;19773
3144607;MG;Nepomuceno;2021;24128
3144656;MG;Ninheira;2021;8193
3144672;MG;Nova Belém;2021;4599
3144706;MG;Nova Era;2021;10175
3144805;MG;Nova Lima;2021;1095
3144904;MG;Nova Módica;2021;26327
3145000;MG;Nova Ponte;2021;35984
3145059;MG;Nova Porteirinha;2021;3010
3145109;MG;Nova Resende;2021;9600
3145208;MG;Nova Serrana;2021;14986
3145307;MG;Novo Cruzeiro;2021;28494
3145356;MG;Novo Oriente de Minas;2021;34198
3145372;MG;Novorizonte;2021;2182
3145406;MG;Olaria;2021;8143
3145455;MG;Olhos-d'Água;2021;13680
3145505;MG;Olímpio Noronha;2021;2973
3145604;MG;Oliveira;2021;41146
3145703;MG;Oliveira Fortes;2021;6415
3145802;MG;Onça de Pitangui;2021;14495
3145851;MG;Oratórios;2021;4287
3145877;MG;Orizânia;2021;2113
3145901;MG;Ouro Branco;2021;3316
3146008;MG;Ouro Fino;2021;32039
3146107;MG;Ouro Preto;2021;8838
3146206;MG;Ouro Verde de Minas;2021;13454
3146255;MG;Padre Carvalho;2021;1638
3146305;MG;Padre Paraíso;2021;9164
3146404;MG;Paineiras;2021;38811
3146503;MG;Pains;2021;38214
3146552;MG;Pai Pedro;2021;23612
3146602;MG;Paiva;2021;3975
3146701;MG;Palma;2021;23799
3146750;MG;Palmópolis;2021;22834
3146909;MG;Papagaios;2021;29305
3147006;MG;Paracatu;2021;235831
3147105;MG;Pará de Minas;2021;44693
3147204;MG;Paraguaçu;2021;14969
3147303;MG;Paraisópolis;2021;27593
3147402;MG;Paraopeba;2021;32729
3147501;MG;Passabém;2021;4220
3147600;MG;Passa Quatro;2021;16139
3147709;MG;Passa Tempo;2021;24173
3147808;MG;Passa Vinte;2021;9970
3147907;MG;Passos;2021;116429
3147956;MG;Patis;2021;13902
3148004;MG;Patos de Minas;2021;227968
3148103;MG;Patrocínio;2021;109985
3148202;MG;Patrocínio do Muriaé;2021;9889
3148301;MG;Paula Cândido;2021;9342
3148400;MG;Paulistas;2021;11214
3148509;MG;Pavão;2021;41182
3148608;MG;Peçanha;2021;33558
3148707;MG;Pedra Azul;2021;33476
3148756;MG;Pedra Bonita;2021;2997
3148806;MG;Pedra do Anta;2021;10650
3148905;MG;Pedra do Indaiá;2021;24161
3149002;MG;Pedra Dourada;2021;2769
3149101;MG;Pedralva;2021;15273
3149150;MG;Pedras de Maria da Cruz;2021;43908
3149200;MG;Pedrinópolis;2021;15279
3149309;MG;Pedro Leopoldo;2021;13057
3149408;MG;Pedro Teixeira;2021;5649
3149507;MG;Pequeri;2021;6111
3149606;MG;Pequi;2021;16846
3149705;MG;Perdigão;2021;14611
3149804;MG;Perdizes;2021;90130
3149903;MG;Perdões;2021;21273
3149952;MG;Periquito;2021;9220
3150000;MG;Pescador;2021;18804
3150109;MG;Piau;2021;9427
3150158;MG;Piedade de Caratinga;2021;1976
3150208;MG;Piedade de Ponte Nova;2021;6352
3150307;MG;Piedade do Rio Grande;2021;11476
3150406;MG;Piedade dos Gerais;2021;12038
3150505;MG;Pimenta;2021;28554
3150539;MG;Pingo-d'Água;2021;2208
3150570;MG;Pintópolis;2021;31223
3150604;MG;Piracema;2021;23425
3150703;MG;Pirajuba;2021;4758
3150802;MG;Piranga;2021;20839
3150901;MG;Piranguçu;2021;11705
3151008;MG;Piranguinho;2021;13061
3151107;MG;Pirapetinga;2021;13439
3151206;MG;Pirapora;2021;6796
3151305;MG;Piraúba;2021;7439
3151404;MG;Pitangui;2021;36199
3151503;MG;Piumhi;2021;50719
3151602;MG;Planura;2021;9125
3151701;MG;Poço Fundo;2021;30161
3151800;MG;Poços de Caldas;2021;16309
3151909;MG;Pocrane;2021;35787
3152006;MG;Pompéu;2021;106472
3152105;MG;Ponte Nova;2021;26171
3152131;MG;Ponto Chique;2021;20597
3152170;MG;Ponto dos Volantes;2021;16112
3152204;MG;Porteirinha;2021;59116
3152303;MG;Porto Firme;2021;9812
3152402;MG;Poté;2021;25007
3152501;MG;Pouso Alegre;2021;32841
3152600;MG;Pouso Alto;2021;22137
3152709;MG;Prados;2021;10127
3152808;MG;Prata;2021;400765
3152907;MG;Pratápolis;2021;17531
3153004;MG;Pratinha;2021;22391
3153103;MG;Presidente Bernardes;2021;8230
3153202;MG;Presidente Juscelino;2021;21116
3153301;MG;Presidente Kubitschek;2021;1642
3153400;MG;Presidente Olegário;2021;134304
3153509;MG;Alto Jequitibá;2021;2112
3153608;MG;Prudente de Morais;2021;7240
3153707;MG;Quartel Geral;2021;28962
3153806;MG;Queluzito;2021;8055
3153905;MG;Raposos;2021;49
3154002;MG;Raul Soares;2021;48167
3154101;MG;Recreio;2021;16769
3154150;MG;Reduto;2021;3097
3154200;MG;Resende Costa;2021;24459
3154309;MG;Resplendor;2021;60405
3154408;MG;Ressaquinha;2021;8292
3154457;MG;Riachinho;2021;64287
3154507;MG;Riacho dos Machados;2021;12361
3154606;MG;Ribeirão das Neves;2021;2305
3154705;MG;Ribeirão Vermelho;2021;3093
3154804;MG;Rio Acima;2021;628
3154903;MG;Rio Casca;2021;30113
3155009;MG;Rio Doce;2021;6486
3155108;MG;Rio do Prado;2021;23122
3155207;MG;Rio Espera;2021;11973
3155306;MG;Rio Manso;2021;11192
3155405;MG;Rio Novo;2021;16399
3155504;MG;Rio Paranaíba;2021;69913
3155603;MG;Rio Pardo de Minas;2021;15787
3155702;MG;Rio Piracicaba;2021;13292
3155801;MG;Rio Pomba;2021;17173
3155900;MG;Rio Preto;2021;12480
3156007;MG;Rio Vermelho;2021;34152
3156106;MG;Ritápolis;2021;13620
3156205;MG;Rochedo de Minas;2021;4862
3156304;MG;Rodeiro;2021;4761
3156403;MG;Romaria;2021;9347
3156452;MG;Rosário da Limeira;2021;5329
3156502;MG;Rubelita;2021;18522
3156601;MG;Rubim;2021;45031
3156700;MG;Sabará;2021;2171
3156809;MG;Sabinópolis;2021;36258
3156908;MG;Sacramento;2021;118846
3157005;MG;Salinas;2021;40759
3157104;MG;Salto da Divisa;2021;55805
3157203;MG;Santa Bárbara;2021;4569
3157252;MG;Santa Bárbara do Leste;2021;1578
3157278;MG;Santa Bárbara do Monte Verde;2021;16220
3157302;MG;Santa Bárbara do Tugúrio;2021;14107
3157336;MG;Santa Cruz de Minas;2021;47
3157377;MG;Santa Cruz de Salinas;2021;10284
3157401;MG;Santa Cruz do Escalvado;2021;18503
3157500;MG;Santa Efigênia de Minas;2021;5820
3157609;MG;Santa Fé de Minas;2021;38828
3157658;MG;Santa Helena de Minas;2021;16879
3157708;MG;Santa Juliana;2021;28761
3157807;MG;Santa Luzia;2021;5031
3157906;MG;Santa Margarida;2021;4110
3158003;MG;Santa Maria de Itabira;2021;18051
3158102;MG;Santa Maria do Salto;2021;13384
3158201;MG;Santa Maria do Suaçuí;2021;31201
3158300;MG;Santana da Vargem;2021;3743
3158409;MG;Santana de Cataguases;2021;11696
3158508;MG;Santana de Pirapama;2021;25640
3158607;MG;Santana do Deserto;2021;6711
3158706;MG;Santana do Garambéu;2021;6696
3158805;MG;Santana do Jacaré;2021;8745
3158904;MG;Santana do Manhuaçu;2021;11468
3158953;MG;Santana do Paraíso;2021;5887
3159001;MG;Santana do Riacho;2021;4790
3159100;MG;Santana dos Montes;2021;6861
3159209;MG;Santa Rita de Caldas;2021;39529
3159308;MG;Santa Rita de Jacutinga;2021;22324
3159357;MG;Santa Rita de Minas;2021;1755
3159407;MG;Santa Rita de Ibitipoca;2021;14300
3159506;MG;Santa Rita do Itueto;2021;15983
3159605;MG;Santa Rita do Sapucaí;2021;25403
3159704;MG;Santa Rosa da Serra;2021;12155
3159803;MG;Santa Vitória;2021;306336
3159902;MG;Santo Antônio do Amparo;2021;17069
3160009;MG;Santo Antônio do Aventureiro;2021;13636
3160108;MG;Santo Antônio do Grama;2021;8559
3160207;MG;Santo Antônio do Itambé;2021;11580
3160306;MG;Santo Antônio do Jacinto;2021;30853
3160405;MG;Santo Antônio do Monte;2021;91174
3160454;MG;Santo Antônio do Retiro;2021;4450
3160504;MG;Santo Antônio do Rio Abaixo;2021;6444
3160603;MG;Santo Hipólito;2021;22446
3160702;MG;Santos Dumont;2021;28004
3160801;MG;São Bento Abade;2021;1899
3160900;MG;São Brás do Suaçuí;2021;3760
3160959;MG;São Domingos das Dores;2021;420
3161007;MG;São Domingos do Prata;2021;29960
3161056;MG;São Félix de Minas;2021;10716
3161106;MG;São Francisco;2021;138338
3161205;MG;São Francisco de Paula;2021;16600
3161304;MG;São Francisco de Sales;2021;81135
3161403;MG;São Francisco do Glória;2021;12908
3161502;MG;São Geraldo;2021;9366
3161601;MG;São Geraldo da Piedade;2021;11160
3161650;MG;São Geraldo do Baixio;2021;15377
3161700;MG;São Gonçalo do Abaeté;2021;44837
3161809;MG;São Gonçalo do Pará;2021;17984
3161908;MG;São Gonçalo do Rio Abaixo;2021;12396
3162005;MG;São Gonçalo do Sapucaí;2021;29737
3162104;MG;São Gotardo;2021;62068
3162203;MG;São João Batista do Glória;2021;27343
3162252;MG;São João da Lagoa;2021;24524
3162302;MG;São João da Mata;2021;8032
3162401;MG;São João da Ponte;2021;153198
3162450;MG;São João das Missões;2021;12903
3162500;MG;São João del Rei;2021;41513
3162559;MG;São João do Manhuaçu;2021;1528
3162575;MG;São João do Manteninha;2021;11618
3162609;MG;São João do Oriente;2021;11584
3162658;MG;São João do Pacuí;2021;16545
3162708;MG;São João do Paraíso;2021;12368
3162807;MG;São João Evangelista;2021;25905
3162906;MG;São João Nepomuceno;2021;28814
3162922;MG;São Joaquim de Bicas;2021;1703
3162948;MG;São José da Barra;2021;11808
3162955;MG;São José da Lapa;2021;1109
3163003;MG;São José da Safira;2021;7750
3163102;MG;São José da Varginha;2021;20040
3163201;MG;São José do Alegre;2021;7779
3163300;MG;São José do Divino;2021;22976
3163409;MG;São José do Goiabal;2021;14152
3163508;MG;São José do Jacuri;2021;15651
3163607;MG;São José do Mantimento;2021;3001
3163706;MG;São Lourenço;2021;2403
3163805;MG;São Miguel do Anta;2021;8484
3163904;MG;São Pedro da União;2021;13751
3164001;MG;São Pedro dos Ferros;2021;21331
3164100;MG;São Pedro do Suaçuí;2021;15663
3164209;MG;São Romão;2021;33098
3164308;MG;São Roque de Minas;2021;66582
3164407;MG;São Sebastião da Bela Vista;2021;10332
3164431;MG;São Sebastião da Vargem Alegre;2021;6464
3164472;MG;São Sebastião do Anta;2021;2090
3164506;MG;São Sebastião do Maranhão;2021;22877
3164605;MG;São Sebastião do Oeste;2021;31786
3164704;MG;São Sebastião do Paraíso;2021;37611
3164803;MG;São Sebastião do Rio Preto;2021;5937
3164902;MG;São Sebastião do Rio Verde;2021;6675
3165008;MG;São Tiago;2021;30216
3165107;MG;São Tomás de Aquino;2021;8509
3165206;MG;São Tomé das Letras;2021;16177
3165305;MG;São Vicente de Minas;2021;16461
3165404;MG;Sapucaí-Mirim;2021;5141
3165503;MG;Sardoá;2021;4730
3165537;MG;Sarzedo;2021;827
3165552;MG;Setubinha;2021;6588
3165560;MG;Sem-Peixe;2021;12243
3165578;MG;Senador Amaral;2021;5004
3165602;MG;Senador Cortes;2021;6287
3165701;MG;Senador Firmino;2021;5527
3165800;MG;Senador José Bento;2021;7605
3165909;MG;Senador Modestino Gonçalves;2021;8994
3166006;MG;Senhora de Oliveira;2021;6006
3166105;MG;Senhora do Porto;2021;15488
3166204;MG;Senhora dos Remédios;2021;15636
3166303;MG;Sericita;2021;5216
3166402;MG;Seritinga;2021;5886
3166501;MG;Serra Azul de Minas;2021;10643
3166600;MG;Serra da Saudade;2021;21335
3166709;MG;Serra dos Aimorés;2021;18731
3166808;MG;Serra do Salitre;2021;57325
3166907;MG;Serrania;2021;10140
3166956;MG;Serranópolis de Minas;2021;11123
3167004;MG;Serranos;2021;12549
3167103;MG;Serro;2021;32854
3167202;MG;Sete Lagoas;2021;18499
3167301;MG;Silveirânia;2021;9515
3167400;MG;Silvianópolis;2021;28848
3167509;MG;Simão Pereira;2021;7239
3167608;MG;Simonésia;2021;8462
3167707;MG;Sobrália;2021;18520
3167806;MG;Soledade de Minas;2021;14425
3167905;MG;Tabuleiro;2021;12600
3168002;MG;Taiobeiras;2021;14574
3168051;MG;Taparuba;2021;13216
3168101;MG;Tapira;2021;44979
3168200;MG;Tapiraí;2021;19269
3168309;MG;Taquaraçu de Minas;2021;8663
3168408;MG;Tarumirim;2021;45954
3168507;MG;Teixeiras;2021;8189
3168606;MG;Teófilo Otoni;2021;151755
3168705;MG;Timóteo;2021;971
3168804;MG;Tiradentes;2021;2906
3168903;MG;Tiros;2021;107699
3169000;MG;Tocantins;2021;11162
3169059;MG;Tocos do Moji;2021;10091
3169109;MG;Toledo;2021;7415
3169208;MG;Tombos;2021;21138
3169307;MG;Três Corações;2021;40751
3169356;MG;Três Marias;2021;28787
3169406;MG;Três Pontas;2021;18192
3169505;MG;Tumiritinga;2021;25780
3169604;MG;Tupaciguara;2021;106317
3169703;MG;Turmalina;2021;3807
3169802;MG;Turvolândia;2021;15058
3169901;MG;Ubá;2021;18945
3170008;MG;Ubaí;2021;29587
3170057;MG;Ubaporanga;2021;5275
3170107;MG;Uberaba;2021;172501
3170206;MG;Uberlândia;2021;208070
3170305;MG;Umburatiba;2021;26189
3170404;MG;Unaí;2021;285618
3170438;MG;União de Minas;2021;110119
3170479;MG;Uruana de Minas;2021;18426
3170503;MG;Urucânia;2021;5054
3170529;MG;Urucuia;2021;42179
3170578;MG;Vargem Alegre;2021;7557
3170602;MG;Vargem Bonita;2021;16997
3170651;MG;Vargem Grande do Rio Pardo;2021;3167
3170701;MG;Varginha;2021;16391
3170750;MG;Varjão de Minas;2021;32152
3170800;MG;Várzea da Palma;2021;75326
3170909;MG;Varzelândia;2021;21453
3171006;MG;Vazante;2021;89580
3171030;MG;Verdelândia;2021;44739
3171071;MG;Veredinha;2021;3250
3171105;MG;Veríssimo;2021;52063
3171154;MG;Vermelho Novo;2021;4010
3171204;MG;Vespasiano;2021;878
3171303;MG;Viçosa;2021;10368
3171402;MG;Vieiras;2021;18111
3171501;MG;Mathias Lobato;2021;13240
3171600;MG;Virgem da Lapa;2021;14862
3171709;MG;Virgínia;2021;24797
3171808;MG;Virginópolis;2021;17170
3171907;MG;Virgolândia;2021;16450
3172004;MG;Visconde do Rio Branco;2021;15681
3172103;MG;Volta Grande;2021;15556
3172202;MG;Wenceslau Braz;2021;8176
3200102;ES;Afonso Cláudio;2021;32309
3200136;ES;Águia Branca;2021;20115
3200169;ES;Água Doce do Norte;2021;29231
3200201;ES;Alegre;2021;73680
3200300;ES;Alfredo Chaves;2021;17272
3200359;ES;Alto Rio Novo;2021;9982
3200409;ES;Anchieta;2021;30968
3200508;ES;Apiacá;2021;16866
3200607;ES;Aracruz;2021;44365
3200706;ES;Atílio Vivácqua;2021;21723
3200805;ES;Baixo Guandu;2021;49425
3200904;ES;Barra de São Francisco;2021;75278
3201001;ES;Boa Esperança;2021;20524
3201100;ES;Bom Jesus do Norte;2021;7826
3201159;ES;Brejetuba;2021;2561
3201209;ES;Cachoeiro de Itapemirim;2021;67180
3201308;ES;Cariacica;2021;7444
3201407;ES;Castelo;2021;36113
3201506;ES;Colatina;2021;61442
3201605;ES;Conceição da Barra;2021;13057
3201704;ES;Conceição do Castelo;2021;8903
3201803;ES;Divino de São Lourenço;2021;7096
3201902;ES;Domingos Martins;2021;7234
3202009;ES;Dores do Rio Preto;2021;5313
3202108;ES;Ecoporanga;2021;230927
3202207;ES;Fundão;2021;12969
3202256;ES;Governador Lindenberg;2021;6253
3202306;ES;Guaçuí;2021;30262
3202405;ES;Guarapari;2021;21130
3202454;ES;Ibatiba;2021;2968
3202504;ES;Ibiraçu;2021;7982
3202553;ES;Ibitirama;2021;11298
3202603;ES;Iconha;2021;13738
3202652;ES;Irupi;2021;1731
3202702;ES;Itaguaçu;2021;17396
3202801;ES;Itapemirim;2021;48716
3202900;ES;Itarana;2021;7567
3203007;ES;Iúna;2021;8235
3203056;ES;Jaguaré;2021;10170
3203106;ES;Jerônimo Monteiro;2021;19220
3203130;ES;João Neiva;2021;16878
3203163;ES;Laranja da Terra;2021;16458
3203205;ES;Linhares;2021;145300
3203304;ES;Mantenópolis;2021;12486
3203320;ES;Marataízes;2021;2341
3203346;ES;Marechal Floriano;2021;505
3203353;ES;Marilândia;2021;5361
3203403;ES;Mimoso do Sul;2021;63100
3203502;ES;Montanha;2021;98763
3203601;ES;Mucurici;2021;82044
3203700;ES;Muniz Freire;2021;30160
3203809;ES;Muqui;2021;24733
3203908;ES;Nova Venécia;2021;80514
3204005;ES;Pancas;2021;29809
3204054;ES;Pedro Canário;2021;24088
3204104;ES;Pinheiros;2021;52166
3204203;ES;Piúma;2021;6813
3204252;ES;Ponto Belo;2021;51719
3204302;ES;Presidente Kennedy;2021;64068
3204351;ES;Rio Bananal;2021;7024
3204401;ES;Rio Novo do Sul;2021;17643
3204500;ES;Santa Leopoldina;2021;17000
3204559;ES;Santa Maria de Jetibá;2021;5941
3204609;ES;Santa Teresa;2021;9829
3204658;ES;São Domingos do Norte;2021;9991
3204708;ES;São Gabriel da Palha;2021;16274
3204807;ES;São José do Calçado;2021;23880
3204906;ES;São Mateus;2021;81632
3204955;ES;São Roque do Canaã;2021;9905
3205002;ES;Serra;2021;17743
3205010;ES;Sooretama;2021;8241
3205036;ES;Vargem Alta;2021;8631
3205069;ES;Venda Nova do Imigrante;2021;3017
3205101;ES;Viana;2021;18417
3205150;ES;Vila Pavão;2021;20526
3205176;ES;Vila Valério;2021;5904
3205200;ES;Vila Velha;2021;7658
3205309;ES;Vitória;2021;98
3300100;RJ;Angra dos Reis;2021;5573
3300159;RJ;Aperibé;2021;9090
3300209;RJ;Araruama;2021;49959
3300225;RJ;Areal;2021;4100
3300233;RJ;Armação dos Búzios;2021;1900
3300308;RJ;Barra do Piraí;2021;46145
3300407;RJ;Barra Mansa;2021;39306
3300456;RJ;Belford Roxo;2021;490
3300506;RJ;Bom Jardim;2021;17375
3300605;RJ;Bom Jesus do Itabapoana;2021;77080
3300704;RJ;Cabo Frio;2021;26120
3300803;RJ;Cachoeiras de Macacu;2021;34964
3300902;RJ;Cambuci;2021;68538
3300936;RJ;Carapebus;2021;27200
3300951;RJ;Comendador Levy Gasparian;2021;5700
3301009;RJ;Campos dos Goytacazes;2021;289162
3301108;RJ;Cantagalo;2021;74982
3301157;RJ;Cardoso Moreira;2021;56057
3301207;RJ;Carmo;2021;36214
3301306;RJ;Casimiro de Abreu;2021;21100
3301405;RJ;Conceição de Macabu;2021;40550
3301504;RJ;Cordeiro;2021;11124
3301603;RJ;Duas Barras;2021;22316
3301702;RJ;Duque de Caxias;2021;8950
3301801;RJ;Engenheiro Paulo de Frontin;2021;920
3301850;RJ;Guapimirim;2021;26198
3301876;RJ;Iguaba Grande;2021;1869
3301900;RJ;Itaboraí;2021;29000
3302007;RJ;Itaguaí;2021;11320
3302056;RJ;Italva;2021;28365
3302106;RJ;Itaocara;2021;43168
3302205;RJ;Itaperuna;2021;133520
3302254;RJ;Itatiaia;2021;5872
3302270;RJ;Japeri;2021;2803
3302304;RJ;Laje do Muriaé;2021;23150
3302403;RJ;Macaé;2021;98970
3302452;RJ;Macuco;2021;9483
3302502;RJ;Magé;2021;8000
3302601;RJ;Mangaratiba;2021;4693
3302700;RJ;Maricá;2021;6977
3302809;RJ;Mendes;2021;1219
3302908;RJ;Miguel Pereira;2021;10200
3303005;RJ;Miracema;2021;31394
3303104;RJ;Natividade;2021;44346
3303302;RJ;Niterói;2021;474
3303401;RJ;Nova Friburgo;2021;6598
3303500;RJ;Nova Iguaçu;2021;4100
3303609;RJ;Paracambi;2021;4481
3303708;RJ;Paraíba do Sul;2021;34500
3303807;RJ;Paraty;2021;3500
3303856;RJ;Paty do Alferes;2021;19608
3303906;RJ;Petrópolis;2021;5060
3303955;RJ;Pinheiral;2021;4251
3304003;RJ;Piraí;2021;24354
3304102;RJ;Porciúncula;2021;24818
3304110;RJ;Porto Real;2021;7980
3304128;RJ;Quatis;2021;29445
3304144;RJ;Queimados;2021;2176
3304151;RJ;Quissamã;2021;54000
3304201;RJ;Resende;2021;56900
3304300;RJ;Rio Bonito;2021;35000
3304409;RJ;Rio Claro;2021;46646
3304508;RJ;Rio das Flores;2021;28246
3304524;RJ;Rio das Ostras;2021;14893
3304557;RJ;Rio de Janeiro;2021;2675
3304607;RJ;Santa Maria Madalena;2021;51378
3304706;RJ;Santo Antônio de Pádua;2021;59335
3304755;RJ;São Francisco de Itabapoana;2021;73579
3304805;RJ;São Fidélis;2021;95837
3304904;RJ;São Gonçalo;2021;3010
3305000;RJ;São João da Barra;2021;25367
3305133;RJ;São José de Ubá;2021;29900
3305158;RJ;São José do Vale do Rio Preto;2021;3900
3305208;RJ;São Pedro da Aldeia;2021;22617
3305307;RJ;São Sebastião do Alto;2021;42749
3305406;RJ;Sapucaia;2021;35900
3305505;RJ;Saquarema;2021;8662
3305554;RJ;Seropédica;2021;12277
3305604;RJ;Silva Jardim;2021;53522
3305703;RJ;Sumidouro;2021;24867
3305752;RJ;Tanguá;2021;9300
3305802;RJ;Teresópolis;2021;8040
3305901;RJ;Trajano de Moraes;2021;26411
3306008;RJ;Três Rios;2021;16050
3306107;RJ;Valença;2021;106521
3306156;RJ;Varre-Sai;2021;16540
3306206;RJ;Vassouras;2021;38547
3306305;RJ;Volta Redonda;2021;4591
3500105;SP;Adamantina;2021;38750
3500204;SP;Adolfo;2021;4339
3500303;SP;Aguaí;2021;3650
3500402;SP;Águas da Prata;2021;9600
3500501;SP;Águas de Lindóia;2021;5590
3500550;SP;Águas de Santa Bárbara;2021;9996
3500709;SP;Agudos;2021;31598
3500758;SP;Alambari;2021;7125
3500808;SP;Alfredo Marcondes;2021;22300
3500907;SP;Altair;2021;27800
3501004;SP;Altinópolis;2021;15800
3501103;SP;Alto Alegre;2021;23806
3501152;SP;Alumínio;2021;860
3501202;SP;Álvares Florence;2021;46200
3501301;SP;Álvares Machado;2021;46150
3501400;SP;Álvaro de Carvalho;2021;11834
3501509;SP;Alvinlândia;2021;5737
3501608;SP;Americana;2021;175
3501707;SP;Américo Brasiliense;2021;319
3501806;SP;Américo de Campos;2021;17200
3501905;SP;Amparo;2021;31129
3502002;SP;Analândia;2021;11200
3502101;SP;Andradina;2021;52768
3502200;SP;Angatuba;2021;49102
3502309;SP;Anhembi;2021;33700
3502408;SP;Anhumas;2021;26350
3502507;SP;Aparecida;2021;6053
3502606;SP;Aparecida d'Oeste;2021;19228
3502705;SP;Apiaí;2021;6357
3502754;SP;Araçariguama;2021;1950
3502804;SP;Araçatuba;2021;63804
3502903;SP;Araçoiaba da Serra;2021;10200
3503000;SP;Aramina;2021;2199
3503109;SP;Arandu;2021;10500
3503158;SP;Arapeí;2021;5480
3503208;SP;Araraquara;2021;9883
3503307;SP;Araras;2021;6840
3503356;SP;Arco-Íris;2021;22670
3503406;SP;Arealva;2021;40856
3503505;SP;Areias;2021;14822
3503604;SP;Areiópolis;2021;500
3503703;SP;Ariranha;2021;450
3503802;SP;Artur Nogueira;2021;5370
3503901;SP;Arujá;2021;240
3503950;SP;Aspásia;2021;7450
3504008;SP;Assis;2021;16970
3504107;SP;Atibaia;2021;12500
3504206;SP;Auriflama;2021;54600
3504305;SP;Avaí;2021;37236
3504404;SP;Avanhandava;2021;9522
3504503;SP;Avaré;2021;41000
3504602;SP;Bady Bassitt;2021;12030
3504701;SP;Balbinos;2021;3641
3504800;SP;Bálsamo;2021;9430
3504909;SP;Bananal;2021;29450
3505005;SP;Barão de Antonina;2021;13100
3505104;SP;Barbosa;2021;8233
3505203;SP;Bariri;2021;20571
3505302;SP;Barra Bonita;2021;503
3505351;SP;Barra do Chapéu;2021;3653
3505401;SP;Barra do Turvo;2021;8800
3505500;SP;Barretos;2021;39121
3505609;SP;Barrinha;2021;384
3505807;SP;Bastos;2021;18790
3505906;SP;Batatais;2021;20500
3506003;SP;Bauru;2021;45343
3506102;SP;Bebedouro;2021;15500
3506201;SP;Bento de Abreu;2021;12664
3506300;SP;Bernardino de Campos;2021;7985
3506409;SP;Bilac;2021;13280
3506508;SP;Birigui;2021;43101
3506607;SP;Biritiba Mirim;2021;707
3506706;SP;Boa Esperança do Sul;2021;6795
3506805;SP;Bocaina;2021;12028
3506904;SP;Bofete;2021;37200
3507001;SP;Boituva;2021;14747
3507100;SP;Bom Jesus dos Perdões;2021;2800
3507159;SP;Bom Sucesso de Itararé;2021;1250
3507209;SP;Borá;2021;5630
3507308;SP;Boracéia;2021;2490
3507407;SP;Borborema;2021;15710
3507456;SP;Borebi;2021;3750
3507506;SP;Botucatu;2021;34730
3507605;SP;Bragança Paulista;2021;40000
3507704;SP;Braúna;2021;10122
3507753;SP;Brejo Alegre;2021;3844
3507803;SP;Brodowski;2021;12000
3507902;SP;Brotas;2021;25464
3508009;SP;Buri;2021;25232
3508108;SP;Buritama;2021;37600
3508207;SP;Buritizal;2021;11713
3508306;SP;Cabrália Paulista;2021;13100
3508405;SP;Cabreúva;2021;7813
3508504;SP;Caçapava;2021;24000
3508603;SP;Cachoeira Paulista;2021;25610
3508702;SP;Caconde;2021;30000
3508801;SP;Cafelândia;2021;38933
3508900;SP;Caiabu;2021;20600
3509007;SP;Caieiras;2021;60
3509106;SP;Caiuá;2021;68906
3509205;SP;Cajamar;2021;121
3509254;SP;Cajati;2021;7700
3509304;SP;Cajobi;2021;4450
3509403;SP;Cajuru;2021;25600
3509452;SP;Campina do Monte Alegre;2021;5565
3509502;SP;Campinas;2021;20667
3509601;SP;Campo Limpo Paulista;2021;268
3509700;SP;Campos do Jordão;2021;670
3509809;SP;Campos Novos Paulista;2021;13500
3509908;SP;Cananéia;2021;720
3509957;SP;Canas;2021;4430
3510005;SP;Cândido Mota;2021;4447
3510104;SP;Cândido Rodrigues;2021;632
3510153;SP;Canitar;2021;350
3510203;SP;Capão Bonito;2021;25771
3510302;SP;Capela do Alto;2021;9986
3510401;SP;Capivari;2021;5311
3510500;SP;Caraguatatuba;2021;8238
3510708;SP;Cardoso;2021;42163
3510807;SP;Casa Branca;2021;15300
3510906;SP;Cássia dos Coqueiros;2021;14500
3511003;SP;Castilho;2021;96414
3511102;SP;Catanduva;2021;2763
3511201;SP;Catiguá;2021;850
3511300;SP;Cedral;2021;12230
3511409;SP;Cerqueira César;2021;20400
3511508;SP;Cerquilho;2021;9300
3511607;SP;Cesário Lange;2021;10400
3511706;SP;Charqueada;2021;4811
3511904;SP;Clementina;2021;11921
3512001;SP;Colina;2021;11312
3512100;SP;Colômbia;2021;11239
3512209;SP;Conchal;2021;2021
3512308;SP;Conchas;2021;68239
3512407;SP;Cordeirópolis;2021;810
3512506;SP;Coroados;2021;13044
3512605;SP;Coronel Macedo;2021;15000
3512704;SP;Corumbataí;2021;15741
3512803;SP;Cosmópolis;2021;1647
3512902;SP;Cosmorama;2021;35000
3513108;SP;Cravinhos;2021;5000
3513207;SP;Cristais Paulista;2021;22251
3513306;SP;Cruzália;2021;784
3513405;SP;Cruzeiro;2021;16522
3513603;SP;Cunha;2021;120972
3513702;SP;Descalvado;2021;24600
3513850;SP;Dirce Reis;2021;8900
3513900;SP;Divinolândia;2021;24400
3514007;SP;Dobrada;2021;574
3514106;SP;Dois Córregos;2021;14404
3514205;SP;Dolcinópolis;2021;4700
3514304;SP;Dourado;2021;11900
3514403;SP;Dracena;2021;31300
3514502;SP;Duartina;2021;22750
3514601;SP;Dumont;2021;377
3514700;SP;Echaporã;2021;33299
3514809;SP;Eldorado;2021;11400
3514908;SP;Elias Fausto;2021;7572
3514924;SP;Elisiário;2021;1950
3514957;SP;Embaúba;2021;1800
3515129;SP;Emilianópolis;2021;33850
3515152;SP;Engenheiro Coelho;2021;3422
3515186;SP;Espírito Santo do Pinhal;2021;14500
3515194;SP;Espírito Santo do Turvo;2021;16000
3515202;SP;Estrela d'Oeste;2021;33870
3515301;SP;Estrela do Norte;2021;13260
3515350;SP;Euclides da Cunha Paulista;2021;58097
3515400;SP;Fartura;2021;44319
3515509;SP;Fernandópolis;2021;35146
3515608;SP;Fernando Prestes;2021;3012
3515657;SP;Fernão;2021;6325
3515707;SP;Ferraz de Vasconcelos;2021;692
3515806;SP;Flora Rica;2021;19700
3515905;SP;Floreal;2021;16954
3516002;SP;Flórida Paulista;2021;41380
3516101;SP;Florínea;2021;645
3516200;SP;Franca;2021;21252
3516309;SP;Francisco Morato;2021;115
3516408;SP;Franco da Rocha;2021;95
3516507;SP;Gabriel Monteiro;2021;10179
3516606;SP;Gália;2021;18282
3516705;SP;Garça;2021;36935
3516804;SP;Gastão Vidigal;2021;12950
3516853;SP;Gavião Peixoto;2021;1228
3516903;SP;General Salgado;2021;43800
3517000;SP;Getulina;2021;42265
3517109;SP;Glicério;2021;11367
3517208;SP;Guaiçara;2021;21068
3517307;SP;Guaimbê;2021;17194
3517406;SP;Guaíra;2021;16337
3517505;SP;Guapiaçu;2021;11756
3517604;SP;Guapiara;2021;8005
3517703;SP;Guará;2021;4414
3517802;SP;Guaraçaí;2021;45193
3517901;SP;Guaraci;2021;16318
3518008;SP;Guarani d'Oeste;2021;8300
3518107;SP;Guarantã;2021;38608
3518206;SP;Guararapes;2021;53285
3518305;SP;Guararema;2021;8900
3518404;SP;Guaratinguetá;2021;58114
3518503;SP;Guareí;2021;43120
3518602;SP;Guariba;2021;646
3518859;SP;Guatapará;2021;4500
3518909;SP;Guzolândia;2021;27500
3519006;SP;Herculândia;2021;36198
3519055;SP;Holambra;2021;1193
3519105;SP;Iacanga;2021;18773
3519204;SP;Iacri;2021;26547
3519253;SP;Iaras;2021;7800
3519303;SP;Ibaté;2021;4070
3519402;SP;Ibirá;2021;12600
3519501;SP;Ibirarema;2021;3622
3519600;SP;Ibitinga;2021;12500
3519709;SP;Ibiúna;2021;2400
3519808;SP;Icém;2021;10230
3519907;SP;Iepê;2021;15350
3520004;SP;Igaraçu do Tietê;2021;290
3520103;SP;Igarapava;2021;10214
3520202;SP;Igaratá;2021;9650
3520301;SP;Iguape;2021;4000
3520400;SP;Ilhabela;2021;40
3520442;SP;Ilha Solteira;2021;19380
3520509;SP;Indaiatuba;2021;9811
3520608;SP;Indiana;2021;17120
3520707;SP;Indiaporã;2021;27001
3520806;SP;Inúbia Paulista;2021;10270
3520905;SP;Ipaussu;2021;4650
3521002;SP;Iperó;2021;5250
3521101;SP;Ipeúna;2021;11859
3521150;SP;Ipiguá;2021;9512
3521200;SP;Iporanga;2021;2070
3521309;SP;Ipuã;2021;4064
3521408;SP;Iracemápolis;2021;37
3521507;SP;Irapuã;2021;11800
3521606;SP;Irapuru;2021;17980
3521705;SP;Itaberá;2021;26840
3521804;SP;Itaí;2021;22400
3521903;SP;Itajobi;2021;10530
3522000;SP;Itaju;2021;11456
3522109;SP;Itanhaém;2021;300
3522158;SP;Itaoca;2021;7392
3522307;SP;Itapetininga;2021;62865
3522406;SP;Itapeva;2021;28052
3522604;SP;Itapira;2021;35133
3522653;SP;Itapirapuã Paulista;2021;3320
3522703;SP;Itápolis;2021;30198
3522802;SP;Itaporanga;2021;30000
3522901;SP;Itapuí;2021;1267
3523008;SP;Itapura;2021;9150
3523107;SP;Itaquaquecetuba;2021;490
3523206;SP;Itararé;2021;25000
3523305;SP;Itariri;2021;414
3523404;SP;Itatiba;2021;19500
3523503;SP;Itatinga;2021;21412
3523602;SP;Itirapina;2021;21993
3523701;SP;Itirapuã;2021;11600
3523800;SP;Itobi;2021;13800
3523909;SP;Itu;2021;29948
3524006;SP;Itupeva;2021;9380
3524105;SP;Ituverava;2021;17316
3524204;SP;Jaborandi;2021;2983
3524303;SP;Jaboticabal;2021;4901
3524402;SP;Jacareí;2021;19000
3524501;SP;Jaci;2021;7406
3524600;SP;Jacupiranga;2021;7200
3524709;SP;Jaguariúna;2021;4671
3524808;SP;Jales;2021;35732
3524907;SP;Jambeiro;2021;14000
3525102;SP;Jardinópolis;2021;6500
3525201;SP;Jarinu;2021;4850
3525300;SP;Jaú;2021;8732
3525409;SP;Jeriquara;2021;1745
3525508;SP;Joanópolis;2021;18200
3525607;SP;João Ramalho;2021;23500
3525706;SP;José Bonifácio;2021;60200
3525805;SP;Júlio Mesquita;2021;11105
3525854;SP;Jumirim;2021;6602
3525904;SP;Jundiaí;2021;3990
3526001;SP;Junqueirópolis;2021;33400
3526100;SP;Juquiá;2021;6800
3526308;SP;Lagoinha;2021;21125
3526407;SP;Laranjal Paulista;2021;37787
3526506;SP;Lavínia;2021;47056
3526605;SP;Lavrinhas;2021;9500
3526704;SP;Leme;2021;1850
3526803;SP;Lençóis Paulista;2021;4559
3526902;SP;Limeira;2021;13839
3527009;SP;Lindóia;2021;3232
3527108;SP;Lins;2021;26486
3527207;SP;Lorena;2021;31785
3527256;SP;Lourdes;2021;9341
3527306;SP;Louveira;2021;1200
3527405;SP;Lucélia;2021;31570
3527504;SP;Lucianópolis;2021;8800
3527603;SP;Luís Antônio;2021;8000
3527702;SP;Luiziânia;2021;12402
3527801;SP;Lupércio;2021;12041
3527900;SP;Lutécia;2021;35110
3528007;SP;Macatuba;2021;763
3528106;SP;Macaubal;2021;23200
3528205;SP;Macedônia;2021;28210
3528304;SP;Magda;2021;15090
3528403;SP;Mairinque;2021;3600
3528502;SP;Mairiporã;2021;187
3528601;SP;Manduri;2021;9270
3528700;SP;Marabá Paulista;2021;91916
3528809;SP;Maracaí;2021;6000
3528858;SP;Marapoama;2021;1500
3528908;SP;Mariápolis;2021;28785
3529005;SP;Marília;2021;113357
3529104;SP;Marinópolis;2021;12015
3529203;SP;Martinópolis;2021;82250
3529302;SP;Matão;2021;5160
3529401;SP;Mauá;2021;55
3529500;SP;Mendonça;2021;9685
3529609;SP;Meridiano;2021;14406
3529658;SP;Mesópolis;2021;6700
3529708;SP;Miguelópolis;2021;4433
3529807;SP;Mineiros do Tietê;2021;4128
3529906;SP;Miracatu;2021;3200
3530003;SP;Mira Estrela;2021;19879
3530102;SP;Mirandópolis;2021;73832
3530201;SP;Mirante do Paranapanema;2021;129523
3530300;SP;Mirassol;2021;16500
3530409;SP;Mirassolândia;2021;12745
3530508;SP;Mococa;2021;53000
3530607;SP;Mogi das Cruzes;2021;3950
3530706;SP;Mogi Guaçu;2021;16189
3530805;SP;Mogi Mirim;2021;17434
3530904;SP;Mombuca;2021;2495
3531001;SP;Monções;2021;2420
3531100;SP;Mongaguá;2021;13
3531209;SP;Monte Alegre do Sul;2021;4735
3531308;SP;Monte Alto;2021;15612
3531407;SP;Monte Aprazível;2021;32980
3531506;SP;Monte Azul Paulista;2021;7010
3531605;SP;Monte Castelo;2021;12100
3531704;SP;Monteiro Lobato;2021;12500
3531803;SP;Monte Mor;2021;10500
3531902;SP;Morro Agudo;2021;11377
3532009;SP;Morungaba;2021;7131
3532058;SP;Motuca;2021;942
3532108;SP;Murutinga do Sul;2021;30049
3532157;SP;Nantes;2021;8210
3532207;SP;Narandiba;2021;9550
3532306;SP;Natividade da Serra;2021;21410
3532405;SP;Nazaré Paulista;2021;6100
3532504;SP;Neves Paulista;2021;15250
3532603;SP;Nhandeara;2021;34850
3532702;SP;Nipoã;2021;7678
3532801;SP;Nova Aliança;2021;11780
3532827;SP;Nova Campina;2021;2160
3532843;SP;Nova Canaã Paulista;2021;15824
3532868;SP;Nova Castilho;2021;18500
3532900;SP;Nova Europa;2021;683
3533007;SP;Nova Granada;2021;42432
3533106;SP;Nova Guataporanga;2021;3600
3533205;SP;Nova Independência;2021;9007
3533254;SP;Novais;2021;1180
3533304;SP;Nova Luzitânia;2021;9530
3533403;SP;Nova Odessa;2021;283
3533502;SP;Novo Horizonte;2021;31250
3533601;SP;Nuporanga;2021;3830
3533700;SP;Ocauçu;2021;22846
3533809;SP;Óleo;2021;8949
3533908;SP;Olímpia;2021;17249
3534005;SP;Onda Verde;2021;5420
3534104;SP;Oriente;2021;13582
3534203;SP;Orindiúva;2021;6120
3534302;SP;Orlândia;2021;4484
3534500;SP;Oscar Bressane;2021;28469
3534609;SP;Osvaldo Cruz;2021;29755
3534708;SP;Ourinhos;2021;6700
3534757;SP;Ouroeste;2021;15706
3534807;SP;Ouro Verde;2021;18500
3534906;SP;Pacaembu;2021;43784
3535002;SP;Palestina;2021;37696
3535101;SP;Palmares Paulista;2021;230
3535200;SP;Palmeira d'Oeste;2021;47002
3535309;SP;Palmital;2021;4100
3535408;SP;Panorama;2021;16100
3535507;SP;Paraguaçu Paulista;2021;32000
3535606;SP;Paraibuna;2021;30850
3535705;SP;Paraíso;2021;1100
3535804;SP;Paranapanema;2021;32000
3535903;SP;Paranapuã;2021;6710
3536000;SP;Parapuã;2021;31240
3536109;SP;Pardinho;2021;12300
3536208;SP;Pariquera-Açu;2021;2800
3536257;SP;Parisi;2021;8500
3536307;SP;Patrocínio Paulista;2021;25452
3536406;SP;Paulicéia;2021;12300
3536505;SP;Paulínia;2021;320
3536570;SP;Paulistânia;2021;5988
3536604;SP;Paulo de Faria;2021;29700
3536703;SP;Pederneiras;2021;25000
3536802;SP;Pedra Bela;2021;11800
3536901;SP;Pedranópolis;2021;23633
3537008;SP;Pedregulho;2021;26458
3537107;SP;Pedreira;2021;10020
3537156;SP;Pedrinhas Paulista;2021;1150
3537206;SP;Pedro de Toledo;2021;1460
3537305;SP;Penápolis;2021;22964
3537404;SP;Pereira Barreto;2021;46160
3537503;SP;Pereiras;2021;36516
3537602;SP;Peruíbe;2021;357
3537701;SP;Piacatu;2021;23911
3537800;SP;Piedade;2021;9500
3537909;SP;Pilar do Sul;2021;13595
3538006;SP;Pindamonhangaba;2021;57486
3538105;SP;Pindorama;2021;3000
3538204;SP;Pinhalzinho;2021;8800
3538303;SP;Piquerobi;2021;63322
3538501;SP;Piquete;2021;8061
3538600;SP;Piracaia;2021;17300
3538709;SP;Piracicaba;2021;53111
3538808;SP;Piraju;2021;24201
3538907;SP;Pirajuí;2021;53386
3539004;SP;Pirangi;2021;1800
3539202;SP;Pirapozinho;2021;26150
3539301;SP;Pirassununga;2021;9520
3539400;SP;Piratininga;2021;30429
3539509;SP;Pitangueiras;2021;5520
3539608;SP;Planalto;2021;7950
3539707;SP;Platina;2021;8000
3539806;SP;Poá;2021;190
3539905;SP;Poloni;2021;13550
3540002;SP;Pompéia;2021;63732
3540101;SP;Pongaí;2021;19251
3540200;SP;Pontal;2021;504
3540259;SP;Pontalinda;2021;18190
3540309;SP;Pontes Gestal;2021;8985
3540408;SP;Populina;2021;18150
3540507;SP;Porangaba;2021;26000
3540606;SP;Porto Feliz;2021;23808
3540705;SP;Porto Ferreira;2021;2700
3540754;SP;Potim;2021;6262
3540804;SP;Potirendaba;2021;42050
3540853;SP;Pracinha;2021;6530
3540903;SP;Pradópolis;2021;413
3541059;SP;Pratânia;2021;5341
3541109;SP;Presidente Alves;2021;21967
3541208;SP;Presidente Bernardes;2021;115400
3541307;SP;Presidente Epitácio;2021;95761
3541406;SP;Presidente Prudente;2021;54500
3541505;SP;Presidente Venceslau;2021;101421
3541604;SP;Promissão;2021;52750
3541653;SP;Quadra;2021;9250
3541703;SP;Quatá;2021;27300
3541802;SP;Queiroz;2021;10513
3541901;SP;Queluz;2021;9850
3542008;SP;Quintana;2021;31695
3542107;SP;Rafard;2021;3295
3542206;SP;Rancharia;2021;112750
3542305;SP;Redenção da Serra;2021;14566
3542404;SP;Regente Feijó;2021;27500
3542503;SP;Reginópolis;2021;20056
3542602;SP;Registro;2021;8600
3542701;SP;Restinga;2021;6523
3542800;SP;Ribeira;2021;5396
3542909;SP;Ribeirão Bonito;2021;12100
3543006;SP;Ribeirão Branco;2021;11151
3543105;SP;Ribeirão Corrente;2021;3324
3543204;SP;Ribeirão do Sul;2021;4100
3543238;SP;Ribeirão dos Índios;2021;26149
3543253;SP;Ribeirão Grande;2021;4920
3543303;SP;Ribeirão Pires;2021;80
3543402;SP;Ribeirão Preto;2021;4000
3543501;SP;Riversul;2021;35000
3543600;SP;Rifaina;2021;6624
3543709;SP;Rincão;2021;4342
3543808;SP;Rinópolis;2021;46880
3543907;SP;Rio Claro;2021;19483
3544004;SP;Rio das Pedras;2021;1915
3544103;SP;Rio Grande da Serra;2021;32
3544202;SP;Riolândia;2021;31000
3544251;SP;Rosana;2021;59125
3544301;SP;Roseira;2021;5935
3544400;SP;Rubiácea;2021;17939
3544509;SP;Rubinéia;2021;15219
3544608;SP;Sabino;2021;25893
3544707;SP;Sagres;2021;12680
3544806;SP;Sales;2021;25000
3544905;SP;Sales Oliveira;2021;8978
3545001;SP;Salesópolis;2021;4430
3545100;SP;Salmourão;2021;13269
3545159;SP;Saltinho;2021;6022
3545209;SP;Salto;2021;3412
3545308;SP;Salto de Pirapora;2021;8000
3545407;SP;Salto Grande;2021;3700
3545506;SP;Sandovalina;2021;20250
3545605;SP;Santa Adélia;2021;4000
3545704;SP;Santa Albertina;2021;22874
3545803;SP;Santa Bárbara d'Oeste;2021;1523
3546009;SP;Santa Branca;2021;11100
3546108;SP;Santa Clara d'Oeste;2021;19188
3546207;SP;Santa Cruz da Conceição;2021;9550
3546256;SP;Santa Cruz da Esperança;2021;2000
3546306;SP;Santa Cruz das Palmeiras;2021;1500
3546405;SP;Santa Cruz do Rio Pardo;2021;42500
3546504;SP;Santa Ernestina;2021;212
3546603;SP;Santa Fé do Sul;2021;26495
3546702;SP;Santa Gertrudes;2021;460
3546801;SP;Santa Isabel;2021;6580
3546900;SP;Santa Lúcia;2021;380
3547007;SP;Santa Maria da Serra;2021;11370
3547106;SP;Santa Mercedes;2021;10600
3547205;SP;Santana da Ponte Pensa;2021;15612
3547304;SP;Santana de Parnaíba;2021;1401
3547403;SP;Santa Rita d'Oeste;2021;17385
3547502;SP;Santa Rita do Passa Quatro;2021;20750
3547601;SP;Santa Rosa de Viterbo;2021;8900
3547650;SP;Santa Salete;2021;10010
3547700;SP;Santo Anastácio;2021;84303
3547908;SP;Santo Antônio da Alegria;2021;18225
3548005;SP;Santo Antônio de Posse;2021;4449
3548054;SP;Santo Antônio do Aracanguá;2021;81360
3548104;SP;Santo Antônio do Jardim;2021;5800
3548203;SP;Santo Antônio do Pinhal;2021;3873
3548302;SP;Santo Expedito;2021;13300
3548401;SP;Santópolis do Aguapeí;2021;7399
3548609;SP;São Bento do Sapucaí;2021;14062
3548906;SP;São Carlos;2021;38400
3549003;SP;São Francisco;2021;11902
3549102;SP;São João da Boa Vista;2021;38800
3549201;SP;São João das Duas Pontes;2021;9750
3549250;SP;São João de Iracema;2021;7590
3549300;SP;São João do Pau d'Alho;2021;3800
3549409;SP;São Joaquim da Barra;2021;4487
3549508;SP;São José da Bela Vista;2021;4865
3549607;SP;São José do Barreiro;2021;15117
3549706;SP;São José do Rio Pardo;2021;51300
3549805;SP;São José do Rio Preto;2021;24900
3549904;SP;São José dos Campos;2021;58800
3550001;SP;São Luiz do Paraitinga;2021;37462
3550100;SP;São Manuel;2021;7947
3550209;SP;São Miguel Arcanjo;2021;17895
3550308;SP;São Paulo;2021;300
3550407;SP;São Pedro;2021;33333
3550506;SP;São Pedro do Turvo;2021;36000
3550605;SP;São Roque;2021;2580
3550704;SP;São Sebastião;2021;67
3550803;SP;São Sebastião da Grama;2021;17000
3550902;SP;São Simão;2021;10720
3551108;SP;Sarapuí;2021;17198
3551207;SP;Sarutaiá;2021;5002
3551306;SP;Sebastianópolis do Sul;2021;4460
3551405;SP;Serra Azul;2021;2240
3551504;SP;Serrana;2021;1250
3551603;SP;Serra Negra;2021;10582
3551702;SP;Sertãozinho;2021;6602
3551801;SP;Sete Barras;2021;7600
3551900;SP;Severínia;2021;2760
3552007;SP;Silveiras;2021;21500
3552106;SP;Socorro;2021;51200
3552205;SP;Sorocaba;2021;9100
3552304;SP;Sud Mennucci;2021;37700
3552403;SP;Sumaré;2021;950
3552502;SP;Suzano;2021;4186
3552551;SP;Suzanápolis;2021;25800
3552601;SP;Tabapuã;2021;6000
3552700;SP;Tabatinga;2021;6504
3552908;SP;Taciba;2021;24300
3553005;SP;Taguaí;2021;18369
3553104;SP;Taiaçu;2021;1930
3553203;SP;Taiúva;2021;770
3553302;SP;Tambaú;2021;8620
3553401;SP;Tanabi;2021;45000
3553500;SP;Tapiraí;2021;1300
3553609;SP;Tapiratiba;2021;14500
3553658;SP;Taquaral;2021;50
3553708;SP;Taquaritinga;2021;4450
3553807;SP;Taquarituba;2021;17500
3553856;SP;Taquarivaí;2021;4895
3553906;SP;Tarabai;2021;21150
3553955;SP;Tarumã;2021;3100
3554003;SP;Tatuí;2021;19395
3554102;SP;Taubaté;2021;36957
3554201;SP;Tejupá;2021;11916
3554300;SP;Teodoro Sampaio;2021;81004
3554409;SP;Terra Roxa;2021;1510
3554508;SP;Tietê;2021;31849
3554607;SP;Timburi;2021;13483
3554656;SP;Torre de Pedra;2021;6600
3554706;SP;Torrinha;2021;23277
3554755;SP;Trabiju;2021;1578
3554805;SP;Tremembé;2021;7360
3554904;SP;Três Fronteiras;2021;17082
3554953;SP;Tuiuti;2021;11600
3555000;SP;Tupã;2021;51667
3555109;SP;Tupi Paulista;2021;14400
3555208;SP;Turiúba;2021;15844
3555307;SP;Turmalina;2021;11029
3555356;SP;Ubarana;2021;4520
3555406;SP;Ubatuba;2021;96
3555505;SP;Ubirajara;2021;16400
3555604;SP;Uchoa;2021;11230
3555703;SP;União Paulista;2021;3250
3555802;SP;Urânia;2021;23780
3555901;SP;Uru;2021;9181
3556008;SP;Urupês;2021;9950
3556107;SP;Valentim Gentil;2021;13500
3556206;SP;Valinhos;2021;1800
3556305;SP;Valparaíso;2021;24556
3556354;SP;Vargem;2021;7600
3556404;SP;Vargem Grande do Sul;2021;19200
3556503;SP;Várzea Paulista;2021;106
3556602;SP;Vera Cruz;2021;21340
3556701;SP;Vinhedo;2021;3000
3556800;SP;Viradouro;2021;1410
3556909;SP;Vista Alegre do Alto;2021;826
3556958;SP;Vitória Brasil;2021;3850
3557006;SP;Votorantim;2021;1500
3557105;SP;Votuporanga;2021;33300
3557154;SP;Zacarias;2021;12300
3557204;SP;Chavantes;2021;2000
3557303;SP;Estiva Gerbi;2021;2566
4100103;PR;Abatiá;2021;11978
4100202;PR;Adrianópolis;2021;10987
4100301;PR;Agudos do Sul;2021;1673
4100400;PR;Almirante Tamandaré;2021;520
4100459;PR;Altamira do Paraná;2021;54856
4100509;PR;Altônia;2021;62201
4100608;PR;Alto Paraná;2021;39226
4100707;PR;Alto Piquiri;2021;8406
4100806;PR;Alvorada do Sul;2021;4071
4100905;PR;Amaporã;2021;29181
4101002;PR;Ampére;2021;29934
4101051;PR;Anahy;2021;4579
4101101;PR;Andirá;2021;1493
4101150;PR;Ângulo;2021;9200
4101200;PR;Antonina;2021;325
4101309;PR;Antônio Olinto;2021;3486
4101408;PR;Apucarana;2021;15760
4101507;PR;Arapongas;2021;5511
4101606;PR;Arapoti;2021;39571
4101655;PR;Arapuã;2021;14311
4101705;PR;Araruna;2021;14188
4101804;PR;Araucária;2021;3950
4101853;PR;Ariranha do Ivaí;2021;7381
4101903;PR;Assaí;2021;8856
4102000;PR;Assis Chateaubriand;2021;6212
4102109;PR;Astorga;2021;29477
4102208;PR;Atalaia;2021;5372
4102307;PR;Balsa Nova;2021;7093
4102406;PR;Bandeirantes;2021;9528
4102505;PR;Barbosa Ferraz;2021;46100
4102604;PR;Barracão;2021;13497
4102703;PR;Barra do Jacaré;2021;3089
4102752;PR;Bela Vista da Caroba;2021;11637
4102802;PR;Bela Vista do Paraíso;2021;3802
4102901;PR;Bituruna;2021;20500
4103008;PR;Boa Esperança;2021;2948
4103024;PR;Boa Esperança do Iguaçu;2021;13000
4103040;PR;Boa Ventura de São Roque;2021;25700
4103057;PR;Boa Vista da Aparecida;2021;22597
4103107;PR;Bocaiúva do Sul;2021;3202
4103156;PR;Bom Jesus do Sul;2021;17744
4103206;PR;Bom Sucesso;2021;15090
4103222;PR;Bom Sucesso do Sul;2021;2532
4103305;PR;Borrazópolis;2021;13355
4103354;PR;Braganey;2021;15964
4103370;PR;Brasilândia do Sul;2021;3186
4103404;PR;Cafeara;2021;11154
4103453;PR;Cafelândia;2021;4149
4103479;PR;Cafezal do Sul;2021;29779
4103503;PR;Califórnia;2021;6700
4103602;PR;Cambará;2021;3999
4103701;PR;Cambé;2021;2578
4103800;PR;Cambira;2021;7779
4103909;PR;Campina da Lagoa;2021;50686
4103958;PR;Campina do Simão;2021;12000
4104006;PR;Campina Grande do Sul;2021;2275
4104055;PR;Campo Bonito;2021;22839
4104105;PR;Campo do Tenente;2021;2792
4104204;PR;Campo Largo;2021;9047
4104253;PR;Campo Magro;2021;1886
4104303;PR;Campo Mourão;2021;10254
4104402;PR;Cândido de Abreu;2021;91120
4104428;PR;Candói;2021;72500
4104451;PR;Cantagalo;2021;33920
4104501;PR;Capanema;2021;21736
4104600;PR;Capitão Leônidas Marques;2021;20154
4104659;PR;Carambeí;2021;50000
4104709;PR;Carlópolis;2021;28289
4104808;PR;Cascavel;2021;62584
4104907;PR;Castro;2021;121000
4105003;PR;Catanduvas;2021;32805
4105102;PR;Centenário do Sul;2021;12794
4105201;PR;Cerro Azul;2021;24159
4105300;PR;Céu Azul;2021;15312
4105409;PR;Chopinzinho;2021;48156
4105508;PR;Cianorte;2021;50914
4105607;PR;Cidade Gaúcha;2021;29287
4105706;PR;Clevelândia;2021;12007
4105805;PR;Colombo;2021;491
4105904;PR;Colorado;2021;18136
4106001;PR;Congonhinhas;2021;26179
4106100;PR;Conselheiro Mairinck;2021;17955
4106209;PR;Contenda;2021;1728
4106308;PR;Corbélia;2021;8793
4106407;PR;Cornélio Procópio;2021;19286
4106456;PR;Coronel Domingos Soares;2021;44240
4106506;PR;Coronel Vivida;2021;33203
4106555;PR;Corumbataí do Sul;2021;14717
4106571;PR;Cruzeiro do Iguaçu;2021;10476
4106605;PR;Cruzeiro do Oeste;2021;57285
4106704;PR;Cruzeiro do Sul;2021;10916
4106803;PR;Cruz Machado;2021;13500
4106852;PR;Cruzmaltina;2021;9619
4106902;PR;Curitiba;2021;1465
4107009;PR;Curiúva;2021;29855
4107108;PR;Diamante do Norte;2021;17450
4107124;PR;Diamante do Sul;2021;34100
4107157;PR;Diamante D'Oeste;2021;29058
4107207;PR;Dois Vizinhos;2021;29831
4107256;PR;Douradina;2021;46472
4107306;PR;Doutor Camargo;2021;1435
4107405;PR;Enéas Marques;2021;21780
4107504;PR;Engenheiro Beltrão;2021;4753
4107520;PR;Esperança Nova;2021;26405
4107538;PR;Entre Rios do Oeste;2021;4727
4107546;PR;Espigão Alto do Iguaçu;2021;20700
4107553;PR;Farol;2021;9200
4107603;PR;Faxinal;2021;31139
4107652;PR;Fazenda Rio Grande;2021;625
4107702;PR;Fênix;2021;2673
4107736;PR;Fernandes Pinheiro;2021;4415
4107751;PR;Figueira;2021;7083
4107801;PR;Floraí;2021;3066
4107850;PR;Flor da Serra do Sul;2021;13639
4107900;PR;Floresta;2021;660
4108007;PR;Florestópolis;2021;2508
4108106;PR;Flórida;2021;5416
4108205;PR;Formosa do Oeste;2021;9669
4108304;PR;Foz do Iguaçu;2021;2796
4108320;PR;Francisco Alves;2021;16611
4108403;PR;Francisco Beltrão;2021;41831
4108452;PR;Foz do Jordão;2021;6400
4108502;PR;General Carneiro;2021;13000
4108551;PR;Godoy Moreira;2021;9561
4108601;PR;Goioerê;2021;11176
4108650;PR;Goioxim;2021;33000
4108700;PR;Grandes Rios;2021;30919
4108809;PR;Guaíra;2021;4000
4108908;PR;Guairaçá;2021;41882
4108957;PR;Guamiranga;2021;6010
4109005;PR;Guapirama;2021;21252
4109104;PR;Guaporema;2021;10403
4109203;PR;Guaraci;2021;21496
4109302;PR;Guaraniaçu;2021;122500
4109401;PR;Guarapuava;2021;50000
4109500;PR;Guaraqueçaba;2021;276
4109609;PR;Guaratuba;2021;1903
4109658;PR;Honório Serpa;2021;24048
4109708;PR;Ibaiti;2021;74532
4109757;PR;Ibema;2021;8707
4109807;PR;Ibiporã;2021;5082
4109906;PR;Icaraíma;2021;78769
4110003;PR;Iguaraçu;2021;5580
4110052;PR;Iguatu;2021;6735
4110078;PR;Imbaú;2021;3335
4110102;PR;Imbituva;2021;7605
4110201;PR;Inácio Martins;2021;7600
4110300;PR;Inajá;2021;6486
4110409;PR;Indianópolis;2021;9663
4110508;PR;Ipiranga;2021;9000
4110607;PR;Iporã;2021;45203
4110656;PR;Iracema do Oeste;2021;1172
4110706;PR;Irati;2021;9470
4110805;PR;Iretama;2021;43387
4110904;PR;Itaguajé;2021;11212
4110953;PR;Itaipulândia;2021;5068
4111001;PR;Itambaracá;2021;2002
4111100;PR;Itambé;2021;2150
4111209;PR;Itapejara d'Oeste;2021;8115
4111258;PR;Itaperuçu;2021;4300
4111308;PR;Itaúna do Sul;2021;9297
4111407;PR;Ivaí;2021;14820
4111506;PR;Ivaiporã;2021;15310
4111555;PR;Ivaté;2021;20135
4111605;PR;Ivatuba;2021;99
4111704;PR;Jaboti;2021;12735
4111803;PR;Jacarezinho;2021;35672
4111902;PR;Jaguapitã;2021;26164
4112009;PR;Jaguariaíva;2021;28486
4112108;PR;Jandaia do Sul;2021;9850
4112207;PR;Janiópolis;2021;15823
4112306;PR;Japira;2021;14697
4112405;PR;Japurá;2021;3178
4112504;PR;Jardim Alegre;2021;22009
4112603;PR;Jardim Olinda;2021;4774
4112702;PR;Jataizinho;2021;10699
4112751;PR;Jesuítas;2021;9129
4112801;PR;Joaquim Távora;2021;35136
4112900;PR;Jundiaí do Sul;2021;32887
4112959;PR;Juranda;2021;2582
4113007;PR;Jussara;2021;894
4113106;PR;Kaloré;2021;6680
4113205;PR;Lapa;2021;31211
4113254;PR;Laranjal;2021;71100
4113304;PR;Laranjeiras do Sul;2021;49800
4113403;PR;Leópolis;2021;16454
4113429;PR;Lidianópolis;2021;7123
4113452;PR;Lindoeste;2021;26279
4113502;PR;Loanda;2021;82140
4113601;PR;Lobato;2021;6704
4113700;PR;Londrina;2021;40061
4113734;PR;Luiziana;2021;28052
4113759;PR;Lunardelli;2021;9183
4113809;PR;Lupionópolis;2021;5952
4113908;PR;Mallet;2021;4154
4114005;PR;Mamborê;2021;7327
4114104;PR;Mandaguaçu;2021;6570
4114203;PR;Mandaguari;2021;29770
4114302;PR;Mandirituba;2021;2329
4114351;PR;Manfrinópolis;2021;21974
4114401;PR;Mangueirinha;2021;38031
4114500;PR;Manoel Ribas;2021;35100
4114609;PR;Marechal Cândido Rondon;2021;36335
4114708;PR;Maria Helena;2021;51374
4114807;PR;Marialva;2021;10420
4114906;PR;Marilândia do Sul;2021;7150
4115002;PR;Marilena;2021;23116
4115101;PR;Mariluz;2021;15759
4115200;PR;Maringá;2021;4480
4115309;PR;Mariópolis;2021;6256
4115358;PR;Maripá;2021;6595
4115408;PR;Marmeleiro;2021;17326
4115457;PR;Marquinho;2021;53600
4115507;PR;Marumbi;2021;11500
4115606;PR;Matelândia;2021;26895
4115705;PR;Matinhos;2021;19
4115739;PR;Mato Rico;2021;25940
4115754;PR;Mauá da Serra;2021;2540
4115804;PR;Medianeira;2021;27554
4115853;PR;Mercedes;2021;10030
4115903;PR;Mirador;2021;12936
4116000;PR;Miraselva;2021;4852
4116059;PR;Missal;2021;24197
4116109;PR;Moreira Sales;2021;22124
4116208;PR;Morretes;2021;1202
4116307;PR;Munhoz de Melo;2021;8534
4116406;PR;Nossa Senhora das Graças;2021;10552
4116505;PR;Nova Aliança do Ivaí;2021;12717
4116604;PR;Nova América da Colina;2021;5001
4116703;PR;Nova Aurora;2021;11008
4116802;PR;Nova Cantu;2021;34096
4116901;PR;Nova Esperança;2021;30274
4116950;PR;Nova Esperança do Sudoeste;2021;28790
4117008;PR;Nova Fátima;2021;9250
4117057;PR;Nova Laranjeiras;2021;103300
4117107;PR;Nova Londrina;2021;31159
4117206;PR;Nova Olímpia;2021;15757
4117214;PR;Nova Santa Bárbara;2021;402
4117222;PR;Nova Santa Rosa;2021;9528
4117255;PR;Nova Prata do Iguaçu;2021;23657
4117271;PR;Nova Tebas;2021;53900
4117297;PR;Novo Itacolomi;2021;15390
4117305;PR;Ortigueira;2021;133885
4117404;PR;Ourizona;2021;655
4117453;PR;Ouro Verde do Oeste;2021;18674
4117503;PR;Paiçandu;2021;1160
4117602;PR;Palmas;2021;25444
4117701;PR;Palmeira;2021;26000
4117800;PR;Palmital;2021;97355
4117909;PR;Palotina;2021;7885
4118006;PR;Paraíso do Norte;2021;6068
4118105;PR;Paranacity;2021;6347
4118204;PR;Paranaguá;2021;665
4118303;PR;Paranapoema;2021;9754
4118402;PR;Paranavaí;2021;116659
4118451;PR;Pato Bragado;2021;6284
4118501;PR;Pato Branco;2021;17483
4118600;PR;Paula Freitas;2021;6000
4118709;PR;Paulo Frontin;2021;3885
4118808;PR;Peabiru;2021;10307
4118857;PR;Perobal;2021;25785
4118907;PR;Pérola;2021;41200
4119004;PR;Pérola d'Oeste;2021;8742
4119103;PR;Piên;2021;2010
4119152;PR;Pinhais;2021;488
4119202;PR;Pinhalão;2021;7692
4119251;PR;Pinhal de São Bento;2021;11091
4119301;PR;Pinhão;2021;60000
4119400;PR;Piraí do Sul;2021;26794
4119509;PR;Piraquara;2021;1739
4119608;PR;Pitanga;2021;77100
4119657;PR;Pitangueiras;2021;1618
4119707;PR;Planaltina do Paraná;2021;35790
4119806;PR;Planalto;2021;34060
4119905;PR;Ponta Grossa;2021;25000
4119954;PR;Pontal do Paraná;2021;41
4120002;PR;Porecatu;2021;3479
4120101;PR;Porto Amazonas;2021;3800
4120150;PR;Porto Barreiro;2021;28300
4120200;PR;Porto Rico;2021;21167
4120309;PR;Porto Vitória;2021;5700
4120333;PR;Prado Ferreira;2021;1878
4120358;PR;Pranchita;2021;6536
4120408;PR;Presidente Castelo Branco;2021;4050
4120507;PR;Primeiro de Maio;2021;3856
4120606;PR;Prudentópolis;2021;69100
4120655;PR;Quarto Centenário;2021;4115
4120705;PR;Quatiguá;2021;15587
4120804;PR;Quatro Barras;2021;633
4120853;PR;Quatro Pontes;2021;7539
4120903;PR;Quedas do Iguaçu;2021;49400
4121000;PR;Querência do Norte;2021;69343
4121109;PR;Quinta do Sol;2021;4000
4121208;PR;Quitandinha;2021;3000
4121257;PR;Ramilândia;2021;25283
4121307;PR;Rancho Alegre;2021;410
4121356;PR;Rancho Alegre D'Oeste;2021;2251
4121406;PR;Realeza;2021;20840
4121505;PR;Rebouças;2021;4580
4121604;PR;Renascença;2021;10501
4121703;PR;Reserva;2021;77432
4121752;PR;Reserva do Iguaçu;2021;27000
4121802;PR;Ribeirão Claro;2021;57288
4121901;PR;Ribeirão do Pinhal;2021;19359
4122008;PR;Rio Azul;2021;5547
4122107;PR;Rio Bom;2021;13590
4122156;PR;Rio Bonito do Iguaçu;2021;47700
4122172;PR;Rio Branco do Ivaí;2021;12846
4122206;PR;Rio Branco do Sul;2021;17281
4122305;PR;Rio Negro;2021;3569
4122404;PR;Rolândia;2021;4619
4122503;PR;Roncador;2021;31661
4122602;PR;Rondon;2021;26249
4122651;PR;Rosário do Ivaí;2021;39633
4122701;PR;Sabáudia;2021;7356
4122800;PR;Salgado Filho;2021;22569
4122909;PR;Salto do Itararé;2021;18139
4123006;PR;Salto do Lontra;2021;25187
4123105;PR;Santa Amélia;2021;1484
4123204;PR;Santa Cecília do Pavão;2021;3444
4123303;PR;Santa Cruz de Monte Castelo;2021;48437
4123402;PR;Santa Fé;2021;17606
4123501;PR;Santa Helena;2021;28600
4123600;PR;Santa Inês;2021;4462
4123709;PR;Santa Isabel do Ivaí;2021;36885
4123808;PR;Santa Izabel do Oeste;2021;21466
4123824;PR;Santa Lúcia;2021;9490
4123857;PR;Santa Maria do Oeste;2021;35321
4123907;PR;Santa Mariana;2021;2580
4123956;PR;Santa Mônica;2021;16079
4124004;PR;Santana do Itararé;2021;14544
4124020;PR;Santa Tereza do Oeste;2021;6581
4124053;PR;Santa Terezinha de Itaipu;2021;4120
4124103;PR;Santo Antônio da Platina;2021;63345
4124202;PR;Santo Antônio do Caiuá;2021;22907
4124301;PR;Santo Antônio do Paraíso;2021;3112
4124400;PR;Santo Antônio do Sudoeste;2021;17266
4124509;PR;Santo Inácio;2021;12936
4124608;PR;São Carlos do Ivaí;2021;2724
4124707;PR;São Jerônimo da Serra;2021;33178
4124806;PR;São João;2021;21476
4124905;PR;São João do Caiuá;2021;33032
4125001;PR;São João do Ivaí;2021;10002
4125100;PR;São João do Triunfo;2021;3481
4125209;PR;São Jorge d'Oeste;2021;35576
4125308;PR;São Jorge do Ivaí;2021;1030
4125357;PR;São Jorge do Patrocínio;2021;33418
4125407;PR;São José da Boa Vista;2021;14921
4125456;PR;São José das Palmeiras;2021;21448
4125506;PR;São José dos Pinhais;2021;7149
4125555;PR;São Manoel do Paraná;2021;2609
4125605;PR;São Mateus do Sul;2021;15000
4125704;PR;São Miguel do Iguaçu;2021;18628
4125753;PR;São Pedro do Iguaçu;2021;15466
4125803;PR;São Pedro do Ivaí;2021;8190
4125902;PR;São Pedro do Paraná;2021;30298
4126009;PR;São Sebastião da Amoreira;2021;1974
4126108;PR;São Tomé;2021;6353
4126207;PR;Sapopema;2021;49766
4126256;PR;Sarandi;2021;1060
4126272;PR;Saudade do Iguaçu;2021;15341
4126306;PR;Sengés;2021;22642
4126355;PR;Serranópolis do Iguaçu;2021;6177
4126405;PR;Sertaneja;2021;1082
4126504;PR;Sertanópolis;2021;11151
4126603;PR;Siqueira Campos;2021;40840
4126652;PR;Sulina;2021;16751
4126678;PR;Tamarana;2021;14011
4126702;PR;Tamboara;2021;12890
4126801;PR;Tapejara;2021;37176
4126900;PR;Tapira;2021;50584
4127007;PR;Teixeira Soares;2021;11420
4127106;PR;Telêmaco Borba;2021;1297
4127205;PR;Terra Boa;2021;5684
4127304;PR;Terra Rica;2021;62971
4127403;PR;Terra Roxa;2021;14407
4127502;PR;Tibagi;2021;30392
4127601;PR;Tijucas do Sul;2021;4378
4127700;PR;Toledo;2021;38801
4127809;PR;Tomazina;2021;45509
4127858;PR;Três Barras do Paraná;2021;38259
4127882;PR;Tunas do Paraná;2021;840
4127908;PR;Tuneiras do Oeste;2021;30815
4127957;PR;Tupãssi;2021;2444
4127965;PR;Turvo;2021;38700
4128005;PR;Ubiratã;2021;11489
4128104;PR;Umuarama;2021;134086
4128203;PR;União da Vitória;2021;7000
4128302;PR;Uniflor;2021;4624
4128401;PR;Uraí;2021;6012
4128500;PR;Wenceslau Braz;2021;17675
4128534;PR;Ventania;2021;8847
4128559;PR;Vera Cruz do Oeste;2021;20787
4128609;PR;Verê;2021;15646
4128625;PR;Alto Paraíso;2021;111991
4128633;PR;Doutor Ulysses;2021;9092
4128658;PR;Virmond;2021;11800
4128708;PR;Vitorino;2021;9398
4128807;PR;Xambrê;2021;45008
4200051;SC;Abdon Batista;2021;15053
4200101;SC;Abelardo Luz;2021;35937
4200200;SC;Agrolândia;2021;9500
4200309;SC;Agronômica;2021;5080
4200408;SC;Água Doce;2021;63520
4200507;SC;Águas de Chapecó;2021;15370
4200556;SC;Águas Frias;2021;11396
4200606;SC;Águas Mornas;2021;7302
4200705;SC;Alfredo Wagner;2021;29810
4200754;SC;Alto Bela Vista;2021;10300
4200804;SC;Anchieta;2021;35104
4200903;SC;Angelina;2021;15927
4201000;SC;Anita Garibaldi;2021;35000
4201109;SC;Anitápolis;2021;10312
4201208;SC;Antônio Carlos;2021;7070
4201257;SC;Apiúna;2021;7264
4201273;SC;Arabutã;2021;14112
4201307;SC;Araquari;2021;10686
4201406;SC;Araranguá;2021;18036
4201505;SC;Armazém;2021;23649
4201604;SC;Arroio Trinta;2021;6077
4201653;SC;Arvoredo;2021;9438
4201703;SC;Ascurra;2021;1915
4201802;SC;Atalanta;2021;4100
4201901;SC;Aurora;2021;8000
4201950;SC;Balneário Arroio do Silva;2021;1319
4202008;SC;Balneário Camboriú;2021;262
4202057;SC;Balneário Barra do Sul;2021;626
4202073;SC;Balneário Gaivota;2021;5978
4202081;SC;Bandeirante;2021;18739
4202099;SC;Barra Bonita;2021;13119
4202107;SC;Barra Velha;2021;4665
4202131;SC;Bela Vista do Toldo;2021;12023
4202156;SC;Belmonte;2021;10669
4202206;SC;Benedito Novo;2021;8141
4202305;SC;Biguaçu;2021;16919
4202404;SC;Blumenau;2021;7577
4202438;SC;Bocaina do Sul;2021;18150
4202453;SC;Bombinhas;2021;141
4202503;SC;Bom Jardim da Serra;2021;35800
4202537;SC;Bom Jesus;2021;3185
4202578;SC;Bom Jesus do Oeste;2021;6570
4202602;SC;Bom Retiro;2021;30000
4202701;SC;Botuverá;2021;2093
4202800;SC;Braço do Norte;2021;50399
4202859;SC;Braço do Trombudo;2021;8900
4202875;SC;Brunópolis;2021;14953
4202909;SC;Brusque;2021;4134
4203006;SC;Caçador;2021;15800
4203105;SC;Caibi;2021;22270
4203154;SC;Calmon;2021;10600
4203204;SC;Camboriú;2021;6384
4203253;SC;Capão Alto;2021;31000
4203303;SC;Campo Alegre;2021;14967
4203402;SC;Campo Belo do Sul;2021;29000
4203501;SC;Campo Erê;2021;33147
4203600;SC;Campos Novos;2021;60855
4203709;SC;Canelinha;2021;6582
4203808;SC;Canoinhas;2021;25365
4203907;SC;Capinzal;2021;15350
4203956;SC;Capivari de Baixo;2021;3855
4204004;SC;Catanduvas;2021;6305
4204103;SC;Caxambu do Sul;2021;10210
4204152;SC;Celso Ramos;2021;12721
4204178;SC;Cerro Negro;2021;18000
4204194;SC;Chapadão do Lageado;2021;5350
4204202;SC;Chapecó;2021;33082
4204251;SC;Cocal do Sul;2021;5073
4204301;SC;Concórdia;2021;70930
4204350;SC;Cordilheira Alta;2021;8539
4204400;SC;Coronel Freitas;2021;36509
4204459;SC;Coronel Martins;2021;9143
4204509;SC;Corupá;2021;2657
4204558;SC;Correia Pinto;2021;28000
4204608;SC;Criciúma;2021;8579
4204707;SC;Cunha Porã;2021;23110
4204756;SC;Cunhataí;2021;9520
4204806;SC;Curitibanos;2021;36070
4204905;SC;Descanso;2021;34918
4205001;SC;Dionísio Cerqueira;2021;32518
4205100;SC;Dona Emma;2021;9020
4205159;SC;Doutor Pedrinho;2021;3256
4205175;SC;Entre Rios;2021;6480
4205191;SC;Ermo;2021;2582
4205209;SC;Erval Velho;2021;20357
4205308;SC;Faxinal dos Guedes;2021;12851
4205357;SC;Flor do Sertão;2021;5291
4205407;SC;Florianópolis;2021;6765
4205431;SC;Formosa do Sul;2021;13820
4205456;SC;Forquilhinha;2021;7755
4205506;SC;Fraiburgo;2021;17800
4205555;SC;Frei Rogério;2021;7564
4205605;SC;Galvão;2021;10392
4205704;SC;Garopaba;2021;3721
4205803;SC;Garuva;2021;4359
4205902;SC;Gaspar;2021;12561
4206009;SC;Governador Celso Ramos;2021;5068
4206108;SC;Grão-Pará;2021;27943
4206207;SC;Gravatal;2021;27945
4206306;SC;Guabiruba;2021;2600
4206405;SC;Guaraciaba;2021;38792
4206504;SC;Guaramirim;2021;9417
4206603;SC;Guarujá do Sul;2021;10799
4206652;SC;Guatambú;2021;13891
4206702;SC;Herval d'Oeste;2021;15613
4206751;SC;Ibiam;2021;8500
4206801;SC;Ibicaré;2021;11708
4206900;SC;Ibirama;2021;5100
4207007;SC;Içara;2021;17698
4207106;SC;Ilhota;2021;14777
4207205;SC;Imaruí;2021;27080
4207304;SC;Imbituba;2021;5308
4207403;SC;Imbuia;2021;7820
4207502;SC;Indaial;2021;6836
4207577;SC;Iomerê;2021;11581
4207601;SC;Ipira;2021;14720
4207650;SC;Iporã do Oeste;2021;27146
4207684;SC;Ipuaçu;2021;9596
4207700;SC;Ipumirim;2021;19813
4207759;SC;Iraceminha;2021;20000
4207809;SC;Irani;2021;18600
4207858;SC;Irati;2021;8872
4207908;SC;Irineópolis;2021;12598
4208005;SC;Itá;2021;16190
4208104;SC;Itaiópolis;2021;29356
4208203;SC;Itajaí;2021;13193
4208302;SC;Itapema;2021;1704
4208401;SC;Itapiranga;2021;38039
4208450;SC;Itapoá;2021;953
4208500;SC;Ituporanga;2021;15450
4208609;SC;Jaborá;2021;16458
4208708;SC;Jacinto Machado;2021;10935
4208807;SC;Jaguaruna;2021;19402
4208906;SC;Jaraguá do Sul;2021;11977
4208955;SC;Jardinópolis;2021;8227
4209003;SC;Joaçaba;2021;16050
4209102;SC;Joinville;2021;17879
4209151;SC;José Boiteux;2021;4000
4209177;SC;Jupiá;2021;10800
4209201;SC;Lacerdópolis;2021;9021
4209300;SC;Lages;2021;89800
4209409;SC;Laguna;2021;16447
4209458;SC;Lajeado Grande;2021;6091
4209508;SC;Laurentino;2021;6300
4209607;SC;Lauro Müller;2021;14639
4209706;SC;Lebon Régis;2021;23900
4209805;SC;Leoberto Leal;2021;8600
4209854;SC;Lindóia do Sul;2021;19212
4209904;SC;Lontras;2021;8000
4210001;SC;Luiz Alves;2021;9078
4210035;SC;Luzerna;2021;8358
4210050;SC;Macieira;2021;5963
4210100;SC;Mafra;2021;37224
4210209;SC;Major Gercino;2021;5755
4210308;SC;Major Vieira;2021;14168
4210407;SC;Maracajá;2021;6938
4210506;SC;Maravilha;2021;21770
4210555;SC;Marema;2021;15303
4210605;SC;Massaranduba;2021;7222
4210704;SC;Matos Costa;2021;7020
4210803;SC;Meleiro;2021;5059
4210852;SC;Mirim Doce;2021;10272
4210902;SC;Modelo;2021;9000
4211009;SC;Mondaí;2021;22570
4211058;SC;Monte Carlo;2021;5080
4211108;SC;Monte Castelo;2021;12203
4211207;SC;Morro da Fumaça;2021;8390
4211256;SC;Morro Grande;2021;3344
4211306;SC;Navegantes;2021;13775
4211405;SC;Nova Erechim;2021;9489
4211454;SC;Nova Itaberaba;2021;16215
4211504;SC;Nova Trento;2021;4000
4211603;SC;Nova Veneza;2021;9870
4211652;SC;Novo Horizonte;2021;11698
4211702;SC;Orleans;2021;34637
4211751;SC;Otacílio Costa;2021;18100
4211801;SC;Ouro;2021;25215
4211850;SC;Ouro Verde;2021;6876
4211876;SC;Paial;2021;6610
4211892;SC;Painel;2021;31500
4211900;SC;Palhoça;2021;8422
4212007;SC;Palma Sola;2021;21590
4212056;SC;Palmeira;2021;11380
4212106;SC;Palmitos;2021;52190
4212205;SC;Papanduva;2021;27100
4212239;SC;Paraíso;2021;20395
4212254;SC;Passo de Torres;2021;4004
4212270;SC;Passos Maia;2021;22003
4212304;SC;Paulo Lopes;2021;10780
4212403;SC;Pedras Grandes;2021;9696
4212502;SC;Penha;2021;4602
4212601;SC;Peritiba;2021;9179
4212650;SC;Pescaria Brava;2021;8332
4212700;SC;Petrolândia;2021;16900
4212809;SC;Balneário Piçarras;2021;7921
4212908;SC;Pinhalzinho;2021;14956
4213005;SC;Pinheiro Preto;2021;4507
4213104;SC;Piratuba;2021;14900
4213153;SC;Planalto Alegre;2021;7470
4213203;SC;Pomerode;2021;8838
4213302;SC;Ponte Alta;2021;18976
4213351;SC;Ponte Alta do Norte;2021;3862
4213401;SC;Ponte Serrada;2021;10734
4213500;SC;Porto Belo;2021;3525
4213609;SC;Porto União;2021;19163
4213708;SC;Pouso Redondo;2021;28021
4213807;SC;Praia Grande;2021;7932
4213906;SC;Presidente Castello Branco;2021;7260
4214003;SC;Presidente Getúlio;2021;19800
4214102;SC;Presidente Nereu;2021;6240
4214151;SC;Princesa;2021;10859
4214201;SC;Quilombo;2021;30581
4214300;SC;Rancho Queimado;2021;10813
4214409;SC;Rio das Antas;2021;16908
4214508;SC;Rio do Campo;2021;19706
4214607;SC;Rio do Oeste;2021;19000
4214706;SC;Rio dos Cedros;2021;10687
4214805;SC;Rio do Sul;2021;9100
4214904;SC;Rio Fortuna;2021;28396
4215000;SC;Rio Negrinho;2021;15105
4215059;SC;Rio Rufino;2021;9860
4215075;SC;Riqueza;2021;21710
4215109;SC;Rodeio;2021;3523
4215208;SC;Romelândia;2021;31324
4215307;SC;Salete;2021;13212
4215356;SC;Saltinho;2021;20770
4215406;SC;Salto Veloso;2021;8024
4215455;SC;Sangão;2021;9392
4215505;SC;Santa Cecília;2021;19492
4215554;SC;Santa Helena;2021;9752
4215604;SC;Santa Rosa de Lima;2021;8958
4215653;SC;Santa Rosa do Sul;2021;11426
4215679;SC;Santa Terezinha;2021;13175
4215687;SC;Santa Terezinha do Progresso;2021;17877
4215695;SC;Santiago do Sul;2021;10023
4215703;SC;Santo Amaro da Imperatriz;2021;12897
4215752;SC;São Bernardino;2021;20364
4215802;SC;São Bento do Sul;2021;10111
4215901;SC;São Bonifácio;2021;15538
4216008;SC;São Carlos;2021;30590
4216057;SC;São Cristóvão do Sul;2021;7949
4216107;SC;São Domingos;2021;15985
4216206;SC;São Francisco do Sul;2021;1374
4216255;SC;São João do Oeste;2021;28300
4216305;SC;São João Batista;2021;9750
4216354;SC;São João do Itaperiú;2021;6108
4216404;SC;São João do Sul;2021;13163
4216503;SC;São Joaquim;2021;78000
4216602;SC;São José;2021;3728
4216701;SC;São José do Cedro;2021;36790
4216800;SC;São José do Cerrito;2021;45350
4216909;SC;São Lourenço do Oeste;2021;35264
4217006;SC;São Ludgero;2021;18948
4217105;SC;São Martinho;2021;15925
4217154;SC;São Miguel da Boa Vista;2021;10830
4217204;SC;São Miguel do Oeste;2021;25354
4217253;SC;São Pedro de Alcântara;2021;4818
4217303;SC;Saudades;2021;26419
4217402;SC;Schroeder;2021;1680
4217501;SC;Seara;2021;29803
4217550;SC;Serra Alta;2021;8390
4217600;SC;Siderópolis;2021;7897
4217709;SC;Sombrio;2021;9181
4217758;SC;Sul Brasil;2021;12999
4217808;SC;Taió;2021;37537
4217907;SC;Tangará;2021;15990
4217956;SC;Tigrinhos;2021;7000
4218004;SC;Tijucas;2021;22803
4218103;SC;Timbé do Sul;2021;5483
4218202;SC;Timbó;2021;4891
4218251;SC;Timbó Grande;2021;12768
4218301;SC;Três Barras;2021;3274
4218350;SC;Treviso;2021;4331
4218400;SC;Treze de Maio;2021;11127
4218509;SC;Treze Tílias;2021;20680
4218608;SC;Trombudo Central;2021;5600
4218707;SC;Tubarão;2021;28935
4218756;SC;Tunápolis;2021;21222
4218806;SC;Turvo;2021;6328
4218855;SC;União do Oeste;2021;11988
4218905;SC;Urubici;2021;41000
4218954;SC;Urupema;2021;18000
4219002;SC;Urussanga;2021;13896
4219101;SC;Vargeão;2021;8123
4219150;SC;Vargem;2021;14580
4219176;SC;Vargem Bonita;2021;11235
4219200;SC;Vidal Ramos;2021;8700
4219309;SC;Videira;2021;31740
4219358;SC;Vitor Meireles;2021;7800
4219408;SC;Witmarsum;2021;11000
4219507;SC;Xanxerê;2021;26609
4219606;SC;Xavantina;2021;30134
4219705;SC;Xaxim;2021;24461
4219853;SC;Zortéa;2021;8850
4220000;SC;Balneário Rincão;2021;1500
4300034;RS;Aceguá;2021;99093
4300059;RS;Água Santa;2021;8975
4300109;RS;Agudo;2021;14305
4300208;RS;Ajuricaba;2021;12380
4300307;RS;Alecrim;2021;25430
4300406;RS;Alegrete;2021;524005
4300455;RS;Alegria;2021;6685
4300471;RS;Almirante Tamandaré do Sul;2021;5125
4300505;RS;Alpestre;2021;23084
4300554;RS;Alto Alegre;2021;4451
4300570;RS;Alto Feliz;2021;2131
4300604;RS;Alvorada;2021;873
4300638;RS;Amaral Ferrador;2021;17439
4300646;RS;Ametista do Sul;2021;4452
4300661;RS;André da Rocha;2021;10539
4300703;RS;Anta Gorda;2021;10271
4300802;RS;Antônio Prado;2021;11809
4300851;RS;Arambaré;2021;10786
4300877;RS;Araricá;2021;1385
4300901;RS;Aratiba;2021;24202
4301008;RS;Arroio do Meio;2021;11200
4301057;RS;Arroio do Sal;2021;2390
4301073;RS;Arroio do Padre;2021;3291
4301107;RS;Arroio dos Ratos;2021;11980
4301206;RS;Arroio do Tigre;2021;8894
4301305;RS;Arroio Grande;2021;96366
4301404;RS;Arvorezinha;2021;2824
4301503;RS;Augusto Pestana;2021;21020
4301552;RS;Áurea;2021;3151
4301602;RS;Bagé;2021;223060
4301636;RS;Balneário Pinhal;2021;873
4301651;RS;Barão;2021;4042
4301701;RS;Barão de Cotegipe;2021;11445
4301750;RS;Barão do Triunfo;2021;5600
4301800;RS;Barracão;2021;23500
4301859;RS;Barra do Guarita;2021;2695
4301875;RS;Barra do Quaraí;2021;47545
4301909;RS;Barra do Ribeiro;2021;20121
4301925;RS;Barra do Rio Azul;2021;12954
4301958;RS;Barra Funda;2021;2342
4302006;RS;Barros Cassal;2021;21800
4302055;RS;Benjamin Constant do Sul;2021;4113
4302105;RS;Bento Gonçalves;2021;2141
4302154;RS;Boa Vista das Missões;2021;2501
4302204;RS;Boa Vista do Buricá;2021;9977
4302220;RS;Boa Vista do Cadeado;2021;10397
4302238;RS;Boa Vista do Incra;2021;7644
4302253;RS;Boa Vista do Sul;2021;4432
4302303;RS;Bom Jesus;2021;94884
4302352;RS;Bom Princípio;2021;4648
4302378;RS;Bom Progresso;2021;2163
4302402;RS;Bom Retiro do Sul;2021;9000
4302451;RS;Boqueirão do Leão;2021;6400
4302501;RS;Bossoroca;2021;94863
4302584;RS;Bozano;2021;5830
4302600;RS;Braga;2021;1972
4302659;RS;Brochier;2021;3413
4302709;RS;Butiá;2021;14920
4302808;RS;Caçapava do Sul;2021;152639
4302907;RS;Cacequi;2021;109943
4303004;RS;Cachoeira do Sul;2021;122333
4303103;RS;Cachoeirinha;2021;188
4303202;RS;Cacique Doble;2021;6618
4303301;RS;Caibaté;2021;8349
4303400;RS;Caiçara;2021;14934
4303509;RS;Camaquã;2021;42693
4303558;RS;Camargo;2021;5766
4303608;RS;Cambará do Sul;2021;30935
4303673;RS;Campestre da Serra;2021;8460
4303707;RS;Campina das Missões;2021;19654
4303806;RS;Campinas do Sul;2021;5291
4303905;RS;Campo Bom;2021;911
4304002;RS;Campo Novo;2021;2601
4304101;RS;Campos Borges;2021;7864
4304200;RS;Candelária;2021;27116
4304309;RS;Cândido Godói;2021;21840
4304358;RS;Candiota;2021;34729
4304408;RS;Canela;2021;906
4304507;RS;Canguçu;2021;105144
4304606;RS;Canoas;2021;640
4304614;RS;Canudos do Vale;2021;4171
4304622;RS;Capão Bonito do Sul;2021;11726
4304630;RS;Capão da Canoa;2021;3648
4304655;RS;Capão do Cipó;2021;40326
4304663;RS;Capão do Leão;2021;27857
4304671;RS;Capivari do Sul;2021;13327
4304689;RS;Capela de Santana;2021;8306
4304697;RS;Capitão;2021;4700
4304705;RS;Carazinho;2021;7637
4304713;RS;Caraá;2021;8989
4304804;RS;Carlos Barbosa;2021;11854
4304853;RS;Carlos Gomes;2021;3420
4304903;RS;Casca;2021;13035
4304952;RS;Caseiros;2021;7021
4305009;RS;Catuípe;2021;17700
4305108;RS;Caxias do Sul;2021;36997
4305116;RS;Centenário;2021;4977
4305124;RS;Cerrito;2021;22682
4305132;RS;Cerro Branco;2021;2849
4305157;RS;Cerro Grande;2021;2755
4305173;RS;Cerro Grande do Sul;2021;2590
4305207;RS;Cerro Largo;2021;11093
4305306;RS;Chapada;2021;24437
4305355;RS;Charqueadas;2021;4384
4305371;RS;Charrua;2021;3888
4305405;RS;Chiapetta;2021;6900
4305439;RS;Chuí;2021;9497
4305447;RS;Chuvisca;2021;4746
4305454;RS;Cidreira;2021;7477
4305504;RS;Ciríaco;2021;6272
4305587;RS;Colinas;2021;3760
4305603;RS;Colorado;2021;5103
4305702;RS;Condor;2021;10957
4305801;RS;Constantina;2021;8369
4305835;RS;Coqueiro Baixo;2021;5230
4305850;RS;Coqueiros do Sul;2021;7850
4305871;RS;Coronel Barros;2021;5445
4305900;RS;Coronel Bicaco;2021;5289
4305934;RS;Coronel Pilar;2021;2021
4305959;RS;Cotiporã;2021;4307
4305975;RS;Coxilha;2021;5291
4306007;RS;Crissiumal;2021;22198
4306056;RS;Cristal;2021;28616
4306072;RS;Cristal do Sul;2021;5006
4306106;RS;Cruz Alta;2021;12974
4306130;RS;Cruzaltense;2021;4800
4306205;RS;Cruzeiro do Sul;2021;9235
4306304;RS;David Canabarro;2021;5340
4306320;RS;Derrubadas;2021;6629
4306353;RS;Dezesseis de Novembro;2021;14673
4306379;RS;Dilermando de Aguiar;2021;37683
4306403;RS;Dois Irmãos;2021;1446
4306429;RS;Dois Irmãos das Missões;2021;4752
4306452;RS;Dois Lajeados;2021;4563
4306502;RS;Dom Feliciano;2021;21335
4306551;RS;Dom Pedro de Alcântara;2021;2412
4306601;RS;Dom Pedrito;2021;309119
4306700;RS;Dona Francisca;2021;3794
4306734;RS;Doutor Maurício Cardoso;2021;6611
4306759;RS;Doutor Ricardo;2021;1995
4306767;RS;Eldorado do Sul;2021;15500
4306809;RS;Encantado;2021;4774
4306908;RS;Encruzilhada do Sul;2021;92162
4306924;RS;Engenho Velho;2021;1563
4306932;RS;Entre-Ijuís;2021;15445
4306957;RS;Entre Rios do Sul;2021;3515
4306973;RS;Erebango;2021;2796
4307005;RS;Erechim;2021;10784
4307054;RS;Ernestina;2021;5544
4307104;RS;Herval;2021;77292
4307203;RS;Erval Grande;2021;16125
4307302;RS;Erval Seco;2021;12420
4307401;RS;Esmeralda;2021;19556
4307450;RS;Esperança do Sul;2021;5858
4307500;RS;Espumoso;2021;20557
4307559;RS;Estação;2021;2373
4307609;RS;Estância Velha;2021;930
4307708;RS;Esteio;2021;8
4307807;RS;Estrela;2021;14660
4307815;RS;Estrela Velha;2021;6347
4307831;RS;Eugênio de Castro;2021;10788
4307864;RS;Fagundes Varela;2021;6518
4307906;RS;Farroupilha;2021;8808
4308003;RS;Faxinal do Soturno;2021;5937
4308052;RS;Faxinalzinho;2021;7563
4308078;RS;Fazenda Vilanova;2021;5619
4308102;RS;Feliz;2021;2837
4308201;RS;Flores da Cunha;2021;2746
4308250;RS;Floriano Peixoto;2021;2529
4308300;RS;Fontoura Xavier;2021;11198
4308409;RS;Formigueiro;2021;30773
4308433;RS;Forquetinha;2021;5710
4308458;RS;Fortaleza dos Valos;2021;10064
4308508;RS;Frederico Westphalen;2021;16709
4308607;RS;Garibaldi;2021;2723
4308656;RS;Garruchos;2021;54268
4308706;RS;Gaurama;2021;5175
4308805;RS;General Câmara;2021;18243
4308854;RS;Gentil;2021;4972
4308904;RS;Getúlio Vargas;2021;5316
4309001;RS;Giruá;2021;14970
4309050;RS;Glorinha;2021;21090
4309100;RS;Gramado;2021;2501
4309126;RS;Gramado dos Loureiros;2021;2744
4309159;RS;Gramado Xavier;2021;3850
4309209;RS;Gravataí;2021;16369
4309258;RS;Guabiju;2021;6146
4309308;RS;Guaíba;2021;12185
4309407;RS;Guaporé;2021;7838
4309506;RS;Guarani das Missões;2021;11762
4309555;RS;Harmonia;2021;3785
4309571;RS;Herveiras;2021;2685
4309605;RS;Horizontina;2021;9895
4309654;RS;Hulha Negra;2021;37556
4309704;RS;Humaitá;2021;7458
4309753;RS;Ibarama;2021;2581
4309803;RS;Ibiaçá;2021;8455
4309902;RS;Ibiraiaras;2021;10818
4309951;RS;Ibirapuitã;2021;9517
4310009;RS;Ibirubá;2021;19513
4310108;RS;Igrejinha;2021;3922
4310207;RS;Ijuí;2021;21320
4310306;RS;Ilópolis;2021;2032
4310330;RS;Imbé;2021;581
4310363;RS;Imigrante;2021;4100
4310405;RS;Independência;2021;7840
4310413;RS;Inhacorá;2021;2700
4310439;RS;Ipê;2021;22871
4310462;RS;Ipiranga do Sul;2021;2647
4310504;RS;Iraí;2021;13052
4310538;RS;Itaara;2021;3051
4310553;RS;Itacurubi;2021;80789
4310579;RS;Itapuca;2021;3181
4310603;RS;Itaqui;2021;149871
4310652;RS;Itati;2021;3427
4310702;RS;Itatiba do Sul;2021;10423
4310751;RS;Ivorá;2021;4666
4310801;RS;Ivoti;2021;1798
4310850;RS;Jaboticaba;2021;5500
4310876;RS;Jacuizinho;2021;9695
4310900;RS;Jacutinga;2021;3406
4311007;RS;Jaguarão;2021;86720
4311106;RS;Jaguari;2021;43208
4311122;RS;Jaquirana;2021;34935
4311130;RS;Jari;2021;38713
4311155;RS;Jóia;2021;41230
4311205;RS;Júlio de Castilhos;2021;49548
4311239;RS;Lagoa Bonita do Sul;2021;1417
4311254;RS;Lagoão;2021;11997
4311270;RS;Lagoa dos Três Cantos;2021;2919
4311304;RS;Lagoa Vermelha;2021;25677
4311403;RS;Lajeado;2021;2273
4311429;RS;Lajeado do Bugre;2021;2050
4311502;RS;Lavras do Sul;2021;168201
4311601;RS;Liberato Salzano;2021;7490
4311627;RS;Lindolfo Collor;2021;748
4311643;RS;Linha Nova;2021;1341
4311700;RS;Machadinho;2021;17030
4311718;RS;Maçambará;2021;81404
4311734;RS;Mampituba;2021;2963
4311759;RS;Manoel Viana;2021;72675
4311775;RS;Maquiné;2021;8263
4311791;RS;Maratá;2021;2488
4311809;RS;Marau;2021;18248
4311908;RS;Marcelino Ramos;2021;9389
4311981;RS;Mariana Pimentel;2021;6342
4312005;RS;Mariano Moro;2021;7098
4312054;RS;Marques de Souza;2021;7380
4312104;RS;Mata;2021;17163
4312138;RS;Mato Castelhano;2021;3927
4312153;RS;Mato Leitão;2021;3860
4312179;RS;Mato Queimado;2021;5279
4312203;RS;Maximiliano de Almeida;2021;7809
4312252;RS;Minas do Leão;2021;17600
4312302;RS;Miraguaí;2021;7991
4312351;RS;Montauri;2021;4277
4312377;RS;Monte Alegre dos Campos;2021;19069
4312385;RS;Monte Belo do Sul;2021;808
4312401;RS;Montenegro;2021;13094
4312427;RS;Mormaço;2021;2377
4312443;RS;Morrinhos do Sul;2021;4420
4312450;RS;Morro Redondo;2021;11474
4312476;RS;Morro Reuter;2021;1636
4312500;RS;Mostardas;2021;48214
4312609;RS;Muçum;2021;1497
4312617;RS;Muitos Capões;2021;23796
4312625;RS;Muliterno;2021;3409
4312658;RS;Não-Me-Toque;2021;4674
4312674;RS;Nicolau Vergueiro;2021;4746
4312708;RS;Nonoai;2021;6385
4312757;RS;Nova Alvorada;2021;5877
4312807;RS;Nova Araçá;2021;5845
4312906;RS;Nova Bassano;2021;14377
4312955;RS;Nova Boa Vista;2021;4508
4313003;RS;Nova Bréscia;2021;4580
4313011;RS;Nova Candelária;2021;10118
4313037;RS;Nova Esperança do Sul;2021;16672
4313060;RS;Nova Hartz;2021;967
4313086;RS;Nova Pádua;2021;1846
4313102;RS;Nova Palma;2021;16630
4313201;RS;Nova Petrópolis;2021;6876
4313300;RS;Nova Prata;2021;8552
4313334;RS;Nova Ramada;2021;6730
4313359;RS;Nova Roma do Sul;2021;7185
4313375;RS;Nova Santa Rita;2021;7899
4313391;RS;Novo Cabrais;2021;4708
4313409;RS;Novo Hamburgo;2021;7092
4313425;RS;Novo Machado;2021;5868
4313441;RS;Novo Tiradentes;2021;3595
4313466;RS;Novo Xingu;2021;3437
4313490;RS;Novo Barreiro;2021;4000
4313508;RS;Osório;2021;16938
4313607;RS;Paim Filho;2021;8316
4313656;RS;Palmares do Sul;2021;28097
4313706;RS;Palmeira das Missões;2021;14950
4313805;RS;Palmitinho;2021;11697
4313904;RS;Panambi;2021;14302
4313953;RS;Pantano Grande;2021;27000
4314001;RS;Paraí;2021;7500
4314027;RS;Paraíso do Sul;2021;7874
4314035;RS;Pareci Novo;2021;1671
4314050;RS;Parobé;2021;5942
4314068;RS;Passa Sete;2021;4512
4314076;RS;Passo do Sobrado;2021;16000
4314100;RS;Passo Fundo;2021;9359
4314134;RS;Paulo Bento;2021;4525
4314159;RS;Paverama;2021;7050
4314175;RS;Pedras Altas;2021;59353
4314209;RS;Pedro Osório;2021;33630
4314308;RS;Pejuçara;2021;7490
4314407;RS;Pelotas;2021;43113
4314423;RS;Picada Café;2021;1795
4314456;RS;Pinhal;2021;6334
4314464;RS;Pinhal da Serra;2021;14978
4314472;RS;Pinhal Grande;2021;13928
4314498;RS;Pinheirinho do Vale;2021;8630
4314506;RS;Pinheiro Machado;2021;110052
4314548;RS;Pinto Bandeira;2021;1117
4314555;RS;Pirapó;2021;22800
4314605;RS;Piratini;2021;116035
4314704;RS;Planalto;2021;10333
4314753;RS;Poço das Antas;2021;1845
4314779;RS;Pontão;2021;6906
4314787;RS;Ponte Preta;2021;4278
4314803;RS;Portão;2021;8821
4314902;RS;Porto Alegre;2021;5220
4315008;RS;Porto Lucena;2021;20313
4315057;RS;Porto Mauá;2021;6138
4315073;RS;Porto Vera Cruz;2021;9485
4315107;RS;Porto Xavier;2021;23255
4315131;RS;Pouso Novo;2021;3613
4315149;RS;Presidente Lucena;2021;2302
4315156;RS;Progresso;2021;7950
4315172;RS;Protásio Alves;2021;6042
4315206;RS;Putinga;2021;6507
4315305;RS;Quaraí;2021;240329
4315313;RS;Quatro Irmãos;2021;3296
4315321;RS;Quevedos;2021;25739
4315354;RS;Quinze de Novembro;2021;10230
4315404;RS;Redentora;2021;6000
4315453;RS;Relvado;2021;5220
4315503;RS;Restinga Sêca;2021;34616
4315552;RS;Rio dos Índios;2021;10547
4315602;RS;Rio Grande;2021;104142
4315701;RS;Rio Pardo;2021;76000
4315750;RS;Riozinho;2021;1823
4315800;RS;Roca Sales;2021;6660
4315909;RS;Rodeio Bonito;2021;5351
4315958;RS;Rolador;2021;9291
4316006;RS;Rolante;2021;11331
4316105;RS;Ronda Alta;2021;7401
4316204;RS;Rondinha;2021;11985
4316303;RS;Roque Gonzales;2021;27181
4316402;RS;Rosário do Sul;2021;263967
4316428;RS;Sagrada Família;2021;2200
4316436;RS;Saldanha Marinho;2021;6167
4316451;RS;Salto do Jacuí;2021;5092
4316477;RS;Salvador das Missões;2021;7328
4316501;RS;Salvador do Sul;2021;6342
4316600;RS;Sananduva;2021;14266
4316709;RS;Santa Bárbara do Sul;2021;10089
4316733;RS;Santa Cecília do Sul;2021;4071
4316758;RS;Santa Clara do Sul;2021;4610
4316808;RS;Santa Cruz do Sul;2021;28000
4316907;RS;Santa Maria;2021;82316
4316956;RS;Santa Maria do Herval;2021;3356
4316972;RS;Santa Margarida do Sul;2021;40100
4317004;RS;Santana da Boa Vista;2021;57734
4317103;RS;Sant'Ana do Livramento;2021;498789
4317202;RS;Santa Rosa;2021;19267
4317251;RS;Santa Tereza;2021;891
4317301;RS;Santa Vitória do Palmar;2021;151082
4317400;RS;Santiago;2021;163484
4317509;RS;Santo Ângelo;2021;20441
4317558;RS;Santo Antônio do Palma;2021;3678
4317608;RS;Santo Antônio da Patrulha;2021;53781
4317707;RS;Santo Antônio das Missões;2021;110286
4317756;RS;Santo Antônio do Planalto;2021;3330
4317806;RS;Santo Augusto;2021;7010
4317905;RS;Santo Cristo;2021;43745
4317954;RS;Santo Expedito do Sul;2021;5555
4318002;RS;São Borja;2021;124420
4318051;RS;São Domingos do Sul;2021;3303
4318101;RS;São Francisco de Assis;2021;149738
4318200;RS;São Francisco de Paula;2021;144256
4318309;RS;São Gabriel;2021;254901
4318408;RS;São Jerônimo;2021;27313
4318424;RS;São João da Urtiga;2021;7995
4318432;RS;São João do Polêsine;2021;3906
4318440;RS;São Jorge;2021;7429
4318457;RS;São José das Missões;2021;2565
4318465;RS;São José do Herval;2021;2476
4318481;RS;São José do Hortêncio;2021;2648
4318499;RS;São José do Inhacorá;2021;5167
4318507;RS;São José do Norte;2021;43177
4318606;RS;São José do Ouro;2021;14901
4318614;RS;São José do Sul;2021;2743
4318622;RS;São José dos Ausentes;2021;58911
4318705;RS;São Leopoldo;2021;960
4318804;RS;São Lourenço do Sul;2021;90389
4318903;RS;São Luiz Gonzaga;2021;42008
4319000;RS;São Marcos;2021;6861
4319109;RS;São Martinho;2021;7164
4319125;RS;São Martinho da Serra;2021;26038
4319158;RS;São Miguel das Missões;2021;38730
4319208;RS;São Nicolau;2021;27675
4319307;RS;São Paulo das Missões;2021;21267
4319356;RS;São Pedro da Serra;2021;2496
4319364;RS;São Pedro das Missões;2021;1825
4319372;RS;São Pedro do Butiá;2021;7644
4319406;RS;São Pedro do Sul;2021;57912
4319505;RS;São Sebastião do Caí;2021;4133
4319604;RS;São Sepé;2021;89154
4319703;RS;São Valentim;2021;6510
4319711;RS;São Valentim do Sul;2021;2616
4319737;RS;São Valério do Sul;2021;2220
4319752;RS;São Vendelino;2021;917
4319802;RS;São Vicente do Sul;2021;62499
4319901;RS;Sapiranga;2021;3958
4320008;RS;Sapucaia do Sul;2021;313
4320107;RS;Sarandi;2021;9029
4320206;RS;Seberi;2021;12650
4320230;RS;Sede Nova;2021;6041
4320263;RS;Segredo;2021;5168
4320305;RS;Selbach;2021;7837
4320321;RS;Senador Salgado Filho;2021;6380
4320354;RS;Sentinela do Sul;2021;7629
4320404;RS;Serafina Corrêa;2021;7520
4320453;RS;Sério;2021;3190
4320503;RS;Sertão;2021;8278
4320552;RS;Sertão Santana;2021;3813
4320578;RS;Sete de Setembro;2021;4923
4320602;RS;Severiano de Almeida;2021;9728
4320651;RS;Silveira Martins;2021;3518
4320677;RS;Sinimbu;2021;9945
4320701;RS;Sobradinho;2021;3303
4320800;RS;Soledade;2021;45811
4320859;RS;Tabaí;2021;3467
4320909;RS;Tapejara;2021;6178
4321006;RS;Tapera;2021;4332
4321105;RS;Tapes;2021;15936
4321204;RS;Taquara;2021;21000
4321303;RS;Taquari;2021;12158
4321329;RS;Taquaruçu do Sul;2021;6284
4321352;RS;Tavares;2021;24820
4321402;RS;Tenente Portela;2021;11894
4321436;RS;Terra de Areia;2021;7307
4321451;RS;Teutônia;2021;15000
4321469;RS;Tio Hugo;2021;2457
4321477;RS;Tiradentes do Sul;2021;12997
4321493;RS;Toropi;2021;12441
4321501;RS;Torres;2021;5354
4321600;RS;Tramandaí;2021;3015
4321626;RS;Travesseiro;2021;4525
4321634;RS;Três Arroios;2021;5707
4321667;RS;Três Cachoeiras;2021;7383
4321709;RS;Três Coroas;2021;2601
4321808;RS;Três de Maio;2021;13436
4321832;RS;Três Forquilhas;2021;4895
4321857;RS;Três Palmeiras;2021;6405
4321907;RS;Três Passos;2021;17363
4321956;RS;Trindade do Sul;2021;8458
4322004;RS;Triunfo;2021;32233
4322103;RS;Tucunduva;2021;5538
4322152;RS;Tunas;2021;6241
4322186;RS;Tupanci do Sul;2021;5289
4322202;RS;Tupanciretã;2021;59292
4322251;RS;Tupandi;2021;5897
4322301;RS;Tuparendi;2021;18200
4322327;RS;Turuçu;2021;12650
4322343;RS;Ubiretama;2021;9609
4322350;RS;União da Serra;2021;3756
4322376;RS;Unistalda;2021;49301
4322400;RS;Uruguaiana;2021;324526
4322509;RS;Vacaria;2021;51722
4322525;RS;Vale Verde;2021;15787
4322533;RS;Vale do Sol;2021;10500
4322541;RS;Vale Real;2021;869
4322558;RS;Vanini;2021;2050
4322608;RS;Venâncio Aires;2021;38500
4322707;RS;Vera Cruz;2021;14909
4322806;RS;Veranópolis;2021;8194
4322855;RS;Vespasiano Corrêa;2021;7560
4322905;RS;Viadutos;2021;8912
4323002;RS;Viamão;2021;60980
4323101;RS;Vicente Dutra;2021;12267
4323200;RS;Victor Graeff;2021;5584
4323309;RS;Vila Flores;2021;4535
4323358;RS;Vila Lângaro;2021;4031
4323408;RS;Vila Maria;2021;8103
4323457;RS;Vila Nova do Sul;2021;25926
4323507;RS;Vista Alegre;2021;8806
4323606;RS;Vista Alegre do Prata;2021;4493
4323705;RS;Vista Gaúcha;2021;5380
4323754;RS;Vitória das Missões;2021;11232
4323770;RS;Westfália;2021;6443
4323804;RS;Xangri-lá;2021;2448
5000203;MS;Água Clara;2021;453638
5000252;MS;Alcinópolis;2021;280579
5000609;MS;Amambai;2021;288583
5000708;MS;Anastácio;2021;257328
5000807;MS;Anaurilândia;2021;249583
5000856;MS;Angélica;2021;54447
5000906;MS;Antônio João;2021;39080
5001003;MS;Aparecida do Taboado;2021;164586
5001102;MS;Aquidauana;2021;782966
5001243;MS;Aral Moreira;2021;26126
5001508;MS;Bandeirantes;2021;185969
5001904;MS;Bataguassu;2021;176537
5002001;MS;Batayporã;2021;151664
5002100;MS;Bela Vista;2021;373218
5002159;MS;Bodoquena;2021;158116
5002209;MS;Bonito;2021;321393
5002308;MS;Brasilândia;2021;371672
5002407;MS;Caarapó;2021;56149
5002605;MS;Camapuã;2021;459617
5002704;MS;Campo Grande;2021;448435
5002803;MS;Caracol;2021;262276
5002902;MS;Cassilândia;2021;233276
5002951;MS;Chapadão do Sul;2021;108859
5003108;MS;Corguinho;2021;200255
5003157;MS;Coronel Sapucaia;2021;62705
5003207;MS;Corumbá;2021;1838542
5003256;MS;Costa Rica;2021;141340
5003306;MS;Coxim;2021;478869
5003454;MS;Deodápolis;2021;69401
5003488;MS;Dois Irmãos do Buriti;2021;196174
5003504;MS;Douradina;2021;9149
5003702;MS;Dourados;2021;106442
5003751;MS;Eldorado;2021;65071
5003801;MS;Fátima do Sul;2021;17341
5003900;MS;Figueirão;2021;243868
5004007;MS;Glória de Dourados;2021;61565
5004106;MS;Guia Lopes da Laguna;2021;99034
5004304;MS;Iguatemi;2021;232345
5004403;MS;Inocência;2021;378057
5004502;MS;Itaporã;2021;26282
5004601;MS;Itaquiraí;2021;162792
5004700;MS;Ivinhema;2021;129157
5004809;MS;Japorã;2021;35725
5004908;MS;Jaraguari;2021;168633
5005004;MS;Jardim;2021;180513
5005103;MS;Jateí;2021;101156
5005152;MS;Juti;2021;76718
5005202;MS;Ladário;2021;8858
5005251;MS;Laguna Carapã;2021;28489
5005400;MS;Maracaju;2021;143279
5005608;MS;Miranda;2021;315361
5005681;MS;Mundo Novo;2021;27828
5005707;MS;Naviraí;2021;131583
5005806;MS;Nioaque;2021;387559
5006002;MS;Nova Alvorada do Sul;2021;163083
5006200;MS;Nova Andradina;2021;330429
5006259;MS;Novo Horizonte do Sul;2021;57981
5006275;MS;Paraíso das Águas;2021;296756
5006309;MS;Paranaíba;2021;470388
5006358;MS;Paranhos;2021;91185
5006408;MS;Pedro Gomes;2021;260248
5006606;MS;Ponta Porã;2021;90368
5006903;MS;Porto Murtinho;2021;664620
5007109;MS;Ribas do Rio Pardo;2021;993037
5007208;MS;Rio Brilhante;2021;91822
5007307;MS;Rio Negro;2021;129173
5007406;MS;Rio Verde de Mato Grosso;2021;565449
5007505;MS;Rochedo;2021;138637
5007554;MS;Santa Rita do Pardo;2021;469536
5007695;MS;São Gabriel do Oeste;2021;199060
5007703;MS;Sete Quedas;2021;55875
5007802;MS;Selvíria;2021;135404
5007901;MS;Sidrolândia;2021;207023
5007935;MS;Sonora;2021;159437
5007950;MS;Tacuru;2021;171143
5007976;MS;Taquarussu;2021;83071
5008008;MS;Terenos;2021;237997
5008305;MS;Três Lagoas;2021;499600
5008404;MS;Vicentina;2021;18993
5100102;MT;Acorizal;2021;46434
5100201;MT;Água Boa;2021;359043
5100250;MT;Alta Floresta;2021;812530
5100300;MT;Alto Araguaia;2021;157879
5100359;MT;Alto Boa Vista;2021;70916
5100409;MT;Alto Garças;2021;86731
5100508;MT;Alto Paraguai;2021;85318
5100607;MT;Alto Taquari;2021;14114
5100805;MT;Apiacás;2021;301722
5101001;MT;Araguaiana;2021;301793
5101209;MT;Araguainha;2021;27418
5101258;MT;Araputanga;2021;239105
5101308;MT;Arenápolis;2021;38649
5101407;MT;Aripuanã;2021;559848
5101605;MT;Barão de Melgaço;2021;191578
5101704;MT;Barra do Bugres;2021;298668
5101803;MT;Barra do Garças;2021;443537
5101852;MT;Bom Jesus do Araguaia;2021;185071
5101902;MT;Brasnorte;2021;484163
5102504;MT;Cáceres;2021;1161605
5102603;MT;Campinápolis;2021;268135
5102637;MT;Campo Novo do Parecis;2021;140719
5102678;MT;Campo Verde;2021;123036
5102686;MT;Campos de Júlio;2021;93557
5102694;MT;Canabrava do Norte;2021;177166
5102702;MT;Canarana;2021;236950
5102793;MT;Carlinda;2021;283581
5102850;MT;Castanheira;2021;420531
5103007;MT;Chapada dos Guimarães;2021;140174
5103056;MT;Cláudia;2021;52094
5103106;MT;Cocalinho;2021;524986
5103205;MT;Colíder;2021;397261
5103254;MT;Colniza;2021;733536
5103304;MT;Comodoro;2021;327973
5103353;MT;Confresa;2021;459190
5103361;MT;Conquista D'Oeste;2021;87819
5103379;MT;Cotriguaçu;2021;407001
5103403;MT;Cuiabá;2021;106219
5103437;MT;Curvelândia;2021;59927
5103452;MT;Denise;2021;69118
5103502;MT;Diamantino;2021;105537
5103601;MT;Dom Aquino;2021;104818
5103700;MT;Feliz Natal;2021;35294
5103809;MT;Figueirópolis D'Oeste;2021;157186
5103858;MT;Gaúcha do Norte;2021;202549
5103908;MT;General Carneiro;2021;94199
5103957;MT;Glória D'Oeste;2021;101584
5104104;MT;Guarantã do Norte;2021;400455
5104203;MT;Guiratinga;2021;170682
5104500;MT;Indiavaí;2021;91568
5104526;MT;Ipiranga do Norte;2021;14055
5104542;MT;Itanhangá;2021;56703
5104559;MT;Itaúba;2021;93228
5104609;MT;Itiquira;2021;343263
5104807;MT;Jaciara;2021;84607
5104906;MT;Jangada;2021;50408
5105002;MT;Jauru;2021;223346
5105101;MT;Juara;2021;954545
5105150;MT;Juína;2021;832043
5105176;MT;Juruena;2021;229537
5105200;MT;Juscimeira;2021;170825
5105234;MT;Lambari D'Oeste;2021;157282
5105259;MT;Lucas do Rio Verde;2021;52607
5105309;MT;Luciara;2021;55436
5105507;MT;Vila Bela da Santíssima Trindade;2021;1066344
5105580;MT;Marcelândia;2021;204026
5105606;MT;Matupá;2021;215721
5105622;MT;Mirassol d'Oeste;2021;170330
5105903;MT;Nobres;2021;109661
5106000;MT;Nortelândia;2021;63248
5106109;MT;Nossa Senhora do Livramento;2021;192732
5106158;MT;Nova Bandeirantes;2021;580721
5106174;MT;Nova Nazaré;2021;78318
5106182;MT;Nova Lacerda;2021;261381
5106190;MT;Nova Santa Helena;2021;115646
5106208;MT;Nova Brasilândia;2021;145953
5106216;MT;Nova Canaã do Norte;2021;428124
5106224;MT;Nova Mutum;2021;112775
5106232;MT;Nova Olímpia;2021;87033
5106240;MT;Nova Ubiratã;2021;103029
5106257;MT;Nova Xavantina;2021;362327
5106265;MT;Novo Mundo;2021;374747
5106273;MT;Novo Horizonte do Norte;2021;107490
5106281;MT;Novo São Joaquim;2021;265204
5106299;MT;Paranaíta;2021;497071
5106307;MT;Paranatinga;2021;433048
5106315;MT;Novo Santo Antônio;2021;81030
5106372;MT;Pedra Preta;2021;359174
5106422;MT;Peixoto de Azevedo;2021;353711
5106455;MT;Planalto da Serra;2021;86317
5106505;MT;Poconé;2021;526275
5106653;MT;Pontal do Araguaia;2021;135330
5106703;MT;Ponte Branca;2021;28157
5106752;MT;Pontes e Lacerda;2021;671082
5106778;MT;Porto Alegre do Norte;2021;147790
5106802;MT;Porto dos Gaúchos;2021;105010
5106828;MT;Porto Esperidião;2021;562410
5106851;MT;Porto Estrela;2021;127387
5107008;MT;Poxoréu;2021;383476
5107040;MT;Primavera do Leste;2021;95087
5107065;MT;Querência;2021;115610
5107107;MT;São José dos Quatro Marcos;2021;228072
5107156;MT;Reserva do Cabaçal;2021;46814
5107180;MT;Ribeirão Cascalheira;2021;301134
5107198;MT;Ribeirãozinho;2021;30523
5107206;MT;Rio Branco;2021;73336
5107248;MT;Santa Carmem;2021;30716
5107263;MT;Santo Afonso;2021;131806
5107297;MT;São José do Povo;2021;83939
5107305;MT;São José do Rio Claro;2021;136177
5107354;MT;São José do Xingu;2021;259547
5107404;MT;São Pedro da Cipa;2021;27998
5107578;MT;Rondolândia;2021;315078
5107602;MT;Rondonópolis;2021;365747
5107701;MT;Rosário Oeste;2021;236908
5107743;MT;Santa Cruz do Xingu;2021;115750
5107750;MT;Salto do Céu;2021;196668
5107768;MT;Santa Rita do Trivelato;2021;34470
5107776;MT;Santa Terezinha;2021;243586
5107792;MT;Santo Antônio do Leste;2021;52080
5107800;MT;Santo Antônio de Leverger;2021;522351
5107859;MT;São Félix do Araguaia;2021;308667
5107875;MT;Sapezal;2021;132972
5107883;MT;Serra Nova Dourada;2021;133554
5107909;MT;Sinop;2021;54128
5107925;MT;Sorriso;2021;85450
5107941;MT;Tabaporã;2021;133541
5107958;MT;Tangará da Serra;2021;335387
5108006;MT;Tapurah;2021;56447
5108055;MT;Terra Nova do Norte;2021;283875
5108105;MT;Tesouro;2021;118201
5108204;MT;Torixoréu;2021;139594
5108303;MT;União do Sul;2021;35770
5108352;MT;Vale de São Domingos;2021;136899
5108402;MT;Várzea Grande;2021;26544
5108501;MT;Vera;2021;31286
5108600;MT;Vila Rica;2021;697234
5108808;MT;Nova Guarita;2021;163043
5108857;MT;Nova Marilândia;2021;118733
5108907;MT;Nova Maringá;2021;79711
5108956;MT;Nova Monte Verde;2021;411595
5200050;GO;Abadia de Goiás;2021;16500
5200100;GO;Abadiânia;2021;57895
5200134;GO;Acreúna;2021;67425
5200159;GO;Adelândia;2021;17500
5200175;GO;Água Fria de Goiás;2021;50083
5200209;GO;Água Limpa;2021;62000
5200258;GO;Águas Lindas de Goiás;2021;2422
5200308;GO;Alexânia;2021;50815
5200506;GO;Aloândia;2021;18950
5200555;GO;Alto Horizonte;2021;47000
5200605;GO;Alto Paraíso de Goiás;2021;30777
5200803;GO;Alvorada do Norte;2021;66119
5200829;GO;Amaralina;2021;137000
5200852;GO;Americano do Brasil;2021;27180
5200902;GO;Amorinópolis;2021;60000
5201108;GO;Anápolis;2021;77626
5201207;GO;Anhanguera;2021;4600
5201306;GO;Anicuns;2021;149800
5201405;GO;Aparecida de Goiânia;2021;8400
5201454;GO;Aparecida do Rio Doce;2021;67800
5201504;GO;Aporé;2021;197500
5201603;GO;Araçu;2021;21500
5201702;GO;Aragarças;2021;35000
5201801;GO;Aragoiânia;2021;28000
5202155;GO;Araguapaz;2021;210530
5202353;GO;Arenópolis;2021;116000
5202502;GO;Aruanã;2021;310922
5202601;GO;Aurilândia;2021;73000
5202809;GO;Avelinópolis;2021;31800
5203104;GO;Baliza;2021;90000
5203203;GO;Barro Alto;2021;50065
5203302;GO;Bela Vista de Goiás;2021;145000
5203401;GO;Bom Jardim de Goiás;2021;158000
5203500;GO;Bom Jesus de Goiás;2021;43000
5203559;GO;Bonfinópolis;2021;8900
5203575;GO;Bonópolis;2021;141437
5203609;GO;Brazabrantes;2021;17300
5203807;GO;Britânia;2021;160370
5203906;GO;Buriti Alegre;2021;95300
5203939;GO;Buriti de Goiás;2021;34577
5203962;GO;Buritinópolis;2021;22757
5204003;GO;Cabeceiras;2021;36909
5204102;GO;Cachoeira Alta;2021;171481
5204201;GO;Cachoeira de Goiás;2021;31500
5204250;GO;Cachoeira Dourada;2021;29220
5204300;GO;Caçu;2021;193983
5204409;GO;Caiapônia;2021;448000
5204508;GO;Caldas Novas;2021;96200
5204557;GO;Caldazinha;2021;29800
5204607;GO;Campestre de Goiás;2021;32800
5204656;GO;Campinaçu;2021;108823
5204706;GO;Campinorte;2021;60000
5204805;GO;Campo Alegre de Goiás;2021;79400
5204854;GO;Campo Limpo de Goiás;2021;17672
5204904;GO;Campos Belos;2021;79521
5204953;GO;Campos Verdes;2021;53000
5205000;GO;Carmo do Rio Verde;2021;54759
5205059;GO;Castelândia;2021;11272
5205109;GO;Catalão;2021;180500
5205208;GO;Caturaí;2021;34150
5205307;GO;Cavalcante;2021;62672
5205406;GO;Ceres;2021;30634
5205455;GO;Cezarina;2021;47000
5205471;GO;Chapadão do Céu;2021;21000
5205497;GO;Cidade Ocidental;2021;22819
5205513;GO;Cocalzinho de Goiás;2021;101223
5205521;GO;Colinas do Sul;2021;38500
5205703;GO;Córrego do Ouro;2021;80982
5205802;GO;Corumbá de Goiás;2021;87309
5205901;GO;Corumbaíba;2021;157000
5206206;GO;Cristalina;2021;170720
5206305;GO;Cristianópolis;2021;16000
5206404;GO;Crixás;2021;335000
5206503;GO;Cromínia;2021;42200
5206602;GO;Cumari;2021;74200
5206701;GO;Damianópolis;2021;29187
5206800;GO;Damolândia;2021;15800
5206909;GO;Davinópolis;2021;42000
5207105;GO;Diorama;2021;84000
5207253;GO;Doverlândia;2021;275000
5207352;GO;Edealina;2021;55700
5207402;GO;Edéia;2021;63400
5207501;GO;Estrela do Norte;2021;50975
5207535;GO;Faina;2021;206762
5207600;GO;Fazenda Nova;2021;170000
5207808;GO;Firminópolis;2021;58000
5207907;GO;Flores de Goiás;2021;201380
5208004;GO;Formosa;2021;206762
5208103;GO;Formoso;2021;82784
5208152;GO;Gameleira de Goiás;2021;30000
5208301;GO;Divinópolis de Goiás;2021;69120
5208400;GO;Goianápolis;2021;16806
5208509;GO;Goiandira;2021;53000
5208608;GO;Goianésia;2021;142000
5208707;GO;Goiânia;2021;27998
5208806;GO;Goianira;2021;19162
5208905;GO;Goiás;2021;329964
5209101;GO;Goiatuba;2021;116300
5209150;GO;Gouvelândia;2021;34223
5209200;GO;Guapó;2021;73000
5209291;GO;Guaraíta;2021;31850
5209408;GO;Guarani de Goiás;2021;86700
5209457;GO;Guarinos;2021;46985
5209606;GO;Heitoraí;2021;34200
5209705;GO;Hidrolândia;2021;89500
5209804;GO;Hidrolina;2021;58000
5209903;GO;Iaciara;2021;210328
5209937;GO;Inaciolândia;2021;37700
5209952;GO;Indiara;2021;73000
5210000;GO;Inhumas;2021;91600
5210109;GO;Ipameri;2021;219000
5210158;GO;Ipiranga de Goiás;2021;31250
5210208;GO;Iporá;2021;130000
5210307;GO;Israelândia;2021;56000
5210406;GO;Itaberaí;2021;164500
5210562;GO;Itaguari;2021;30500
5210604;GO;Itaguaru;2021;35500
5210802;GO;Itajá;2021;178065
5210901;GO;Itapaci;2021;107052
5211008;GO;Itapirapuã;2021;281277
5211206;GO;Itapuranga;2021;174450
5211305;GO;Itarumã;2021;291551
5211404;GO;Itauçu;2021;61620
5211503;GO;Itumbiara;2021;125800
5211602;GO;Ivolândia;2021;130000
5211701;GO;Jandaia;2021;102800
5211800;GO;Jaraguá;2021;205660
5211909;GO;Jataí;2021;331000
5212006;GO;Jaupaci;2021;46000
5212055;GO;Jesúpolis;2021;15180
5212105;GO;Joviânia;2021;31220
5212204;GO;Jussara;2021;411229
5212253;GO;Lagoa Santa;2021;50404
5212303;GO;Leopoldo de Bulhões;2021;50700
5212501;GO;Luziânia;2021;218453
5212600;GO;Mairipotaba;2021;49900
5212709;GO;Mambaí;2021;8173
5212808;GO;Mara Rosa;2021;192000
5212907;GO;Marzagão;2021;17800
5212956;GO;Matrinchã;2021;122751
5213004;GO;Maurilândia;2021;21555
5213053;GO;Mimoso de Goiás;2021;53568
5213087;GO;Minaçu;2021;153458
5213103;GO;Mineiros;2021;372000
5213400;GO;Moiporá;2021;63000
5213509;GO;Monte Alegre de Goiás;2021;159091
5213707;GO;Montes Claros de Goiás;2021;272000
5213756;GO;Montividiu;2021;46581
5213772;GO;Montividiu do Norte;2021;121078
5213806;GO;Morrinhos;2021;293500
5213855;GO;Morro Agudo de Goiás;2021;41500
5213905;GO;Mossâmedes;2021;97114
5214002;GO;Mozarlândia;2021;196436
5214051;GO;Mundo Novo;2021;211329
5214101;GO;Mutunópolis;2021;113357
5214408;GO;Nazário;2021;84100
5214507;GO;Nerópolis;2021;21666
5214606;GO;Niquelândia;2021;305000
5214705;GO;Nova América;2021;30780
5214804;GO;Nova Aurora;2021;31340
5214838;GO;Nova Crixás;2021;830839
5214861;GO;Nova Glória;2021;31475
5214879;GO;Nova Iguaçu de Goiás;2021;67000
5214903;GO;Nova Roma;2021;90709
5215009;GO;Nova Veneza;2021;18950
5215207;GO;Novo Brasil;2021;106477
5215231;GO;Novo Gama;2021;2733
5215256;GO;Novo Planalto;2021;116699
5215306;GO;Orizona;2021;219200
5215405;GO;Ouro Verde de Goiás;2021;39039
5215504;GO;Ouvidor;2021;35500
5215603;GO;Padre Bernardo;2021;134957
5215652;GO;Palestina de Goiás;2021;110000
5215702;GO;Palmeiras de Goiás;2021;155000
5215801;GO;Palmelo;2021;3930
5215900;GO;Palminópolis;2021;47000
5216007;GO;Panamá;2021;25920
5216304;GO;Paranaiguara;2021;91430
5216403;GO;Paraúna;2021;140234
5216452;GO;Perolândia;2021;23200
5216809;GO;Petrolina de Goiás;2021;89845
5216908;GO;Pilar de Goiás;2021;109204
5217104;GO;Piracanjuba;2021;206000
5217203;GO;Piranhas;2021;194000
5217302;GO;Pirenópolis;2021;160461
5217401;GO;Pires do Rio;2021;111800
5217609;GO;Planaltina;2021;50679
5217708;GO;Pontalina;2021;156900
5218003;GO;Porangatu;2021;510627
5218052;GO;Porteirão;2021;9960
5218102;GO;Portelândia;2021;28500
5218300;GO;Posse;2021;142000
5218391;GO;Professor Jamil;2021;42500
5218508;GO;Quirinópolis;2021;277287
5218607;GO;Rialma;2021;23830
5218706;GO;Rianápolis;2021;18500
5218789;GO;Rio Quente;2021;23200
5218805;GO;Rio Verde;2021;323095
5218904;GO;Rubiataba;2021;109650
5219001;GO;Sanclerlândia;2021;80398
5219100;GO;Santa Bárbara de Goiás;2021;19730
5219209;GO;Santa Cruz de Goiás;2021;81500
5219258;GO;Santa Fé de Goiás;2021;118167
5219308;GO;Santa Helena de Goiás;2021;58368
5219357;GO;Santa Isabel;2021;82150
5219407;GO;Santa Rita do Araguaia;2021;70500
5219456;GO;Santa Rita do Novo Destino;2021;59880
5219506;GO;Santa Rosa de Goiás;2021;28210
5219605;GO;Santa Tereza de Goiás;2021;75697
5219704;GO;Santa Terezinha de Goiás;2021;143000
5219712;GO;Santo Antônio da Barra;2021;20731
5219738;GO;Santo Antônio de Goiás;2021;18100
5219753;GO;Santo Antônio do Descoberto;2021;31194
5219803;GO;São Domingos;2021;192271
5219902;GO;São Francisco de Goiás;2021;47230
5220009;GO;São João d'Aliança;2021;58279
5220058;GO;São João da Paraúna;2021;27000
5220108;GO;São Luís de Montes Belos;2021;157000
5220157;GO;São Luiz do Norte;2021;27000
5220207;GO;São Miguel do Araguaia;2021;661479
5220264;GO;São Miguel do Passa Quatro;2021;49100
5220280;GO;São Patrício;2021;31200
5220405;GO;São Simão;2021;31421
5220454;GO;Senador Canedo;2021;19000
5220504;GO;Serranópolis;2021;195700
5220603;GO;Silvânia;2021;128500
5220686;GO;Simolândia;2021;32059
5220702;GO;Sítio d'Abadia;2021;51462
5221007;GO;Taquaral de Goiás;2021;30300
5221080;GO;Teresina de Goiás;2021;8815
5221197;GO;Terezópolis de Goiás;2021;10255
5221304;GO;Três Ranchos;2021;21000
5221403;GO;Trindade;2021;72850
5221452;GO;Trombas;2021;81524
5221502;GO;Turvânia;2021;60000
5221551;GO;Turvelândia;2021;29165
5221577;GO;Uirapuru;2021;99000
5221601;GO;Uruaçu;2021;140000
5221700;GO;Uruana;2021;73580
5221809;GO;Urutaí;2021;56000
5221858;GO;Valparaíso de Goiás;2021;41
5221908;GO;Varjão;2021;61000
5222005;GO;Vianópolis;2021;72500
5222054;GO;Vicentinópolis;2021;25340
5222203;GO;Vila Boa;2021;61005
5222302;GO;Vila Propício;2021;98350
5300108;DF;Brasília;2021;85771
1100015;RO;Alta Floresta D'Oeste;2022;549541
1100023;RO;Ariquemes;2022;589542
1100031;RO;Cabixi;2022;125615
1100049;RO;Cacoal;2022;510455
1100056;RO;Cerejeiras;2022;98342
1100064;RO;Colorado do Oeste;2022;300433
1100072;RO;Corumbiara;2022;363765
1100080;RO;Costa Marques;2022;316004
1100098;RO;Espigão D'Oeste;2022;438153
1100106;RO;Guajará-Mirim;2022;162086
1100114;RO;Jaru;2022;604613
1100122;RO;Ji-Paraná;2022;458010
1100130;RO;Machadinho D'Oeste;2022;497182
1100148;RO;Nova Brasilândia D'Oeste;2022;268156
1100155;RO;Ouro Preto do Oeste;2022;406601
1100189;RO;Pimenta Bueno;2022;388946
1100205;RO;Porto Velho;2022;1685258
1100254;RO;Presidente Médici;2022;397524
1100262;RO;Rio Crespo;2022;136542
1100288;RO;Rolim de Moura;2022;273390
1100296;RO;Santa Luzia D'Oeste;2022;197058
1100304;RO;Vilhena;2022;164264
1100320;RO;São Miguel do Guaporé;2022;296981
1100338;RO;Nova Mamoré;2022;1011353
1100346;RO;Alvorada D'Oeste;2022;316015
1100379;RO;Alto Alegre dos Parecis;2022;264539
1100403;RO;Alto Paraíso;2022;407786
1100452;RO;Buritis;2022;640306
1100502;RO;Novo Horizonte do Oeste;2022;177383
1100601;RO;Cacaulândia;2022;325162
1100700;RO;Campo Novo de Rondônia;2022;527453
1100809;RO;Candeias do Jamari;2022;357005
1100908;RO;Castanheiras;2022;121721
1100924;RO;Chupinguaia;2022;366857
1100940;RO;Cujubim;2022;277002
1101005;RO;Governador Jorge Teixeira;2022;335150
1101104;RO;Itapuã do Oeste;2022;107252
1101203;RO;Ministro Andreazza;2022;159783
1101302;RO;Mirante da Serra;2022;145135
1101401;RO;Monte Negro;2022;403392
1101435;RO;Nova União;2022;170097
1101450;RO;Parecis;2022;212108
1101468;RO;Pimenteiras do Oeste;2022;118722
1101476;RO;Primavera de Rondônia;2022;91824
1101484;RO;São Felipe D'Oeste;2022;122746
1101492;RO;São Francisco do Guaporé;2022;525537
1101500;RO;Seringueiras;2022;276425
1101559;RO;Teixeirópolis;2022;117663
1101609;RO;Theobroma;2022;304610
1101708;RO;Urupá;2022;197131
1101757;RO;Vale do Anari;2022;186174
1101807;RO;Vale do Paraíso;2022;193433
1200013;AC;Acrelândia;2022;265517
1200054;AC;Assis Brasil;2022;71801
1200104;AC;Brasiléia;2022;352222
1200138;AC;Bujari;2022;340607
1200179;AC;Capixaba;2022;222242
1200203;AC;Cruzeiro do Sul;2022;49823
1200252;AC;Epitaciolândia;2022;173534
1200302;AC;Feijó;2022;222223
1200328;AC;Jordão;2022;13142
1200336;AC;Mâncio Lima;2022;24919
1200344;AC;Manoel Urbano;2022;103598
1200351;AC;Marechal Thaumaturgo;2022;16516
1200385;AC;Plácido de Castro;2022;310934
1200393;AC;Porto Walter;2022;18535
1200401;AC;Rio Branco;2022;619876
1200427;AC;Rodrigues Alves;2022;25214
1200435;AC;Santa Rosa do Purus;2022;11778
1200450;AC;Senador Guiomard;2022;392960
1200500;AC;Sena Madureira;2022;486021
1200609;AC;Tarauacá;2022;217924
1200708;AC;Xapuri;2022;328335
1200807;AC;Porto Acre;2022;367660
1300029;AM;Alvarães;2022;512
1300060;AM;Amaturá;2022;893
1300086;AM;Anamã;2022;450
1300102;AM;Anori;2022;1060
1300144;AM;Apuí;2022;243000
1300201;AM;Atalaia do Norte;2022;54
1300300;AM;Autazes;2022;50593
1300409;AM;Barcelos;2022;35
1300508;AM;Barreirinha;2022;27300
1300607;AM;Benjamin Constant;2022;556
1300631;AM;Beruri;2022;1056
1300680;AM;Boa Vista do Ramos;2022;12049
1300706;AM;Boca do Acre;2022;385000
1300805;AM;Borba;2022;3553
1300839;AM;Caapiranga;2022;1750
1300904;AM;Canutama;2022;52442
1301001;AM;Carauari;2022;4850
1301100;AM;Careiro;2022;16055
1301159;AM;Careiro da Várzea;2022;53167
1301209;AM;Coari;2022;2120
1301308;AM;Codajás;2022;2128
1301407;AM;Eirunepé;2022;12235
1301506;AM;Envira;2022;29893
1301605;AM;Fonte Boa;2022;2532
1301654;AM;Guajará;2022;42503
1301704;AM;Humaitá;2022;31700
1301803;AM;Ipixuna;2022;19425
1301852;AM;Iranduba;2022;7498
1301902;AM;Itacoatiara;2022;49993
1301951;AM;Itamarati;2022;1275
1302009;AM;Itapiranga;2022;3728
1302108;AM;Japurá;2022;940
1302207;AM;Juruá;2022;938
1302306;AM;Jutaí;2022;1100
1302405;AM;Lábrea;2022;529800
1302504;AM;Manacapuru;2022;14798
1302553;AM;Manaquiri;2022;9433
1302603;AM;Manaus;2022;5745
1302702;AM;Manicoré;2022;154500
1302801;AM;Maraã;2022;1184
1302900;AM;Maués;2022;10005
1303007;AM;Nhamundá;2022;21327
1303106;AM;Nova Olinda do Norte;2022;9040
1303205;AM;Novo Airão;2022;567
1303304;AM;Novo Aripuanã;2022;80200
1303403;AM;Parintins;2022;53203
1303502;AM;Pauini;2022;10560
1303536;AM;Presidente Figueiredo;2022;11450
1303569;AM;Rio Preto da Eva;2022;1815
1303601;AM;Santa Isabel do Rio Negro;2022;104
1303700;AM;Santo Antônio do Içá;2022;1400
1303809;AM;São Gabriel da Cachoeira;2022;165
1303908;AM;São Paulo de Olivença;2022;312
1303957;AM;São Sebastião do Uatumã;2022;11022
1304005;AM;Silves;2022;10152
1304062;AM;Tabatinga;2022;235
1304104;AM;Tapauá;2022;3900
1304203;AM;Tefé;2022;1155
1304237;AM;Tonantins;2022;1537
1304260;AM;Uarini;2022;538
1304302;AM;Urucará;2022;12775
1304401;AM;Urucurituba;2022;9706
1400027;RR;Amajari;2022;124539
1400050;RR;Alto Alegre;2022;105211
1400100;RR;Boa Vista;2022;24710
1400159;RR;Bonfim;2022;78039
1400175;RR;Cantá;2022;103671
1400209;RR;Caracaraí;2022;77425
1400233;RR;Caroebe;2022;92549
1400282;RR;Iracema;2022;90865
1400308;RR;Mucajaí;2022;198112
1400407;RR;Normandia;2022;16965
1400456;RR;Pacaraima;2022;18214
1400472;RR;Rorainópolis;2022;110419
1400506;RR;São João da Baliza;2022;29497
1400605;RR;São Luiz do Anauá;2022;49408
1400704;RR;Uiramutã;2022;13878
1500107;PA;Abaetetuba;2022;3800
1500131;PA;Abel Figueiredo;2022;46200
1500206;PA;Acará;2022;15674
1500305;PA;Afuá;2022;1505
1500347;PA;Água Azul do Norte;2022;712897
1500404;PA;Alenquer;2022;224431
1500503;PA;Almeirim;2022;26092
1500602;PA;Altamira;2022;1003968
1500701;PA;Anajás;2022;1230
1500800;PA;Ananindeua;2022;22
1500859;PA;Anapu;2022;362621
1500909;PA;Augusto Corrêa;2022;3919
1500958;PA;Aurora do Pará;2022;90135
1501006;PA;Aveiro;2022;55280
1501105;PA;Bagre;2022;820
1501204;PA;Baião;2022;81976
1501253;PA;Bannach;2022;282281
1501303;PA;Barcarena;2022;730
1501402;PA;Belém;2022;86
1501451;PA;Belterra;2022;24507
1501501;PA;Benevides;2022;2064
1501576;PA;Bom Jesus do Tocantins;2022;250000
1501600;PA;Bonito;2022;10248
1501709;PA;Bragança;2022;43133
1501725;PA;Brasil Novo;2022;319521
1501758;PA;Brejo Grande do Araguaia;2022;132000
1501782;PA;Breu Branco;2022;200290
1501808;PA;Breves;2022;1100
1501907;PA;Bujaru;2022;6115
1501956;PA;Cachoeira do Piriá;2022;52091
1502004;PA;Cachoeira do Arari;2022;44590
1502103;PA;Cametá;2022;507
1502152;PA;Canaã dos Carajás;2022;230000
1502202;PA;Capanema;2022;27590
1502301;PA;Capitão Poço;2022;112153
1502400;PA;Castanhal;2022;36581
1502509;PA;Chaves;2022;65482
1502608;PA;Colares;2022;784
1502707;PA;Conceição do Araguaia;2022;320567
1502756;PA;Concórdia do Pará;2022;14569
1502764;PA;Cumaru do Norte;2022;739730
1502772;PA;Curionópolis;2022;262400
1502806;PA;Curralinho;2022;50
1502855;PA;Curuá;2022;49563
1502905;PA;Curuçá;2022;4027
1502939;PA;Dom Eliseu;2022;85123
1502954;PA;Eldorado do Carajás;2022;415000
1503002;PA;Faro;2022;1702
1503044;PA;Floresta do Araguaia;2022;241447
1503077;PA;Garrafão do Norte;2022;69332
1503093;PA;Goianésia do Pará;2022;333315
1503101;PA;Gurupá;2022;1122
1503200;PA;Igarapé-Açu;2022;22934
1503309;PA;Igarapé-Miri;2022;2300
1503408;PA;Inhangapi;2022;13549
1503457;PA;Ipixuna do Pará;2022;125753
1503507;PA;Irituia;2022;71979
1503606;PA;Itaituba;2022;387910
1503705;PA;Itupiranga;2022;730000
1503754;PA;Jacareacanga;2022;25390
1503804;PA;Jacundá;2022;192500
1503903;PA;Juruti;2022;44501
1504000;PA;Limoeiro do Ajuru;2022;13
1504059;PA;Mãe do Rio;2022;44214
1504109;PA;Magalhães Barata;2022;1862
1504208;PA;Marabá;2022;1300000
1504307;PA;Maracanã;2022;3407
1504406;PA;Marapanim;2022;5520
1504422;PA;Marituba;2022;54
1504455;PA;Medicilândia;2022;218779
1504505;PA;Melgaço;2022;1020
1504604;PA;Mocajuba;2022;3009
1504703;PA;Moju;2022;85500
1504752;PA;Mojuí dos Campos;2022;19601
1504802;PA;Monte Alegre;2022;281562
1504901;PA;Muaná;2022;6450
1504950;PA;Nova Esperança do Piriá;2022;63576
1504976;PA;Nova Ipixuna;2022;135000
1505007;PA;Nova Timboteua;2022;25833
1505031;PA;Novo Progresso;2022;728183
1505064;PA;Novo Repartimento;2022;1300411
1505106;PA;Óbidos;2022;172430
1505205;PA;Oeiras do Pará;2022;5233
1505304;PA;Oriximiná;2022;135479
1505403;PA;Ourém;2022;19978
1505437;PA;Ourilândia do Norte;2022;238006
1505486;PA;Pacajá;2022;813442
1505494;PA;Palestina do Pará;2022;109450
1505502;PA;Paragominas;2022;383210
1505536;PA;Parauapebas;2022;132950
1505551;PA;Pau D'Arco;2022;114105
1505601;PA;Peixe-Boi;2022;16271
1505635;PA;Piçarra;2022;420686
1505650;PA;Placas;2022;176040
1505700;PA;Ponta de Pedras;2022;35890
1505809;PA;Portel;2022;54196
1505908;PA;Porto de Moz;2022;56934
1506005;PA;Prainha;2022;154900
1506104;PA;Primavera;2022;4283
1506112;PA;Quatipuru;2022;719
1506138;PA;Redenção;2022;329153
1506161;PA;Rio Maria;2022;523041
1506187;PA;Rondon do Pará;2022;365000
1506195;PA;Rurópolis;2022;175512
1506203;PA;Salinópolis;2022;247
1506302;PA;Salvaterra;2022;6890
1506351;PA;Santa Bárbara do Pará;2022;2293
1506401;PA;Santa Cruz do Arari;2022;25671
1506500;PA;Santa Izabel do Pará;2022;23157
1506559;PA;Santa Luzia do Pará;2022;80653
1506583;PA;Santa Maria das Barreiras;2022;659480
1506609;PA;Santa Maria do Pará;2022;20950
1506708;PA;Santana do Araguaia;2022;611267
1506807;PA;Santarém;2022;125237
1506906;PA;Santarém Novo;2022;4010
1507003;PA;Santo Antônio do Tauá;2022;6025
1507102;PA;São Caetano de Odivelas;2022;2228
1507151;PA;São Domingos do Araguaia;2022;188000
1507201;PA;São Domingos do Capim;2022;57432
1507300;PA;São Félix do Xingu;2022;2522608
1507409;PA;São Francisco do Pará;2022;20251
1507458;PA;São Geraldo do Araguaia;2022;405000
1507466;PA;São João da Ponta;2022;1454
1507474;PA;São João de Pirabas;2022;5359
1507508;PA;São João do Araguaia;2022;130550
1507607;PA;São Miguel do Guamá;2022;46400
1507706;PA;São Sebastião da Boa Vista;2022;70
1507755;PA;Sapucaia;2022;168984
1507805;PA;Senador José Porfírio;2022;137302
1507904;PA;Soure;2022;38400
1507953;PA;Tailândia;2022;86500
1507961;PA;Terra Alta;2022;5641
1507979;PA;Terra Santa;2022;33500
1508001;PA;Tomé-Açu;2022;136667
1508035;PA;Tracuateua;2022;14117
1508050;PA;Trairão;2022;162817
1508084;PA;Tucumã;2022;363238
1508100;PA;Tucuruí;2022;87897
1508126;PA;Ulianópolis;2022;89547
1508159;PA;Uruará;2022;372986
1508209;PA;Vigia;2022;4820
1508308;PA;Viseu;2022;124559
1508357;PA;Vitória do Xingu;2022;191675
1508407;PA;Xinguara;2022;539090
1600055;AP;Serra do Navio;2022;410
1600105;AP;Amapá;2022;11945
1600154;AP;Pedra Branca do Amapari;2022;795
1600204;AP;Calçoene;2022;4180
1600212;AP;Cutias;2022;1426
1600238;AP;Ferreira Gomes;2022;562
1600253;AP;Itaubal;2022;843
1600279;AP;Laranjal do Jari;2022;2870
1600303;AP;Macapá;2022;6670
1600402;AP;Mazagão;2022;845
1600501;AP;Oiapoque;2022;1930
1600535;AP;Porto Grande;2022;5870
1600550;AP;Pracuúba;2022;3170
1600600;AP;Santana;2022;1280
1600709;AP;Tartarugalzinho;2022;9915
1600808;AP;Vitória do Jari;2022;980
1700251;TO;Abreulândia;2022;87060
1700301;TO;Aguiarnópolis;2022;17108
1700350;TO;Aliança do Tocantins;2022;87813
1700400;TO;Almas;2022;75440
1700707;TO;Alvorada;2022;79692
1701002;TO;Ananás;2022;112331
1701051;TO;Angico;2022;19946
1701101;TO;Aparecida do Rio Negro;2022;22121
1701309;TO;Aragominas;2022;110542
1701903;TO;Araguacema;2022;66106
1702000;TO;Araguaçu;2022;440793
1702109;TO;Araguaína;2022;274967
1702158;TO;Araguanã;2022;92265
1702208;TO;Araguatins;2022;199938
1702307;TO;Arapoema;2022;168175
1702406;TO;Arraias;2022;238163
1702554;TO;Augustinópolis;2022;70044
1702703;TO;Aurora do Tocantins;2022;53433
1702901;TO;Axixá do Tocantins;2022;39666
1703008;TO;Babaçulândia;2022;80391
1703057;TO;Bandeirantes do Tocantins;2022;162000
1703073;TO;Barra do Ouro;2022;30220
1703107;TO;Barrolândia;2022;77188
1703206;TO;Bernardo Sayão;2022;100581
1703305;TO;Bom Jesus do Tocantins;2022;38972
1703602;TO;Brasilândia do Tocantins;2022;43873
1703701;TO;Brejinho de Nazaré;2022;54199
1703800;TO;Buriti do Tocantins;2022;35938
1703826;TO;Cachoeirinha;2022;8520
1703842;TO;Campos Lindos;2022;43519
1703867;TO;Cariri do Tocantins;2022;85162
1703883;TO;Carmolândia;2022;35633
1703891;TO;Carrasco Bonito;2022;24748
1703909;TO;Caseara;2022;60106
1704105;TO;Centenário;2022;25230
1704600;TO;Chapada de Areia;2022;44874
1705102;TO;Chapada da Natividade;2022;35498
1705508;TO;Colinas do Tocantins;2022;140058
1705557;TO;Combinado;2022;28734
1705607;TO;Conceição do Tocantins;2022;41906
1706001;TO;Couto Magalhães;2022;68502
1706100;TO;Cristalândia;2022;80740
1706258;TO;Crixás do Tocantins;2022;52087
1706506;TO;Darcinópolis;2022;31441
1707009;TO;Dianópolis;2022;60722
1707108;TO;Divinópolis do Tocantins;2022;140499
1707207;TO;Dois Irmãos do Tocantins;2022;204135
1707306;TO;Dueré;2022;202699
1707405;TO;Esperantina;2022;27095
1707553;TO;Fátima;2022;25256
1707652;TO;Figueirópolis;2022;110783
1707702;TO;Filadélfia;2022;121196
1708205;TO;Formoso do Araguaia;2022;311245
1708254;TO;Tabocão;2022;66442
1708304;TO;Goianorte;2022;113079
1709005;TO;Goiatins;2022;85088
1709302;TO;Guaraí;2022;147627
1709500;TO;Gurupi;2022;126802
1709807;TO;Ipueiras;2022;26263
1710508;TO;Itacajá;2022;93117
1710706;TO;Itaguatins;2022;73699
1710904;TO;Itapiratins;2022;62479
1711100;TO;Itaporã do Tocantins;2022;120469
1711506;TO;Jaú do Tocantins;2022;122753
1711803;TO;Juarina;2022;32100
1711902;TO;Lagoa da Confusão;2022;118974
1711951;TO;Lagoa do Tocantins;2022;18196
1712009;TO;Lajeado;2022;8614
1712157;TO;Lavandeira;2022;29432
1712405;TO;Lizarda;2022;22735
1712454;TO;Luzinópolis;2022;11206
1712504;TO;Marianópolis do Tocantins;2022;82163
1712702;TO;Mateiros;2022;12134
1712801;TO;Maurilândia do Tocantins;2022;25837
1713205;TO;Miracema do Tocantins;2022;168903
1713304;TO;Miranorte;2022;97651
1713601;TO;Monte do Carmo;2022;92527
1713700;TO;Monte Santo do Tocantins;2022;95587
1713809;TO;Palmeiras do Tocantins;2022;41740
1713957;TO;Muricilândia;2022;90041
1714203;TO;Natividade;2022;103526
1714302;TO;Nazaré;2022;27783
1714880;TO;Nova Olinda;2022;96118
1715002;TO;Nova Rosalândia;2022;24094
1715101;TO;Novo Acordo;2022;16111
1715150;TO;Novo Alegre;2022;27357
1715259;TO;Novo Jardim;2022;15606
1715507;TO;Oliveira de Fátima;2022;12869
1715705;TO;Palmeirante;2022;80729
1715754;TO;Palmeirópolis;2022;82346
1716109;TO;Paraíso do Tocantins;2022;115811
1716208;TO;Paranã;2022;217038
1716307;TO;Pau D'Arco;2022;93948
1716505;TO;Pedro Afonso;2022;27233
1716604;TO;Peixe;2022;261562
1716653;TO;Pequizeiro;2022;107800
1716703;TO;Colméia;2022;102278
1717008;TO;Pindorama do Tocantins;2022;60578
1717206;TO;Piraquê;2022;107542
1717503;TO;Pium;2022;212698
1717800;TO;Ponte Alta do Bom Jesus;2022;47805
1717909;TO;Ponte Alta do Tocantins;2022;99870
1718006;TO;Porto Alegre do Tocantins;2022;11900
1718204;TO;Porto Nacional;2022;148262
1718303;TO;Praia Norte;2022;26581
1718402;TO;Presidente Kennedy;2022;54893
1718451;TO;Pugmil;2022;21745
1718501;TO;Recursolândia;2022;67594
1718550;TO;Riachinho;2022;41351
1718659;TO;Rio da Conceição;2022;1829
1718709;TO;Rio dos Bois;2022;19775
1718758;TO;Rio Sono;2022;70921
1718808;TO;Sampaio;2022;12214
1718840;TO;Sandolândia;2022;199342
1718865;TO;Santa Fé do Araguaia;2022;124329
1718881;TO;Santa Maria do Tocantins;2022;33329
1718899;TO;Santa Rita do Tocantins;2022;115643
1718907;TO;Santa Rosa do Tocantins;2022;37889
1719004;TO;Santa Tereza do Tocantins;2022;26868
1720002;TO;Santa Terezinha do Tocantins;2022;24215
1720101;TO;São Bento do Tocantins;2022;35622
1720150;TO;São Félix do Tocantins;2022;4085
1720200;TO;São Miguel do Tocantins;2022;25034
1720259;TO;São Salvador do Tocantins;2022;40814
1720309;TO;São Sebastião do Tocantins;2022;25609
1720499;TO;São Valério;2022;69897
1720655;TO;Silvanópolis;2022;38474
1720804;TO;Sítio Novo do Tocantins;2022;47147
1720853;TO;Sucupira;2022;62127
1720903;TO;Taguatinga;2022;134763
1720937;TO;Taipas do Tocantins;2022;29112
1720978;TO;Talismã;2022;125590
1721000;TO;Palmas;2022;38187
1721109;TO;Tocantínia;2022;23857
1721208;TO;Tocantinópolis;2022;26610
1721257;TO;Tupirama;2022;24957
1721307;TO;Tupiratins;2022;19566
1722081;TO;Wanderlândia;2022;46629
1722107;TO;Xambioá;2022;100036
2100055;MA;Açailândia;2022;395335
2100105;MA;Afonso Cunha;2022;1370
2100154;MA;Água Doce do Maranhão;2022;1837
2100204;MA;Alcântara;2022;4282
2100303;MA;Aldeias Altas;2022;6070
2100402;MA;Altamira do Maranhão;2022;45220
2100436;MA;Alto Alegre do Maranhão;2022;19020
2100477;MA;Alto Alegre do Pindaré;2022;81049
2100501;MA;Alto Parnaíba;2022;53500
2100550;MA;Amapá do Maranhão;2022;13238
2100600;MA;Amarante do Maranhão;2022;303713
2100709;MA;Anajatuba;2022;53032
2100808;MA;Anapurus;2022;1732
2100832;MA;Apicum-Açu;2022;2200
2100873;MA;Araguanã;2022;25332
2100907;MA;Araioses;2022;11278
2100956;MA;Arame;2022;159098
2101004;MA;Arari;2022;39490
2101103;MA;Axixá;2022;452
2101202;MA;Bacabal;2022;128336
2101251;MA;Bacabeira;2022;4980
2101301;MA;Bacuri;2022;4786
2101350;MA;Bacurituba;2022;6946
2101400;MA;Balsas;2022;95162
2101509;MA;Barão de Grajaú;2022;13713
2101608;MA;Barra do Corda;2022;159177
2101707;MA;Barreirinhas;2022;9140
2101731;MA;Belágua;2022;290
2101772;MA;Bela Vista do Maranhão;2022;9632
2101806;MA;Benedito Leite;2022;16624
2101905;MA;Bequimão;2022;7675
2101939;MA;Bernardo do Mearim;2022;17818
2101970;MA;Boa Vista do Gurupi;2022;6799
2102002;MA;Bom Jardim;2022;218458
2102036;MA;Bom Jesus das Selvas;2022;169861
2102077;MA;Bom Lugar;2022;60031
2102101;MA;Brejo;2022;9820
2102150;MA;Brejo de Areia;2022;32020
2102200;MA;Buriti;2022;7525
2102309;MA;Buriti Bravo;2022;35363
2102325;MA;Buriticupu;2022;172015
2102358;MA;Buritirana;2022;81738
2102374;MA;Cachoeira Grande;2022;1090
2102408;MA;Cajapió;2022;4920
2102507;MA;Cajari;2022;12920
2102556;MA;Campestre do Maranhão;2022;54746
2102606;MA;Cândido Mendes;2022;5274
2102705;MA;Cantanhede;2022;7679
2102754;MA;Capinzal do Norte;2022;22771
2102804;MA;Carolina;2022;142938
2102903;MA;Carutapera;2022;17236
2103000;MA;Caxias;2022;47850
2103109;MA;Cedral;2022;800
2103125;MA;Central do Maranhão;2022;2863
2103158;MA;Centro do Guilherme;2022;28753
2103174;MA;Centro Novo do Maranhão;2022;104265
2103208;MA;Chapadinha;2022;15500
2103257;MA;Cidelândia;2022;108364
2103307;MA;Codó;2022;144750
2103406;MA;Coelho Neto;2022;6310
2103505;MA;Colinas;2022;72700
2103554;MA;Conceição do Lago-Açu;2022;25218
2103604;MA;Coroatá;2022;53690
2103703;MA;Cururupu;2022;1725
2103752;MA;Davinópolis;2022;24306
2103802;MA;Dom Pedro;2022;21245
2103901;MA;Duque Bacelar;2022;4510
2104008;MA;Esperantinópolis;2022;22969
2104057;MA;Estreito;2022;151117
2104073;MA;Feira Nova do Maranhão;2022;88064
2104081;MA;Fernando Falcão;2022;20127
2104099;MA;Formosa da Serra Negra;2022;165728
2104107;MA;Fortaleza dos Nogueiras;2022;98214
2104206;MA;Fortuna;2022;35590
2104305;MA;Godofredo Viana;2022;2973
2104404;MA;Gonçalves Dias;2022;43202
2104503;MA;Governador Archer;2022;29478
2104552;MA;Governador Edison Lobão;2022;46426
2104602;MA;Governador Eugênio Barros;2022;32238
2104628;MA;Governador Luiz Rocha;2022;15748
2104651;MA;Governador Newton Bello;2022;74000
2104677;MA;Governador Nunes Freire;2022;26517
2104701;MA;Graça Aranha;2022;9761
2104800;MA;Grajaú;2022;218642
2104909;MA;Guimarães;2022;2185
2105005;MA;Humberto de Campos;2022;1714
2105104;MA;Icatu;2022;726
2105153;MA;Igarapé do Meio;2022;31019
2105203;MA;Igarapé Grande;2022;27524
2105302;MA;Imperatriz;2022;96043
2105351;MA;Itaipava do Grajaú;2022;34460
2105401;MA;Itapecuru Mirim;2022;17277
2105427;MA;Itinga do Maranhão;2022;148537
2105450;MA;Jatobá;2022;21740
2105476;MA;Jenipapo dos Vieiras;2022;77827
2105500;MA;João Lisboa;2022;104756
2105609;MA;Joselândia;2022;16984
2105658;MA;Junco do Maranhão;2022;28935
2105708;MA;Lago da Pedra;2022;94890
2105807;MA;Lago do Junco;2022;14505
2105906;MA;Lago Verde;2022;54420
2105922;MA;Lagoa do Mato;2022;29874
2105948;MA;Lago dos Rodrigues;2022;16836
2105963;MA;Lagoa Grande do Maranhão;2022;48602
2105989;MA;Lajeado Novo;2022;61151
2106003;MA;Lima Campos;2022;9789
2106102;MA;Loreto;2022;44920
2106201;MA;Luís Domingues;2022;4285
2106300;MA;Magalhães de Almeida;2022;9659
2106326;MA;Maracaçumé;2022;29741
2106359;MA;Marajá do Sena;2022;48120
2106375;MA;Maranhãozinho;2022;39078
2106409;MA;Mata Roma;2022;2200
2106508;MA;Matinha;2022;20810
2106607;MA;Matões;2022;17710
2106631;MA;Matões do Norte;2022;17366
2106672;MA;Milagres do Maranhão;2022;3150
2106706;MA;Mirador;2022;56348
2106755;MA;Miranda do Norte;2022;23644
2106805;MA;Mirinzal;2022;2552
2106904;MA;Monção;2022;43652
2107001;MA;Montes Altos;2022;56617
2107100;MA;Morros;2022;1345
2107209;MA;Nina Rodrigues;2022;2086
2107258;MA;Nova Colinas;2022;42527
2107308;MA;Nova Iorque;2022;10832
2107357;MA;Nova Olinda do Maranhão;2022;37804
2107407;MA;Olho d'Água das Cunhãs;2022;74100
2107456;MA;Olinda Nova do Maranhão;2022;7280
2107506;MA;Paço do Lumiar;2022;625
2107605;MA;Palmeirândia;2022;5009
2107704;MA;Paraibano;2022;25864
2107803;MA;Parnarama;2022;85156
2107902;MA;Passagem Franca;2022;45291
2108009;MA;Pastos Bons;2022;30128
2108058;MA;Paulino Neves;2022;3282
2108108;MA;Paulo Ramos;2022;57100
2108207;MA;Pedreiras;2022;19694
2108256;MA;Pedro do Rosário;2022;23219
2108306;MA;Penalva;2022;14110
2108405;MA;Peri Mirim;2022;3964
2108454;MA;Peritoró;2022;43800
2108504;MA;Pindaré-Mirim;2022;13925
2108603;MA;Pinheiro;2022;32608
2108702;MA;Pio XII;2022;39890
2108801;MA;Pirapemas;2022;13468
2108900;MA;Poção de Pedras;2022;55891
2109007;MA;Porto Franco;2022;112342
2109056;MA;Porto Rico do Maranhão;2022;1209
2109106;MA;Presidente Dutra;2022;70342
2109205;MA;Presidente Juscelino;2022;827
2109239;MA;Presidente Médici;2022;28595
2109270;MA;Presidente Sarney;2022;5469
2109304;MA;Presidente Vargas;2022;1363
2109403;MA;Primeira Cruz;2022;1260
2109452;MA;Raposa;2022;443
2109502;MA;Riachão;2022;146325
2109551;MA;Ribamar Fiquene;2022;64399
2109601;MA;Rosário;2022;1245
2109700;MA;Sambaíba;2022;28578
2109759;MA;Santa Filomena do Maranhão;2022;26265
2109809;MA;Santa Helena;2022;14778
2109908;MA;Santa Inês;2022;70153
2110005;MA;Santa Luzia;2022;323644
2110039;MA;Santa Luzia do Paruá;2022;62181
2110104;MA;Santa Quitéria do Maranhão;2022;5445
2110203;MA;Santa Rita;2022;17895
2110237;MA;Santana do Maranhão;2022;2975
2110278;MA;Santo Amaro do Maranhão;2022;1483
2110302;MA;Santo Antônio dos Lopes;2022;21925
2110401;MA;São Benedito do Rio Preto;2022;1215
2110500;MA;São Bento;2022;5430
2110609;MA;São Bernardo;2022;12908
2110658;MA;São Domingos do Azeitão;2022;8345
2110708;MA;São Domingos do Maranhão;2022;82930
2110807;MA;São Félix de Balsas;2022;18735
2110856;MA;São Francisco do Brejão;2022;72056
2110906;MA;São Francisco do Maranhão;2022;21379
2111003;MA;São João Batista;2022;11210
2111029;MA;São João do Carú;2022;48231
2111052;MA;São João do Paraíso;2022;120502
2111078;MA;São João do Soter;2022;15589
2111102;MA;São João dos Patos;2022;36891
2111201;MA;São José de Ribamar;2022;1570
2111250;MA;São José dos Basílios;2022;15360
2111300;MA;São Luís;2022;1247
2111409;MA;São Luís Gonzaga do Maranhão;2022;85923
2111508;MA;São Mateus do Maranhão;2022;40998
2111532;MA;São Pedro da Água Branca;2022;27116
2111573;MA;São Pedro dos Crentes;2022;74932
2111607;MA;São Raimundo das Mangabeiras;2022;42025
2111631;MA;São Raimundo do Doca Bezerra;2022;8916
2111672;MA;São Roberto;2022;8412
2111706;MA;São Vicente Ferrer;2022;7950
2111722;MA;Satubinha;2022;27645
2111748;MA;Senador Alexandre Costa;2022;16537
2111763;MA;Senador La Rocque;2022;111432
2111789;MA;Serrano do Maranhão;2022;5975
2111805;MA;Sítio Novo;2022;172942
2111904;MA;Sucupira do Norte;2022;18839
2111953;MA;Sucupira do Riachão;2022;10712
2112001;MA;Tasso Fragoso;2022;28257
2112100;MA;Timbiras;2022;19150
2112209;MA;Timon;2022;21970
2112233;MA;Trizidela do Vale;2022;12668
2112274;MA;Tufilândia;2022;18059
2112308;MA;Tuntum;2022;185765
2112407;MA;Turiaçu;2022;10904
2112456;MA;Turilândia;2022;29962
2112506;MA;Tutóia;2022;3052
2112605;MA;Urbano Santos;2022;1290
2112704;MA;Vargem Grande;2022;18462
2112803;MA;Viana;2022;20850
2112852;MA;Vila Nova dos Martírios;2022;85918
2112902;MA;Vitória do Mearim;2022;25310
2113009;MA;Vitorino Freire;2022;96400
2114007;MA;Zé Doca;2022;160000
2200053;PI;Acauã;2022;6200
2200103;PI;Agricolândia;2022;1593
2200202;PI;Água Branca;2022;2873
2200251;PI;Alagoinha do Piauí;2022;5498
2200277;PI;Alegrete do Piauí;2022;3563
2200301;PI;Alto Longá;2022;14241
2200400;PI;Altos;2022;7355
2200459;PI;Alvorada do Gurguéia;2022;7106
2200509;PI;Amarante;2022;9331
2200608;PI;Angical do Piauí;2022;5409
2200707;PI;Anísio de Abreu;2022;2217
2200806;PI;Antônio Almeida;2022;3545
2200905;PI;Aroazes;2022;6520
2200954;PI;Aroeiras do Itaim;2022;3232
2201002;PI;Arraial;2022;3284
2201051;PI;Assunção do Piauí;2022;4361
2201101;PI;Avelino Lopes;2022;11169
2201150;PI;Baixa Grande do Ribeiro;2022;13647
2201176;PI;Barra D'Alcântara;2022;2165
2201200;PI;Barras;2022;15640
2201309;PI;Barreiras do Piauí;2022;4692
2201408;PI;Barro Duro;2022;1830
2201507;PI;Batalha;2022;15185
2201556;PI;Bela Vista do Piauí;2022;5808
2201572;PI;Belém do Piauí;2022;1967
2201606;PI;Beneditinos;2022;4745
2201705;PI;Bertolínia;2022;9299
2201739;PI;Betânia do Piauí;2022;2570
2201770;PI;Boa Hora;2022;1709
2201804;PI;Bocaina;2022;3271
2201903;PI;Bom Jesus;2022;26122
2201919;PI;Bom Princípio do Piauí;2022;3059
2201929;PI;Bonfim do Piauí;2022;1609
2201945;PI;Boqueirão do Piauí;2022;1305
2201960;PI;Brasileira;2022;4165
2201988;PI;Brejo do Piauí;2022;5554
2202000;PI;Buriti dos Lopes;2022;6052
2202026;PI;Buriti dos Montes;2022;6901
2202059;PI;Cabeceiras do Piauí;2022;5684
2202075;PI;Cajazeiras do Piauí;2022;3980
2202083;PI;Cajueiro da Praia;2022;1065
2202091;PI;Caldeirão Grande do Piauí;2022;3211
2202109;PI;Campinas do Piauí;2022;7236
2202117;PI;Campo Alegre do Fidalgo;2022;2478
2202133;PI;Campo Grande do Piauí;2022;2051
2202174;PI;Campo Largo do Piauí;2022;4124
2202208;PI;Campo Maior;2022;21826
2202251;PI;Canavieira;2022;9740
2202307;PI;Canto do Buriti;2022;9148
2202406;PI;Capitão de Campos;2022;4245
2202455;PI;Capitão Gervásio Oliveira;2022;5276
2202505;PI;Caracol;2022;4309
2202539;PI;Caraúbas do Piauí;2022;8533
2202554;PI;Caridade do Piauí;2022;4335
2202604;PI;Castelo do Piauí;2022;10834
2202653;PI;Caxingó;2022;4033
2202703;PI;Cocal;2022;6931
2202711;PI;Cocal de Telha;2022;2632
2202729;PI;Cocal dos Alves;2022;2051
2202737;PI;Coivaras;2022;2794
2202752;PI;Colônia do Gurguéia;2022;5958
2202778;PI;Colônia do Piauí;2022;7585
2202802;PI;Conceição do Canindé;2022;3723
2202851;PI;Coronel José Dias;2022;2683
2202901;PI;Corrente;2022;28599
2203008;PI;Cristalândia do Piauí;2022;19922
2203107;PI;Cristino Castro;2022;5215
2203206;PI;Curimatá;2022;19963
2203230;PI;Currais;2022;14091
2203255;PI;Curralinhos;2022;3501
2203271;PI;Curral Novo do Piauí;2022;2880
2203305;PI;Demerval Lobão;2022;1702
2203354;PI;Dirceu Arcoverde;2022;3559
2203404;PI;Dom Expedito Lopes;2022;1200
2203420;PI;Domingos Mourão;2022;3206
2203453;PI;Dom Inocêncio;2022;7210
2203503;PI;Elesbão Veloso;2022;16128
2203602;PI;Eliseu Martins;2022;6107
2203701;PI;Esperantina;2022;9011
2203750;PI;Fartura do Piauí;2022;3227
2203800;PI;Flores do Piauí;2022;4628
2203859;PI;Floresta do Piauí;2022;2541
2203909;PI;Floriano;2022;10746
2204006;PI;Francinópolis;2022;3014
2204105;PI;Francisco Ayres;2022;3727
2204154;PI;Francisco Macedo;2022;1555
2204204;PI;Francisco Santos;2022;3407
2204303;PI;Fronteiras;2022;5905
2204352;PI;Geminiano;2022;3610
2204402;PI;Gilbués;2022;10589
2204501;PI;Guadalupe;2022;5249
2204550;PI;Guaribas;2022;2088
2204600;PI;Hugo Napoleão;2022;2055
2204659;PI;Ilha Grande;2022;1655
2204709;PI;Inhuma;2022;7429
2204808;PI;Ipiranga do Piauí;2022;2861
2204907;PI;Isaías Coelho;2022;8232
2205003;PI;Itainópolis;2022;7080
2205102;PI;Itaueira;2022;13840
2205151;PI;Jacobina do Piauí;2022;10920
2205201;PI;Jaicós;2022;4048
2205250;PI;Jardim do Mulato;2022;3235
2205276;PI;Jatobá do Piauí;2022;7284
2205300;PI;Jerumenha;2022;6721
2205359;PI;João Costa;2022;3620
2205409;PI;Joaquim Pires;2022;11072
2205458;PI;Joca Marques;2022;4602
2205508;PI;José de Freitas;2022;14001
2205516;PI;Juazeiro do Piauí;2022;4173
2205524;PI;Júlio Borges;2022;11820
2205532;PI;Jurema;2022;2573
2205540;PI;Lagoinha do Piauí;2022;1470
2205557;PI;Lagoa Alegre;2022;1800
2205565;PI;Lagoa do Barro do Piauí;2022;3541
2205573;PI;Lagoa de São Francisco;2022;1255
2205581;PI;Lagoa do Piauí;2022;2971
2205599;PI;Lagoa do Sítio;2022;3611
2205607;PI;Landri Sales;2022;7718
2205706;PI;Luís Correia;2022;8728
2205805;PI;Luzilândia;2022;7866
2205854;PI;Madeiro;2022;4149
2205904;PI;Manoel Emídio;2022;7531
2205953;PI;Marcolândia;2022;715
2206001;PI;Marcos Parente;2022;5525
2206050;PI;Massapê do Piauí;2022;2770
2206100;PI;Matias Olímpio;2022;2220
2206209;PI;Miguel Alves;2022;7207
2206308;PI;Miguel Leão;2022;210
2206357;PI;Milton Brandão;2022;3810
2206407;PI;Monsenhor Gil;2022;2661
2206506;PI;Monsenhor Hipólito;2022;5278
2206605;PI;Monte Alegre do Piauí;2022;23492
2206654;PI;Morro Cabeça no Tempo;2022;6386
2206670;PI;Morro do Chapéu do Piauí;2022;4165
2206696;PI;Murici dos Portelas;2022;4683
2206704;PI;Nazaré do Piauí;2022;6828
2206720;PI;Nazária;2022;4126
2206753;PI;Nossa Senhora de Nazaré;2022;3788
2206803;PI;Nossa Senhora dos Remédios;2022;4033
2206902;PI;Novo Oriente do Piauí;2022;6950
2206951;PI;Novo Santo Antônio;2022;4234
2207009;PI;Oeiras;2022;13566
2207108;PI;Olho D'Água do Piauí;2022;3643
2207207;PI;Padre Marcos;2022;2352
2207306;PI;Paes Landim;2022;3635
2207355;PI;Pajeú do Piauí;2022;4903
2207405;PI;Palmeira do Piauí;2022;7254
2207504;PI;Palmeirais;2022;6083
2207553;PI;Paquetá;2022;2470
2207603;PI;Parnaguá;2022;40395
2207702;PI;Parnaíba;2022;5942
2207751;PI;Passagem Franca do Piauí;2022;4311
2207777;PI;Patos do Piauí;2022;4835
2207793;PI;Pau D'Arco do Piauí;2022;1821
2207801;PI;Paulistana;2022;9262
2207850;PI;Pavussu;2022;2290
2207900;PI;Pedro II;2022;6097
2207934;PI;Pedro Laurentino;2022;5072
2207959;PI;Nova Santa Rita;2022;5801
2208007;PI;Picos;2022;9746
2208106;PI;Pimenteiras;2022;14049
2208205;PI;Pio IX;2022;7154
2208304;PI;Piracuruca;2022;14645
2208403;PI;Piripiri;2022;12344
2208502;PI;Porto;2022;2942
2208551;PI;Porto Alegre do Piauí;2022;6069
2208601;PI;Prata do Piauí;2022;1256
2208650;PI;Queimada Nova;2022;5450
2208700;PI;Redenção do Gurguéia;2022;11934
2208809;PI;Regeneração;2022;5119
2208858;PI;Riacho Frio;2022;15059
2208874;PI;Ribeira do Piauí;2022;6508
2208908;PI;Ribeiro Gonçalves;2022;9164
2209005;PI;Rio Grande do Piauí;2022;5494
2209104;PI;Santa Cruz do Piauí;2022;5561
2209153;PI;Santa Cruz dos Milagres;2022;18987
2209203;PI;Santa Filomena;2022;14319
2209302;PI;Santa Luz;2022;13568
2209351;PI;Santana do Piauí;2022;920
2209377;PI;Santa Rosa do Piauí;2022;5398
2209401;PI;Santo Antônio de Lisboa;2022;2581
2209450;PI;Santo Antônio dos Milagres;2022;268
2209500;PI;Santo Inácio do Piauí;2022;4759
2209559;PI;São Braz do Piauí;2022;1297
2209609;PI;São Félix do Piauí;2022;5965
2209658;PI;São Francisco de Assis do Piauí;2022;4064
2209708;PI;São Francisco do Piauí;2022;5931
2209757;PI;São Gonçalo do Gurguéia;2022;5953
2209807;PI;São Gonçalo do Piauí;2022;2477
2209856;PI;São João da Canabrava;2022;1166
2209872;PI;São João da Fronteira;2022;3218
2209906;PI;São João da Serra;2022;8428
2209955;PI;São João da Varjota;2022;1466
2209971;PI;São João do Arraial;2022;2233
2210003;PI;São João do Piauí;2022;6417
2210052;PI;São José do Divino;2022;9511
2210102;PI;São José do Peixe;2022;5926
2210201;PI;São José do Piauí;2022;3227
2210300;PI;São Julião;2022;2747
2210359;PI;São Lourenço do Piauí;2022;1839
2210375;PI;São Luis do Piauí;2022;1474
2210383;PI;São Miguel da Baixa Grande;2022;2451
2210391;PI;São Miguel do Fidalgo;2022;3361
2210409;PI;São Miguel do Tapuio;2022;15408
2210508;PI;São Pedro do Piauí;2022;6431
2210607;PI;São Raimundo Nonato;2022;4548
2210623;PI;Sebastião Barros;2022;16809
2210631;PI;Sebastião Leal;2022;7988
2210656;PI;Sigefredo Pacheco;2022;6952
2210706;PI;Simões;2022;7580
2210805;PI;Simplício Mendes;2022;9951
2210904;PI;Socorro do Piauí;2022;3684
2210938;PI;Sussuapara;2022;2055
2210953;PI;Tamboril do Piauí;2022;2475
2210979;PI;Tanque do Piauí;2022;1221
2211001;PI;Teresina;2022;10158
2211100;PI;União;2022;9858
2211209;PI;Uruçuí;2022;20112
2211308;PI;Valença do Piauí;2022;6471
2211357;PI;Várzea Branca;2022;2433
2211407;PI;Várzea Grande;2022;1644
2211506;PI;Vera Mendes;2022;2178
2211605;PI;Vila Nova do Piauí;2022;3307
2211704;PI;Wall Ferraz;2022;3553
2300101;CE;Abaiara;2022;9100
2300150;CE;Acarape;2022;1253
2300200;CE;Acaraú;2022;5453
2300309;CE;Acopiara;2022;64625
2300408;CE;Aiuaba;2022;12865
2300507;CE;Alcântaras;2022;937
2300606;CE;Altaneira;2022;3202
2300705;CE;Alto Santo;2022;28200
2300754;CE;Amontada;2022;9944
2300804;CE;Antonina do Norte;2022;3983
2300903;CE;Apuiarés;2022;4901
2301000;CE;Aquiraz;2022;8865
2301109;CE;Aracati;2022;7355
2301208;CE;Aracoiaba;2022;9300
2301257;CE;Ararendá;2022;5500
2301307;CE;Araripe;2022;15200
2301406;CE;Aratuba;2022;1350
2301505;CE;Arneiroz;2022;9795
2301604;CE;Assaré;2022;22400
2301703;CE;Aurora;2022;27000
2301802;CE;Baixio;2022;9200
2301851;CE;Banabuiú;2022;28229
2301901;CE;Barbalha;2022;7369
2301950;CE;Barreira;2022;3943
2302008;CE;Barro;2022;22898
2302057;CE;Barroquinha;2022;1532
2302107;CE;Baturité;2022;1248
2302206;CE;Beberibe;2022;11213
2302305;CE;Bela Cruz;2022;6130
2302404;CE;Boa Viagem;2022;34626
2302503;CE;Brejo Santo;2022;43984
2302602;CE;Camocim;2022;5700
2302701;CE;Campos Sales;2022;15200
2302800;CE;Canindé;2022;23820
2302909;CE;Capistrano;2022;2830
2303006;CE;Caridade;2022;5691
2303105;CE;Cariré;2022;14973
2303204;CE;Caririaçu;2022;15634
2303303;CE;Cariús;2022;22988
2303402;CE;Carnaubal;2022;2400
2303501;CE;Cascavel;2022;6804
2303600;CE;Catarina;2022;11857
2303659;CE;Catunda;2022;6183
2303709;CE;Caucaia;2022;17995
2303808;CE;Cedro;2022;31829
2303907;CE;Chaval;2022;1573
2303931;CE;Choró;2022;9528
2303956;CE;Chorozinho;2022;2343
2304004;CE;Coreaú;2022;10440
2304103;CE;Crateús;2022;45061
2304202;CE;Crato;2022;26000
2304236;CE;Croatá;2022;4700
2304251;CE;Cruz;2022;1583
2304269;CE;Deputado Irapuan Pinheiro;2022;13191
2304277;CE;Ereré;2022;12866
2304285;CE;Eusébio;2022;925
2304301;CE;Farias Brito;2022;17200
2304350;CE;Forquilha;2022;8174
2304400;CE;Fortaleza;2022;1525
2304459;CE;Fortim;2022;1236
2304509;CE;Frecheirinha;2022;4000
2304608;CE;General Sampaio;2022;3609
2304657;CE;Graça;2022;2410
2304707;CE;Granja;2022;16790
2304806;CE;Granjeiro;2022;3542
2304905;CE;Groaíras;2022;4311
2304954;CE;Guaiúba;2022;4680
2305001;CE;Guaraciaba do Norte;2022;8817
2305100;CE;Guaramiranga;2022;255
2305209;CE;Hidrolândia;2022;17200
2305233;CE;Horizonte;2022;4053
2305266;CE;Ibaretama;2022;15153
2305308;CE;Ibiapina;2022;4000
2305332;CE;Ibicuitinga;2022;8839
2305357;CE;Icapuí;2022;3682
2305407;CE;Icó;2022;46264
2305506;CE;Iguatu;2022;73241
2305605;CE;Independência;2022;45992
2305654;CE;Ipaporanga;2022;6224
2305704;CE;Ipaumirim;2022;12990
2305803;CE;Ipu;2022;12000
2305902;CE;Ipueiras;2022;14500
2306009;CE;Iracema;2022;26964
2306108;CE;Irauçuba;2022;14515
2306207;CE;Itaiçaba;2022;2428
2306256;CE;Itaitinga;2022;1753
2306306;CE;Itapajé;2022;8512
2306405;CE;Itapipoca;2022;14141
2306504;CE;Itapiúna;2022;8036
2306553;CE;Itarema;2022;6488
2306603;CE;Itatira;2022;6976
2306702;CE;Jaguaretama;2022;52650
2306801;CE;Jaguaribara;2022;16659
2306900;CE;Jaguaribe;2022;56929
2307007;CE;Jaguaruana;2022;15566
2307106;CE;Jardim;2022;15040
2307205;CE;Jati;2022;7746
2307254;CE;Jijoca de Jericoacoara;2022;693
2307304;CE;Juazeiro do Norte;2022;11920
2307403;CE;Jucás;2022;35675
2307502;CE;Lavras da Mangabeira;2022;26000
2307601;CE;Limoeiro do Norte;2022;34760
2307635;CE;Madalena;2022;14605
2307650;CE;Maracanaú;2022;1337
2307700;CE;Maranguape;2022;15171
2307809;CE;Marco;2022;6888
2307908;CE;Martinópole;2022;2368
2308005;CE;Massapê;2022;7892
2308104;CE;Mauriti;2022;45900
2308203;CE;Meruoca;2022;598
2308302;CE;Milagres;2022;20750
2308351;CE;Milhã;2022;35648
2308377;CE;Miraíma;2022;8005
2308401;CE;Missão Velha;2022;16000
2308500;CE;Mombaça;2022;33493
2308609;CE;Monsenhor Tabosa;2022;10906
2308708;CE;Morada Nova;2022;98000
2308807;CE;Moraújo;2022;3479
2308906;CE;Morrinhos;2022;5178
2309003;CE;Mucambo;2022;3464
2309102;CE;Mulungu;2022;680
2309201;CE;Nova Olinda;2022;11100
2309300;CE;Nova Russas;2022;9292
2309409;CE;Novo Oriente;2022;14628
2309458;CE;Ocara;2022;10540
2309508;CE;Orós;2022;18293
2309607;CE;Pacajus;2022;5244
2309706;CE;Pacatuba;2022;2339
2309805;CE;Pacoti;2022;931
2309904;CE;Pacujá;2022;1780
2310001;CE;Palhano;2022;3608
2310100;CE;Palmácia;2022;3300
2310209;CE;Paracuru;2022;3888
2310258;CE;Paraipaba;2022;3383
2310308;CE;Parambu;2022;23500
2310407;CE;Paramoti;2022;3429
2310506;CE;Pedra Branca;2022;30957
2310605;CE;Penaforte;2022;6950
2310704;CE;Pentecoste;2022;17121
2310803;CE;Pereiro;2022;7941
2310852;CE;Pindoretama;2022;3350
2310902;CE;Piquet Carneiro;2022;19713
2310951;CE;Pires Ferreira;2022;5000
2311009;CE;Poranga;2022;4392
2311108;CE;Porteiras;2022;16463
2311207;CE;Potengi;2022;12500
2311231;CE;Potiretama;2022;12760
2311264;CE;Quiterianópolis;2022;16000
2311306;CE;Quixadá;2022;46498
2311355;CE;Quixelô;2022;39780
2311405;CE;Quixeramobim;2022;86204
2311504;CE;Quixeré;2022;5900
2311603;CE;Redenção;2022;2231
2311702;CE;Reriutaba;2022;4800
2311801;CE;Russas;2022;23800
2311900;CE;Saboeiro;2022;16907
2311959;CE;Salitre;2022;12500
2312007;CE;Santana do Acaraú;2022;21287
2312106;CE;Santana do Cariri;2022;12000
2312205;CE;Santa Quitéria;2022;40972
2312304;CE;São Benedito;2022;7300
2312403;CE;São Gonçalo do Amarante;2022;6055
2312502;CE;São João do Jaguaribe;2022;7100
2312601;CE;São Luís do Curu;2022;2349
2312700;CE;Senador Pompeu;2022;31078
2312809;CE;Senador Sá;2022;3072
2312908;CE;Sobral;2022;35761
2313005;CE;Solonópole;2022;36534
2313104;CE;Tabuleiro do Norte;2022;22780
2313203;CE;Tamboril;2022;22030
2313252;CE;Tarrafas;2022;7400
2313302;CE;Tauá;2022;49114
2313351;CE;Tejuçuoca;2022;7202
2313401;CE;Tianguá;2022;7500
2313500;CE;Trairi;2022;11021
2313559;CE;Tururu;2022;2398
2313609;CE;Ubajara;2022;5000
2313708;CE;Umari;2022;9954
2313757;CE;Umirim;2022;8784
2313807;CE;Uruburetama;2022;1654
2313906;CE;Uruoca;2022;4102
2313955;CE;Varjota;2022;4075
2314003;CE;Várzea Alegre;2022;30532
2314102;CE;Viçosa do Ceará;2022;9400
2400109;RN;Acari;2022;12500
2400208;RN;Assú;2022;11890
2400307;RN;Afonso Bezerra;2022;7920
2400406;RN;Água Nova;2022;1360
2400505;RN;Alexandria;2022;12000
2400604;RN;Almino Afonso;2022;3000
2400703;RN;Alto do Rodrigues;2022;2220
2400802;RN;Angicos;2022;9600
2400901;RN;Antônio Martins;2022;4500
2401008;RN;Apodi;2022;19074
2401107;RN;Areia Branca;2022;523
2401206;RN;Arez;2022;1500
2401305;RN;Campo Grande;2022;19200
2401404;RN;Baía Formosa;2022;400
2401453;RN;Baraúna;2022;5198
2401503;RN;Barcelona;2022;1585
2401602;RN;Bento Fernandes;2022;4770
2401651;RN;Bodó;2022;2850
2401701;RN;Bom Jesus;2022;6217
2401800;RN;Brejinho;2022;7500
2401859;RN;Caiçara do Norte;2022;779
2401909;RN;Caiçara do Rio do Vento;2022;2030
2402006;RN;Caicó;2022;46676
2402105;RN;Campo Redondo;2022;4500
2402204;RN;Canguaretama;2022;3700
2402303;RN;Caraúbas;2022;17900
2402402;RN;Carnaúba dos Dantas;2022;4534
2402501;RN;Carnaubais;2022;4865
2402600;RN;Ceará-Mirim;2022;19350
2402709;RN;Cerro Corá;2022;4790
2402808;RN;Coronel Ezequiel;2022;2850
2402907;RN;Coronel João Pessoa;2022;2225
2403004;RN;Cruzeta;2022;13134
2403103;RN;Currais Novos;2022;13514
2403202;RN;Doutor Severiano;2022;6350
2403251;RN;Parnamirim;2022;1500
2403301;RN;Encanto;2022;4120
2403400;RN;Equador;2022;1803
2403509;RN;Espírito Santo;2022;4250
2403608;RN;Extremoz;2022;1235
2403707;RN;Felipe Guerra;2022;1740
2403756;RN;Fernando Pedroza;2022;2710
2403806;RN;Florânia;2022;11800
2403905;RN;Francisco Dantas;2022;5000
2404002;RN;Frutuoso Gomes;2022;2250
2404101;RN;Galinhos;2022;400
2404200;RN;Goianinha;2022;8200
2404309;RN;Governador Dix-Sept Rosado;2022;3350
2404408;RN;Grossos;2022;550
2404507;RN;Guamaré;2022;1620
2404606;RN;Ielmo Marinho;2022;13008
2404705;RN;Ipanguaçu;2022;6980
2404804;RN;Ipueira;2022;3800
2404853;RN;Itajá;2022;2400
2404903;RN;Itaú;2022;4592
2405009;RN;Jaçanã;2022;1680
2405108;RN;Jandaíra;2022;3091
2405207;RN;Janduís;2022;5650
2405306;RN;Januário Cicco;2022;5063
2405405;RN;Japi;2022;4827
2405504;RN;Jardim de Angicos;2022;7581
2405603;RN;Jardim de Piranhas;2022;23000
2405702;RN;Jardim do Seridó;2022;13550
2405801;RN;João Câmara;2022;14100
2405900;RN;João Dias;2022;1300
2406007;RN;José da Penha;2022;6500
2406106;RN;Jucurutu;2022;28637
2406155;RN;Jundiá;2022;2300
2406205;RN;Lagoa d'Anta;2022;2100
2406304;RN;Lagoa de Pedras;2022;7000
2406403;RN;Lagoa de Velhos;2022;3350
2406502;RN;Lagoa Nova;2022;5945
2406601;RN;Lagoa Salgada;2022;3600
2406700;RN;Lajes;2022;5659
2406809;RN;Lajes Pintadas;2022;2537
2406908;RN;Lucrécia;2022;2150
2407005;RN;Luís Gomes;2022;1365
2407104;RN;Macaíba;2022;16561
2407203;RN;Macau;2022;1972
2407252;RN;Major Sales;2022;2424
2407302;RN;Marcelino Vieira;2022;7100
2407401;RN;Martins;2022;1400
2407500;RN;Maxaranguape;2022;1050
2407609;RN;Messias Targino;2022;6250
2407708;RN;Montanhas;2022;7200
2407807;RN;Monte Alegre;2022;15000
2407906;RN;Monte das Gameleiras;2022;950
2408003;RN;Mossoró;2022;16000
2408102;RN;Natal;2022;198
2408201;RN;Nísia Floresta;2022;6460
2408300;RN;Nova Cruz;2022;25800
2408409;RN;Olho d'Água do Borges;2022;4350
2408508;RN;Ouro Branco;2022;7950
2408607;RN;Paraná;2022;2515
2408706;RN;Paraú;2022;5990
2408805;RN;Parazinho;2022;3700
2408904;RN;Parelhas;2022;11000
2408953;RN;Rio do Fogo;2022;1159
2409100;RN;Passa e Fica;2022;3060
2409209;RN;Passagem;2022;2800
2409308;RN;Patu;2022;9000
2409332;RN;Santa Maria;2022;4800
2409407;RN;Pau dos Ferros;2022;13176
2409506;RN;Pedra Grande;2022;2208
2409605;RN;Pedra Preta;2022;3000
2409704;RN;Pedro Avelino;2022;5586
2409803;RN;Pedro Velho;2022;9000
2409902;RN;Pendências;2022;5455
2410009;RN;Pilões;2022;2450
2410108;RN;Poço Branco;2022;9100
2410207;RN;Portalegre;2022;1100
2410256;RN;Porto do Mangue;2022;850
2410306;RN;Serra Caiada;2022;3100
2410405;RN;Pureza;2022;6800
2410504;RN;Rafael Fernandes;2022;2900
2410603;RN;Rafael Godeiro;2022;4500
2410702;RN;Riacho da Cruz;2022;1700
2410801;RN;Riacho de Santana;2022;2700
2410900;RN;Riachuelo;2022;4600
2411007;RN;Rodolfo Fernandes;2022;4156
2411056;RN;Tibau;2022;820
2411106;RN;Ruy Barbosa;2022;3030
2411205;RN;Santa Cruz;2022;9227
2411403;RN;Santana do Matos;2022;21000
2411429;RN;Santana do Seridó;2022;4100
2411502;RN;Santo Antônio;2022;14400
2411601;RN;São Bento do Norte;2022;2410
2411700;RN;São Bento do Trairí;2022;2800
2411809;RN;São Fernando;2022;14100
2411908;RN;São Francisco do Oeste;2022;3200
2412005;RN;São Gonçalo do Amarante;2022;9530
2412104;RN;São João do Sabugi;2022;10600
2412203;RN;São José de Mipibu;2022;10315
2412302;RN;São José do Campestre;2022;10100
2412401;RN;São José do Seridó;2022;8518
2412500;RN;São Miguel;2022;5050
2412559;RN;São Miguel do Gostoso;2022;3740
2412609;RN;São Paulo do Potengi;2022;9110
2412708;RN;São Pedro;2022;5600
2412807;RN;São Rafael;2022;9980
2412906;RN;São Tomé;2022;3660
2413003;RN;São Vicente;2022;5000
2413102;RN;Senador Elói de Souza;2022;4784
2413201;RN;Senador Georgino Avelino;2022;700
2413300;RN;Serra de São Bento;2022;3000
2413359;RN;Serra do Mel;2022;1623
2413409;RN;Serra Negra do Norte;2022;17000
2413508;RN;Serrinha;2022;9500
2413557;RN;Serrinha dos Pintos;2022;3350
2413607;RN;Severiano Melo;2022;3807
2413706;RN;Sítio Novo;2022;1950
2413805;RN;Taboleiro Grande;2022;2600
2413904;RN;Taipu;2022;17800
2414001;RN;Tangará;2022;4600
2414100;RN;Tenente Ananias;2022;4850
2414159;RN;Tenente Laurentino Cruz;2022;2300
2414209;RN;Tibau do Sul;2022;1530
2414308;RN;Timbaúba dos Batistas;2022;6500
2414407;RN;Touros;2022;9050
2414456;RN;Triunfo Potiguar;2022;2305
2414506;RN;Umarizal;2022;10134
2414605;RN;Upanema;2022;10521
2414704;RN;Várzea;2022;2100
2414753;RN;Venha-Ver;2022;2970
2414803;RN;Vera Cruz;2022;8660
2414902;RN;Viçosa;2022;1550
2415008;RN;Vila Flor;2022;85
2500106;PB;Água Branca;2022;7992
2500205;PB;Aguiar;2022;6829
2500304;PB;Alagoa Grande;2022;19000
2500403;PB;Alagoa Nova;2022;3500
2500502;PB;Alagoinha;2022;7500
2500536;PB;Alcantil;2022;4800
2500577;PB;Algodão de Jandaíra;2022;1400
2500601;PB;Alhandra;2022;2500
2500700;PB;São João do Rio do Peixe;2022;17222
2500734;PB;Amparo;2022;2101
2500775;PB;Aparecida;2022;8434
2500809;PB;Araçagi;2022;15800
2500908;PB;Arara;2022;5500
2501005;PB;Araruna;2022;9500
2501104;PB;Areia;2022;10574
2501153;PB;Areia de Baraúnas;2022;1125
2501203;PB;Areial;2022;950
2501302;PB;Aroeiras;2022;9000
2501351;PB;Assunção;2022;1440
2501401;PB;Baía da Traição;2022;700
2501500;PB;Bananeiras;2022;14700
2501534;PB;Baraúna;2022;1450
2501575;PB;Barra de Santana;2022;8800
2501609;PB;Barra de Santa Rosa;2022;6200
2501708;PB;Barra de São Miguel;2022;3245
2501807;PB;Bayeux;2022;200
2501906;PB;Belém;2022;7800
2502003;PB;Belém do Brejo do Cruz;2022;10010
2502052;PB;Bernardino Batista;2022;1450
2502102;PB;Boa Ventura;2022;4520
2502151;PB;Boa Vista;2022;4200
2502201;PB;Bom Jesus;2022;2342
2502300;PB;Bom Sucesso;2022;8414
2502409;PB;Bonito de Santa Fé;2022;7247
2502508;PB;Boqueirão;2022;8700
2502607;PB;Igaracy;2022;9405
2502706;PB;Borborema;2022;1300
2502805;PB;Brejo do Cruz;2022;9103
2502904;PB;Brejo dos Santos;2022;3808
2503001;PB;Caaporã;2022;1230
2503100;PB;Cabaceiras;2022;3400
2503209;PB;Cabedelo;2022;150
2503308;PB;Cachoeira dos Índios;2022;7000
2503407;PB;Cacimba de Areia;2022;4256
2503506;PB;Cacimba de Dentro;2022;6300
2503555;PB;Cacimbas;2022;1670
2503605;PB;Caiçara;2022;6900
2503704;PB;Cajazeiras;2022;16921
2503753;PB;Cajazeirinhas;2022;8457
2503803;PB;Caldas Brandão;2022;3000
2503902;PB;Camalaú;2022;4735
2504009;PB;Campina Grande;2022;14000
2504033;PB;Capim;2022;1900
2504074;PB;Caraúbas;2022;3605
2504108;PB;Carrapateira;2022;1710
2504157;PB;Casserengue;2022;5595
2504207;PB;Catingueira;2022;5900
2504306;PB;Catolé do Rocha;2022;15000
2504355;PB;Caturité;2022;5600
2504405;PB;Conceição;2022;13134
2504504;PB;Condado;2022;10000
2504603;PB;Conde;2022;1800
2504702;PB;Congo;2022;2474
2504801;PB;Coremas;2022;14200
2504850;PB;Coxixola;2022;1115
2504900;PB;Cruz do Espírito Santo;2022;2000
2505006;PB;Cubati;2022;2400
2505105;PB;Cuité;2022;10450
2505204;PB;Cuitegi;2022;1980
2505238;PB;Cuité de Mamanguape;2022;3400
2505279;PB;Curral de Cima;2022;6500
2505303;PB;Curral Velho;2022;4266
2505352;PB;Damião;2022;4520
2505402;PB;Desterro;2022;3896
2505501;PB;Vista Serrana;2022;1541
2505600;PB;Diamante;2022;5762
2505709;PB;Dona Inês;2022;5500
2505808;PB;Duas Estradas;2022;2800
2505907;PB;Emas;2022;4797
2506004;PB;Esperança;2022;5900
2506103;PB;Fagundes;2022;5970
2506202;PB;Frei Martinho;2022;2700
2506251;PB;Gado Bravo;2022;8400
2506301;PB;Guarabira;2022;13400
2506400;PB;Gurinhém;2022;17000
2506509;PB;Gurjão;2022;3459
2506608;PB;Ibiara;2022;5310
2506707;PB;Imaculada;2022;7915
2506806;PB;Ingá;2022;9500
2506905;PB;Itabaiana;2022;8500
2507002;PB;Itaporanga;2022;15272
2507101;PB;Itapororoca;2022;7500
2507200;PB;Itatuba;2022;11000
2507309;PB;Jacaraú;2022;6800
2507408;PB;Jericó;2022;8530
2507507;PB;João Pessoa;2022;4115
2507606;PB;Juarez Távora;2022;3100
2507705;PB;Juazeirinho;2022;4670
2507804;PB;Junco do Seridó;2022;2674
2507903;PB;Juripiranga;2022;2100
2508000;PB;Juru;2022;12890
2508109;PB;Lagoa;2022;3998
2508208;PB;Lagoa de Dentro;2022;7500
2508307;PB;Lagoa Seca;2022;3500
2508406;PB;Lastro;2022;2985
2508505;PB;Livramento;2022;4210
2508554;PB;Logradouro;2022;3200
2508604;PB;Lucena;2022;300
2508703;PB;Mãe d'Água;2022;2019
2508802;PB;Malta;2022;4401
2508901;PB;Mamanguape;2022;3000
2509008;PB;Manaíra;2022;9171
2509057;PB;Marcação;2022;350
2509107;PB;Mari;2022;11800
2509156;PB;Marizópolis;2022;1100
2509206;PB;Massaranduba;2022;8000
2509305;PB;Mataraca;2022;1100
2509339;PB;Matinhas;2022;1215
2509370;PB;Mato Grosso;2022;2369
2509396;PB;Maturéia;2022;2106
2509404;PB;Mogeiro;2022;9300
2509503;PB;Montadas;2022;1050
2509602;PB;Monte Horebe;2022;1933
2509701;PB;Monteiro;2022;21300
2509800;PB;Mulungu;2022;16700
2509909;PB;Natuba;2022;3350
2510006;PB;Nazarezinho;2022;7920
2510105;PB;Nova Floresta;2022;1380
2510204;PB;Nova Olinda;2022;3392
2510303;PB;Nova Palmeira;2022;2400
2510402;PB;Olho d'Água;2022;10504
2510501;PB;Olivedos;2022;3256
2510600;PB;Ouro Velho;2022;3500
2510659;PB;Parari;2022;1867
2510709;PB;Passagem;2022;1400
2510808;PB;Patos;2022;13688
2510907;PB;Paulista;2022;24000
2511004;PB;Pedra Branca;2022;4033
2511103;PB;Pedra Lavrada;2022;3000
2511202;PB;Pedras de Fogo;2022;3695
2511301;PB;Piancó;2022;21560
2511400;PB;Picuí;2022;9510
2511509;PB;Pilar;2022;4850
2511608;PB;Pilões;2022;2800
2511707;PB;Pilõezinhos;2022;1900
2511806;PB;Pirpirituba;2022;4700
2511905;PB;Pitimbu;2022;791
2512002;PB;Pocinhos;2022;6200
2512036;PB;Poço Dantas;2022;2682
2512077;PB;Poço de José de Moura;2022;4505
2512101;PB;Pombal;2022;29800
2512200;PB;Prata;2022;3133
2512309;PB;Princesa Isabel;2022;13710
2512408;PB;Puxinanã;2022;2900
2512507;PB;Queimadas;2022;14800
2512606;PB;Quixaba;2022;1732
2512705;PB;Remígio;2022;4800
2512721;PB;Pedro Régis;2022;3300
2512747;PB;Riachão;2022;2600
2512754;PB;Riachão do Bacamarte;2022;2000
2512762;PB;Riachão do Poço;2022;3000
2512788;PB;Riacho de Santo Antônio;2022;2400
2512804;PB;Riacho dos Cavalos;2022;10300
2512903;PB;Rio Tinto;2022;2400
2513000;PB;Salgadinho;2022;1258
2513109;PB;Salgado de São Félix;2022;5100
2513158;PB;Santa Cecília;2022;4900
2513208;PB;Santa Cruz;2022;5668
2513307;PB;Santa Helena;2022;10932
2513356;PB;Santa Inês;2022;4260
2513406;PB;Santa Luzia;2022;9400
2513505;PB;Santana de Mangueira;2022;5220
2513604;PB;Santana dos Garrotes;2022;9588
2513653;PB;Joca Claudino;2022;1800
2513703;PB;Santa Rita;2022;4600
2513802;PB;Santa Teresinha;2022;8200
2513851;PB;Santo André;2022;2289
2513901;PB;São Bento;2022;11502
2513927;PB;São Bentinho;2022;5816
2513943;PB;São Domingos do Cariri;2022;1145
2513968;PB;São Domingos;2022;6900
2513984;PB;São Francisco;2022;4200
2514008;PB;São João do Cariri;2022;3820
2514107;PB;São João do Tigre;2022;2849
2514206;PB;São José da Lagoa Tapada;2022;7864
2514305;PB;São José de Caiana;2022;4365
2514404;PB;São José de Espinharas;2022;17300
2514453;PB;São José dos Ramos;2022;5000
2514503;PB;São José de Piranhas;2022;16482
2514552;PB;São José de Princesa;2022;6148
2514602;PB;São José do Bonfim;2022;3100
2514651;PB;São José do Brejo do Cruz;2022;6243
2514701;PB;São José do Sabugi;2022;6630
2514800;PB;São José dos Cordeiros;2022;3515
2514909;PB;São Mamede;2022;8134
2515005;PB;São Miguel de Taipu;2022;4300
2515104;PB;São Sebastião de Lagoa de Roça;2022;1600
2515203;PB;São Sebastião do Umbuzeiro;2022;3710
2515302;PB;Sapé;2022;6500
2515401;PB;São Vicente do Seridó;2022;3350
2515500;PB;Serra Branca;2022;4892
2515609;PB;Serra da Raiz;2022;2400
2515708;PB;Serra Grande;2022;2036
2515807;PB;Serra Redonda;2022;3700
2515906;PB;Serraria;2022;4545
2515930;PB;Sertãozinho;2022;1800
2515971;PB;Sobrado;2022;3400
2516003;PB;Solânea;2022;9500
2516102;PB;Soledade;2022;7800
2516151;PB;Sossêgo;2022;2990
2516201;PB;Sousa;2022;27055
2516300;PB;Sumé;2022;8183
2516409;PB;Tacima;2022;14300
2516508;PB;Taperoá;2022;8750
2516607;PB;Tavares;2022;14580
2516706;PB;Teixeira;2022;2525
2516755;PB;Tenório;2022;1414
2516805;PB;Triunfo;2022;8475
2516904;PB;Uiraúna;2022;10485
2517001;PB;Umbuzeiro;2022;5400
2517100;PB;Várzea;2022;4900
2517209;PB;Vieirópolis;2022;5422
2517407;PB;Zabelê;2022;1631
2600054;PE;Abreu e Lima;2022;691
2600104;PE;Afogados da Ingazeira;2022;13500
2600203;PE;Afrânio;2022;21000
2600302;PE;Agrestina;2022;16475
2600401;PE;Água Preta;2022;37643
2600500;PE;Águas Belas;2022;50822
2600609;PE;Alagoinha;2022;14405
2600708;PE;Aliança;2022;4080
2600807;PE;Altinho;2022;26938
2600906;PE;Amaraji;2022;8060
2601003;PE;Angelim;2022;8623
2601052;PE;Araçoiaba;2022;162
2601102;PE;Araripina;2022;24113
2601201;PE;Arcoverde;2022;15990
2601300;PE;Barra de Guabiraba;2022;6750
2601409;PE;Barreiros;2022;13345
2601508;PE;Belém de Maria;2022;5417
2601607;PE;Belém do São Francisco;2022;5160
2601706;PE;Belo Jardim;2022;12010
2601805;PE;Betânia;2022;4500
2601904;PE;Bezerros;2022;17608
2602001;PE;Bodocó;2022;60622
2602100;PE;Bom Conselho;2022;59142
2602209;PE;Bom Jardim;2022;9420
2602308;PE;Bonito;2022;22130
2602407;PE;Brejão;2022;16531
2602506;PE;Brejinho;2022;4100
2602605;PE;Brejo da Madre de Deus;2022;11375
2602704;PE;Buenos Aires;2022;3159
2602803;PE;Buíque;2022;48060
2602902;PE;Cabo de Santo Agostinho;2022;2841
2603009;PE;Cabrobó;2022;12641
2603108;PE;Cachoeirinha;2022;14369
2603207;PE;Caetés;2022;21000
2603306;PE;Calçado;2022;2400
2603405;PE;Calumbi;2022;1500
2603454;PE;Camaragibe;2022;900
2603504;PE;Camocim de São Félix;2022;8120
2603603;PE;Camutanga;2022;1370
2603702;PE;Canhotinho;2022;32336
2603801;PE;Capoeiras;2022;19934
2603900;PE;Carnaíba;2022;12742
2603926;PE;Carnaubeira da Penha;2022;4195
2604007;PE;Carpina;2022;6519
2604106;PE;Caruaru;2022;20790
2604155;PE;Casinhas;2022;7680
2604205;PE;Catende;2022;4996
2604304;PE;Cedro;2022;9136
2604403;PE;Chã de Alegria;2022;847
2604502;PE;Chã Grande;2022;2370
2604601;PE;Condado;2022;980
2604700;PE;Correntes;2022;35319
2604809;PE;Cortês;2022;990
2604908;PE;Cumaru;2022;9750
2605004;PE;Cupira;2022;10423
2605103;PE;Custódia;2022;26360
2605152;PE;Dormentes;2022;13300
2605202;PE;Escada;2022;1737
2605301;PE;Exu;2022;53280
2605400;PE;Feira Nova;2022;5124
2605459;PE;Fernando de Noronha;2022;73
2605509;PE;Ferreiros;2022;2530
2605608;PE;Flores;2022;13000
2605707;PE;Floresta;2022;14000
2605806;PE;Frei Miguelinho;2022;6700
2605905;PE;Gameleira;2022;2088
2606002;PE;Garanhuns;2022;29834
2606101;PE;Glória do Goitá;2022;6744
2606200;PE;Goiana;2022;1930
2606309;PE;Granito;2022;20949
2606408;PE;Gravatá;2022;17539
2606507;PE;Iati;2022;30714
2606606;PE;Ibimirim;2022;6590
2606705;PE;Ibirajuba;2022;12333
2606804;PE;Igarassu;2022;1769
2606903;PE;Iguaracy;2022;17750
2607000;PE;Inajá;2022;5020
2607109;PE;Ingazeira;2022;6855
2607208;PE;Ipojuca;2022;2600
2607307;PE;Ipubi;2022;10373
2607406;PE;Itacuruba;2022;840
2607505;PE;Itaíba;2022;69900
2607604;PE;Ilha de Itamaracá;2022;537
2607653;PE;Itambé;2022;3905
2607703;PE;Itapetim;2022;12950
2607752;PE;Itapissuma;2022;285
2607802;PE;Itaquitinga;2022;1025
2607901;PE;Jaboatão dos Guararapes;2022;2530
2607950;PE;Jaqueira;2022;6723
2608008;PE;Jataúba;2022;5334
2608057;PE;Jatobá;2022;1450
2608107;PE;João Alfredo;2022;6570
2608206;PE;Joaquim Nabuco;2022;2729
2608255;PE;Jucati;2022;7750
2608305;PE;Jupi;2022;6300
2608404;PE;Jurema;2022;10256
2608453;PE;Lagoa do Carro;2022;5188
2608503;PE;Lagoa de Itaenga;2022;2980
2608602;PE;Lagoa do Ouro;2022;23668
2608701;PE;Lagoa dos Gatos;2022;8846
2608750;PE;Lagoa Grande;2022;7000
2608800;PE;Lajedo;2022;19940
2608909;PE;Limoeiro;2022;17850
2609006;PE;Macaparana;2022;7850
2609105;PE;Machados;2022;1600
2609154;PE;Manari;2022;10640
2609204;PE;Maraial;2022;9609
2609303;PE;Mirandiba;2022;6914
2609402;PE;Moreno;2022;5800
2609501;PE;Nazaré da Mata;2022;4834
2609600;PE;Olinda;2022;56
2609709;PE;Orobó;2022;5900
2609808;PE;Orocó;2022;4100
2609907;PE;Ouricuri;2022;45368
2610004;PE;Palmares;2022;13618
2610103;PE;Palmeirina;2022;16000
2610202;PE;Panelas;2022;13606
2610301;PE;Paranatama;2022;7065
2610400;PE;Parnamirim;2022;22979
2610509;PE;Passira;2022;11900
2610608;PE;Paudalho;2022;6244
2610707;PE;Paulista;2022;743
2610806;PE;Pedra;2022;45000
2610905;PE;Pesqueira;2022;34569
2611002;PE;Petrolândia;2022;3900
2611101;PE;Petrolina;2022;15000
2611200;PE;Poção;2022;11315
2611309;PE;Pombos;2022;6783
2611408;PE;Primavera;2022;1920
2611507;PE;Quipapá;2022;18377
2611533;PE;Quixaba;2022;7652
2611606;PE;Recife;2022;505
2611705;PE;Riacho das Almas;2022;8749
2611804;PE;Ribeirão;2022;6000
2611903;PE;Rio Formoso;2022;2938
2612000;PE;Sairé;2022;14281
2612109;PE;Salgadinho;2022;2800
2612208;PE;Salgueiro;2022;16913
2612307;PE;Saloá;2022;14225
2612406;PE;Sanharó;2022;18123
2612455;PE;Santa Cruz;2022;7393
2612471;PE;Santa Cruz da Baixa Verde;2022;4500
2612505;PE;Santa Cruz do Capibaribe;2022;4654
2612554;PE;Santa Filomena;2022;5328
2612604;PE;Santa Maria da Boa Vista;2022;11000
2612703;PE;Santa Maria do Cambucá;2022;3700
2612802;PE;Santa Terezinha;2022;5400
2612901;PE;São Benedito do Sul;2022;11494
2613008;PE;São Bento do Una;2022;58681
2613107;PE;São Caitano;2022;19880
2613206;PE;São João;2022;10000
2613305;PE;São Joaquim do Monte;2022;17561
2613404;PE;São José da Coroa Grande;2022;3145
2613503;PE;São José do Belmonte;2022;20000
2613602;PE;São José do Egito;2022;22700
2613701;PE;São Lourenço da Mata;2022;2370
2613800;PE;São Vicente Férrer;2022;6350
2613909;PE;Serra Talhada;2022;38000
2614006;PE;Serrita;2022;27945
2614105;PE;Sertânia;2022;25480
2614204;PE;Sirinhaém;2022;915
2614303;PE;Moreilândia;2022;14600
2614402;PE;Solidão;2022;4404
2614501;PE;Surubim;2022;16950
2614600;PE;Tabira;2022;18834
2614709;PE;Tacaimbó;2022;8650
2614808;PE;Tacaratu;2022;5250
2614857;PE;Tamandaré;2022;6594
2615003;PE;Taquaritinga do Norte;2022;9061
2615102;PE;Terezinha;2022;10258
2615201;PE;Terra Nova;2022;4744
2615300;PE;Timbaúba;2022;14120
2615409;PE;Toritama;2022;1296
2615508;PE;Tracunhaém;2022;2454
2615607;PE;Trindade;2022;4435
2615706;PE;Triunfo;2022;3783
2615805;PE;Tupanatinga;2022;33190
2615904;PE;Tuparetama;2022;6403
2616001;PE;Venturosa;2022;27790
2616100;PE;Verdejante;2022;3992
2616183;PE;Vertente do Lério;2022;4090
2616209;PE;Vertentes;2022;7150
2616308;PE;Vicência;2022;4640
2616407;PE;Vitória de Santo Antão;2022;9666
2616506;PE;Xexéu;2022;7677
2700102;AL;Água Branca;2022;10542
2700201;AL;Anadia;2022;13944
2700300;AL;Arapiraca;2022;20000
2700409;AL;Atalaia;2022;30800
2700508;AL;Barra de Santo Antônio;2022;900
2700607;AL;Barra de São Miguel;2022;441
2700706;AL;Batalha;2022;17000
2700805;AL;Belém;2022;6900
2700904;AL;Belo Monte;2022;12000
2701001;AL;Boca da Mata;2022;12694
2701100;AL;Branquinha;2022;7063
2701209;AL;Cacimbinhas;2022;19000
2701308;AL;Cajueiro;2022;9400
2701357;AL;Campestre;2022;2500
2701407;AL;Campo Alegre;2022;4155
2701506;AL;Campo Grande;2022;19000
2701605;AL;Canapi;2022;20758
2701704;AL;Capela;2022;18200
2701803;AL;Carneiros;2022;5100
2701902;AL;Chã Preta;2022;31400
2702009;AL;Coité do Nóia;2022;6632
2702108;AL;Colônia Leopoldina;2022;6788
2702207;AL;Coqueiro Seco;2022;135
2702306;AL;Coruripe;2022;5892
2702355;AL;Craíbas;2022;15300
2702405;AL;Delmiro Gouveia;2022;9051
2702504;AL;Dois Riachos;2022;12500
2702553;AL;Estrela de Alagoas;2022;12700
2702603;AL;Feira Grande;2022;12000
2702702;AL;Feliz Deserto;2022;1200
2702801;AL;Flexeiras;2022;14000
2702900;AL;Girau do Ponciano;2022;31900
2703007;AL;Ibateguara;2022;15600
2703106;AL;Igaci;2022;19000
2703205;AL;Igreja Nova;2022;34000
2703304;AL;Inhapi;2022;17405
2703403;AL;Jacaré dos Homens;2022;9800
2703502;AL;Jacuípe;2022;14000
2703601;AL;Japaratinga;2022;2260
2703700;AL;Jaramataia;2022;6333
2703759;AL;Jequiá da Praia;2022;1783
2703809;AL;Joaquim Gomes;2022;22000
2703908;AL;Jundiá;2022;7000
2704005;AL;Junqueiro;2022;11437
2704104;AL;Lagoa da Canoa;2022;5668
2704203;AL;Limoeiro de Anadia;2022;14495
2704302;AL;Maceió;2022;3900
2704401;AL;Major Isidoro;2022;32700
2704500;AL;Maragogi;2022;12808
2704609;AL;Maravilha;2022;11705
2704708;AL;Marechal Deodoro;2022;3500
2704807;AL;Maribondo;2022;17720
2704906;AL;Mar Vermelho;2022;8945
2705002;AL;Mata Grande;2022;18961
2705101;AL;Matriz de Camaragibe;2022;12000
2705200;AL;Messias;2022;3335
2705309;AL;Minador do Negrão;2022;13200
2705408;AL;Monteirópolis;2022;6819
2705507;AL;Murici;2022;24507
2705606;AL;Novo Lino;2022;9085
2705705;AL;Olho d'Água das Flores;2022;11226
2705804;AL;Olho d'Água do Casado;2022;7525
2705903;AL;Olho d'Água Grande;2022;12300
2706000;AL;Olivença;2022;10388
2706109;AL;Ouro Branco;2022;7821
2706208;AL;Palestina;2022;1747
2706307;AL;Palmeira dos Índios;2022;40000
2706406;AL;Pão de Açúcar;2022;21979
2706422;AL;Pariconha;2022;4686
2706448;AL;Paripueira;2022;245
2706505;AL;Passo de Camaragibe;2022;7571
2706604;AL;Paulo Jacinto;2022;11691
2706703;AL;Penedo;2022;18800
2706802;AL;Piaçabuçu;2022;4200
2706901;AL;Pilar;2022;9000
2707008;AL;Pindoba;2022;16850
2707107;AL;Piranhas;2022;13228
2707206;AL;Poço das Trincheiras;2022;13432
2707305;AL;Porto Calvo;2022;24806
2707404;AL;Porto de Pedras;2022;8163
2707503;AL;Porto Real do Colégio;2022;19500
2707602;AL;Quebrangulo;2022;27478
2707701;AL;Rio Largo;2022;5212
2707800;AL;Roteiro;2022;1690
2707909;AL;Santa Luzia do Norte;2022;620
2708006;AL;Santana do Ipanema;2022;23113
2708105;AL;Santana do Mundaú;2022;18000
2708204;AL;São Brás;2022;8500
2708303;AL;São José da Laje;2022;14898
2708402;AL;São José da Tapera;2022;24316
2708501;AL;São Luís do Quitunde;2022;13801
2708600;AL;São Miguel dos Campos;2022;4701
2708709;AL;São Miguel dos Milagres;2022;2504
2708808;AL;São Sebastião;2022;22000
2708907;AL;Satuba;2022;2200
2708956;AL;Senador Rui Palmeira;2022;15811
2709004;AL;Tanque d'Arca;2022;12400
2709103;AL;Taquarana;2022;16000
2709152;AL;Teotônio Vilela;2022;7513
2709202;AL;Traipu;2022;28705
2709301;AL;União dos Palmares;2022;35012
2709400;AL;Viçosa;2022;36000
2800100;SE;Amparo do São Francisco;2022;2405
2800209;SE;Aquidabã;2022;24849
2800308;SE;Aracaju;2022;739
2800407;SE;Arauá;2022;17300
2800506;SE;Areia Branca;2022;3005
2800605;SE;Barra dos Coqueiros;2022;725
2800670;SE;Boquim;2022;22393
2800704;SE;Brejo Grande;2022;3352
2801009;SE;Campo do Brito;2022;14067
2801108;SE;Canhoba;2022;9910
2801207;SE;Canindé de São Francisco;2022;25780
2801306;SE;Capela;2022;21240
2801405;SE;Carira;2022;37648
2801504;SE;Carmópolis;2022;2620
2801603;SE;Cedro de São João;2022;4965
2801702;SE;Cristinápolis;2022;13045
2801900;SE;Cumbe;2022;7420
2802007;SE;Divina Pastora;2022;6842
2802106;SE;Estância;2022;26528
2802205;SE;Feira Nova;2022;9120
2802304;SE;Frei Paulo;2022;30588
2802403;SE;Gararu;2022;23950
2802502;SE;General Maynard;2022;2134
2802601;SE;Graccho Cardoso;2022;11120
2802700;SE;Ilha das Flores;2022;2418
2802809;SE;Indiaroba;2022;7897
2802908;SE;Itabaiana;2022;31887
2803005;SE;Itabaianinha;2022;37369
2803104;SE;Itabi;2022;10538
2803203;SE;Itaporanga d'Ajuda;2022;27153
2803302;SE;Japaratuba;2022;10466
2803401;SE;Japoatã;2022;14130
2803500;SE;Lagarto;2022;61887
2803609;SE;Laranjeiras;2022;3702
2803708;SE;Macambira;2022;11643
2803807;SE;Malhada dos Bois;2022;4615
2803906;SE;Malhador;2022;4681
2804003;SE;Maruim;2022;4236
2804102;SE;Moita Bonita;2022;8727
2804201;SE;Monte Alegre de Sergipe;2022;22680
2804300;SE;Muribeca;2022;6338
2804409;SE;Neópolis;2022;8625
2804458;SE;Nossa Senhora Aparecida;2022;18308
2804508;SE;Nossa Senhora da Glória;2022;44570
2804607;SE;Nossa Senhora das Dores;2022;38620
2804706;SE;Nossa Senhora de Lourdes;2022;8990
2804805;SE;Nossa Senhora do Socorro;2022;3829
2804904;SE;Pacatuba;2022;11746
2805000;SE;Pedra Mole;2022;4371
2805109;SE;Pedrinhas;2022;3788
2805208;SE;Pinhão;2022;7863
2805307;SE;Pirambu;2022;2041
2805406;SE;Poço Redondo;2022;46780
2805505;SE;Poço Verde;2022;20319
2805604;SE;Porto da Folha;2022;39680
2805703;SE;Propriá;2022;7097
2805802;SE;Riachão do Dantas;2022;35490
2805901;SE;Riachuelo;2022;2554
2806008;SE;Ribeirópolis;2022;21102
2806107;SE;Rosário do Catete;2022;4754
2806206;SE;Salgado;2022;13306
2806305;SE;Santa Luzia do Itanhy;2022;11955
2806404;SE;Santana do São Francisco;2022;1150
2806503;SE;Santa Rosa de Lima;2022;5760
2806602;SE;Santo Amaro das Brotas;2022;5456
2806701;SE;São Cristóvão;2022;10514
2806800;SE;São Domingos;2022;4007
2806909;SE;São Francisco;2022;5330
2807006;SE;São Miguel do Aleixo;2022;10330
2807105;SE;Simão Dias;2022;39600
2807204;SE;Siriri;2022;8050
2807303;SE;Telha;2022;3970
2807402;SE;Tobias Barreto;2022;53091
2807501;SE;Tomar do Geru;2022;20876
2807600;SE;Umbaúba;2022;5896
2900108;BA;Abaíra;2022;2188
2900207;BA;Abaré;2022;5839
2900306;BA;Acajutiba;2022;13459
2900355;BA;Adustina;2022;20157
2900405;BA;Água Fria;2022;10190
2900504;BA;Érico Cardoso;2022;2901
2900603;BA;Aiquara;2022;15514
2900702;BA;Alagoinhas;2022;24255
2900801;BA;Alcobaça;2022;45350
2900900;BA;Almadina;2022;13470
2901007;BA;Amargosa;2022;33465
2901106;BA;Amélia Rodrigues;2022;11020
2901155;BA;América Dourada;2022;16466
2901205;BA;Anagé;2022;30065
2901304;BA;Andaraí;2022;22461
2901353;BA;Andorinha;2022;20326
2901403;BA;Angical;2022;123722
2901502;BA;Anguera;2022;9069
2901601;BA;Antas;2022;19554
2901700;BA;Antônio Cardoso;2022;15631
2901809;BA;Antônio Gonçalves;2022;5422
2901908;BA;Aporá;2022;32410
2901957;BA;Apuarema;2022;6062
2902005;BA;Aracatu;2022;41118
2902054;BA;Araçás;2022;6069
2902104;BA;Araci;2022;26065
2902203;BA;Aramari;2022;7119
2902252;BA;Arataca;2022;1816
2902302;BA;Aratuípe;2022;4308
2902401;BA;Aurelino Leal;2022;26330
2902500;BA;Baianópolis;2022;50405
2902609;BA;Baixa Grande;2022;39848
2902658;BA;Banzaê;2022;15932
2902708;BA;Barra;2022;46532
2902807;BA;Barra da Estiva;2022;17651
2902906;BA;Barra do Choça;2022;29564
2903003;BA;Barra do Mendes;2022;11622
2903102;BA;Barra do Rocha;2022;6839
2903201;BA;Barreiras;2022;100811
2903235;BA;Barro Alto;2022;8963
2903276;BA;Barrocas;2022;6646
2903300;BA;Barro Preto;2022;7998
2903409;BA;Belmonte;2022;44583
2903508;BA;Belo Campo;2022;15681
2903607;BA;Biritinga;2022;15451
2903706;BA;Boa Nova;2022;21204
2903805;BA;Boa Vista do Tupim;2022;68046
2903904;BA;Bom Jesus da Lapa;2022;75730
2903953;BA;Bom Jesus da Serra;2022;9046
2904001;BA;Boninal;2022;9782
2904050;BA;Bonito;2022;7314
2904100;BA;Boquira;2022;14934
2904209;BA;Botuporã;2022;21166
2904308;BA;Brejões;2022;20603
2904407;BA;Brejolândia;2022;113665
2904506;BA;Brotas de Macaúbas;2022;12096
2904605;BA;Brumado;2022;64922
2904704;BA;Buerarema;2022;10446
2904753;BA;Buritirama;2022;30613
2904803;BA;Caatiba;2022;46238
2904852;BA;Cabaceiras do Paraguaçu;2022;6537
2904902;BA;Cachoeira;2022;12570
2905008;BA;Caculé;2022;22584
2905107;BA;Caém;2022;17856
2905156;BA;Caetanos;2022;13070
2905206;BA;Caetité;2022;34588
2905305;BA;Cafarnaum;2022;14083
2905404;BA;Cairu;2022;28
2905503;BA;Caldeirão Grande;2022;12680
2905602;BA;Camacan;2022;18400
2905701;BA;Camaçari;2022;5389
2905800;BA;Camamu;2022;3235
2905909;BA;Campo Alegre de Lourdes;2022;17247
2906006;BA;Campo Formoso;2022;24893
2906105;BA;Canápolis;2022;27180
2906204;BA;Canarana;2022;10714
2906303;BA;Canavieiras;2022;50539
2906402;BA;Candeal;2022;20699
2906501;BA;Candeias;2022;8486
2906600;BA;Candiba;2022;28970
2906709;BA;Cândido Sales;2022;16138
2906808;BA;Cansanção;2022;17216
2906824;BA;Canudos;2022;14205
2906857;BA;Capela do Alto Alegre;2022;32925
2906873;BA;Capim Grosso;2022;18986
2906899;BA;Caraíbas;2022;14759
2906907;BA;Caravelas;2022;66031
2907004;BA;Cardeal da Silva;2022;5513
2907103;BA;Carinhanha;2022;80318
2907202;BA;Casa Nova;2022;17378
2907301;BA;Castro Alves;2022;43280
2907400;BA;Catolândia;2022;16609
2907509;BA;Catu;2022;17748
2907558;BA;Caturama;2022;19929
2907608;BA;Central;2022;6933
2907707;BA;Chorrochó;2022;12654
2907806;BA;Cícero Dantas;2022;37945
2907905;BA;Cipó;2022;5405
2908002;BA;Coaraci;2022;14731
2908101;BA;Cocos;2022;58797
2908200;BA;Conceição da Feira;2022;7674
2908309;BA;Conceição do Almeida;2022;25334
2908408;BA;Conceição do Coité;2022;29484
2908507;BA;Conceição do Jacuípe;2022;10476
2908606;BA;Conde;2022;18263
2908705;BA;Condeúba;2022;24066
2908804;BA;Contendas do Sincorá;2022;8759
2908903;BA;Coração de Maria;2022;22477
2909000;BA;Cordeiros;2022;10140
2909109;BA;Coribe;2022;105445
2909208;BA;Coronel João Sá;2022;31671
2909307;BA;Correntina;2022;137574
2909406;BA;Cotegipe;2022;121447
2909505;BA;Cravolândia;2022;5692
2909604;BA;Crisópolis;2022;33124
2909703;BA;Cristópolis;2022;32824
2909802;BA;Cruz das Almas;2022;6281
2909901;BA;Curaçá;2022;9833
2910008;BA;Dário Meira;2022;21904
2910057;BA;Dias d'Ávila;2022;1044
2910107;BA;Dom Basílio;2022;15694
2910206;BA;Dom Macedo Costa;2022;12481
2910305;BA;Elísio Medrado;2022;13936
2910404;BA;Encruzilhada;2022;38950
2910503;BA;Entre Rios;2022;30695
2910602;BA;Esplanada;2022;24969
2910701;BA;Euclides da Cunha;2022;53542
2910727;BA;Eunápolis;2022;72508
2910750;BA;Fátima;2022;18996
2910776;BA;Feira da Mata;2022;41413
2910800;BA;Feira de Santana;2022;62778
2910859;BA;Filadélfia;2022;21882
2910909;BA;Firmino Alves;2022;25746
2911006;BA;Floresta Azul;2022;32393
2911105;BA;Formosa do Rio Preto;2022;77621
2911204;BA;Gandu;2022;3272
2911253;BA;Gavião;2022;17697
2911303;BA;Gentio do Ouro;2022;6022
2911402;BA;Glória;2022;4713
2911501;BA;Gongogi;2022;35140
2911600;BA;Governador Mangabeira;2022;1718
2911659;BA;Guajeru;2022;19160
2911709;BA;Guanambi;2022;72390
2911808;BA;Guaratinga;2022;147827
2911857;BA;Heliópolis;2022;23011
2911907;BA;Iaçu;2022;53828
2912004;BA;Ibiassucê;2022;17345
2912103;BA;Ibicaraí;2022;21024
2912202;BA;Ibicoara;2022;10452
2912301;BA;Ibicuí;2022;115207
2912400;BA;Ibipeba;2022;13219
2912509;BA;Ibipitanga;2022;14446
2912608;BA;Ibiquera;2022;18134
2912707;BA;Ibirapitanga;2022;2327
2912806;BA;Ibirapuã;2022;64278
2912905;BA;Ibirataia;2022;7963
2913002;BA;Ibitiara;2022;14919
2913101;BA;Ibititá;2022;11162
2913200;BA;Ibotirama;2022;17856
2913309;BA;Ichu;2022;3998
2913408;BA;Igaporã;2022;24770
2913457;BA;Igrapiúna;2022;251
2913507;BA;Iguaí;2022;55609
2913606;BA;Ilhéus;2022;16849
2913705;BA;Inhambupe;2022;37893
2913804;BA;Ipecaetá;2022;14918
2913903;BA;Ipiaú;2022;15628
2914000;BA;Ipirá;2022;111609
2914109;BA;Ipupiara;2022;6813
2914208;BA;Irajuba;2022;9208
2914307;BA;Iramaia;2022;33372
2914406;BA;Iraquara;2022;8243
2914505;BA;Irará;2022;10805
2914604;BA;Irecê;2022;9194
2914653;BA;Itabela;2022;45676
2914703;BA;Itaberaba;2022;63831
2914802;BA;Itabuna;2022;29431
2914901;BA;Itacaré;2022;1304
2915007;BA;Itaeté;2022;29660
2915106;BA;Itagi;2022;9992
2915205;BA;Itagibá;2022;77551
2915304;BA;Itagimirim;2022;70493
2915353;BA;Itaguaçu da Bahia;2022;13630
2915403;BA;Itaju do Colônia;2022;88660
2915502;BA;Itajuípe;2022;7053
2915601;BA;Itamaraju;2022;187821
2915700;BA;Itamari;2022;2453
2915809;BA;Itambé;2022;142051
2915908;BA;Itanagra;2022;7845
2916005;BA;Itanhém;2022;168030
2916104;BA;Itaparica;2022;227
2916203;BA;Itapé;2022;50152
2916302;BA;Itapebi;2022;89096
2916401;BA;Itapetinga;2022;143421
2916500;BA;Itapicuru;2022;30411
2916609;BA;Itapitanga;2022;40118
2916708;BA;Itaquara;2022;8586
2916807;BA;Itarantim;2022;164258
2916856;BA;Itatim;2022;8310
2916906;BA;Itiruçu;2022;11741
2917003;BA;Itiúba;2022;44411
2917102;BA;Itororó;2022;40415
2917201;BA;Ituaçu;2022;9121
2917300;BA;Ituberá;2022;103
2917334;BA;Iuiu;2022;75653
2917359;BA;Jaborandi;2022;107718
2917409;BA;Jacaraci;2022;24082
2917508;BA;Jacobina;2022;45107
2917607;BA;Jaguaquara;2022;31490
2917706;BA;Jaguarari;2022;13085
2917805;BA;Jaguaripe;2022;7547
2917904;BA;Jandaíra;2022;17982
2918001;BA;Jequié;2022;50120
2918100;BA;Jeremoabo;2022;55496
2918209;BA;Jiquiriçá;2022;5075
2918308;BA;Jitaúna;2022;7815
2918357;BA;João Dourado;2022;18624
2918407;BA;Juazeiro;2022;13472
2918456;BA;Jucuruçu;2022;96435
2918506;BA;Jussara;2022;14487
2918555;BA;Jussari;2022;24743
2918605;BA;Jussiape;2022;7575
2918704;BA;Lafaiete Coutinho;2022;14995
2918753;BA;Lagoa Real;2022;17259
2918803;BA;Laje;2022;18996
2918902;BA;Lajedão;2022;55848
2919009;BA;Lajedinho;2022;15620
2919058;BA;Lajedo do Tabocal;2022;10325
2919108;BA;Lamarão;2022;7503
2919157;BA;Lapão;2022;11029
2919207;BA;Lauro de Freitas;2022;291
2919306;BA;Lençóis;2022;4726
2919405;BA;Licínio de Almeida;2022;16756
2919504;BA;Livramento de Nossa Senhora;2022;35696
2919553;BA;Luís Eduardo Magalhães;2022;67070
2919603;BA;Macajuba;2022;21709
2919702;BA;Macarani;2022;113301
2919801;BA;Macaúbas;2022;38295
2919900;BA;Macururé;2022;2350
2919959;BA;Maetinga;2022;7999
2920007;BA;Maiquinique;2022;61500
2920106;BA;Mairi;2022;38810
2920205;BA;Malhada;2022;83240
2920304;BA;Malhada de Pedras;2022;15959
2920403;BA;Manoel Vitorino;2022;54579
2920452;BA;Mansidão;2022;27777
2920502;BA;Maracás;2022;52815
2920601;BA;Maragogipe;2022;5880
2920700;BA;Maraú;2022;3467
2920809;BA;Marcionílio Souza;2022;46097
2920908;BA;Mascote;2022;28349
2921005;BA;Mata de São João;2022;9932
2921054;BA;Matina;2022;30960
2921104;BA;Medeiros Neto;2022;137088
2921203;BA;Miguel Calmon;2022;42110
2921302;BA;Milagres;2022;5598
2921401;BA;Mirangaba;2022;24832
2921450;BA;Mirante;2022;17186
2921500;BA;Monte Santo;2022;35888
2921609;BA;Morpará;2022;24827
2921708;BA;Morro do Chapéu;2022;45734
2921807;BA;Mortugaba;2022;11422
2921906;BA;Mucugê;2022;7415
2922003;BA;Mucuri;2022;44610
2922052;BA;Mulungu do Morro;2022;4508
2922102;BA;Mundo Novo;2022;64218
2922201;BA;Muniz Ferreira;2022;9233
2922250;BA;Muquém do São Francisco;2022;109276
2922300;BA;Muritiba;2022;4346
2922409;BA;Mutuípe;2022;12051
2922508;BA;Nazaré;2022;9038
2922607;BA;Nilo Peçanha;2022;379
2922656;BA;Nordestina;2022;6959
2922706;BA;Nova Canaã;2022;63082
2922730;BA;Nova Fátima;2022;17127
2922755;BA;Nova Ibiá;2022;2014
2922805;BA;Nova Itarana;2022;10186
2922854;BA;Nova Redenção;2022;17307
2922904;BA;Nova Soure;2022;33937
2923001;BA;Nova Viçosa;2022;28758
2923035;BA;Novo Horizonte;2022;9183
2923050;BA;Novo Triunfo;2022;8889
2923100;BA;Olindina;2022;24360
2923209;BA;Oliveira dos Brejinhos;2022;31001
2923308;BA;Ouriçangas;2022;8440
2923357;BA;Ourolândia;2022;16899
2923407;BA;Palmas de Monte Alto;2022;112456
2923506;BA;Palmeiras;2022;3334
2923605;BA;Paramirim;2022;16709
2923704;BA;Paratinga;2022;45058
2923803;BA;Paripiranga;2022;23897
2923902;BA;Pau Brasil;2022;38870
2924009;BA;Paulo Afonso;2022;15963
2924058;BA;Pé de Serra;2022;32591
2924108;BA;Pedrão;2022;9613
2924207;BA;Pedro Alexandre;2022;35023
2924306;BA;Piatã;2022;6619
2924405;BA;Pilão Arcado;2022;31216
2924504;BA;Pindaí;2022;34312
2924603;BA;Pindobaçu;2022;13627
2924652;BA;Pintadas;2022;31426
2924678;BA;Piraí do Norte;2022;2449
2924702;BA;Piripá;2022;9619
2924801;BA;Piritiba;2022;39720
2924900;BA;Planaltino;2022;22595
2925006;BA;Planalto;2022;38383
2925105;BA;Poções;2022;33606
2925204;BA;Pojuca;2022;10357
2925253;BA;Ponto Novo;2022;9843
2925303;BA;Porto Seguro;2022;50704
2925402;BA;Potiraguá;2022;74359
2925501;BA;Prado;2022;86499
2925600;BA;Presidente Dutra;2022;3109
2925709;BA;Presidente Jânio Quadros;2022;21205
2925758;BA;Presidente Tancredo Neves;2022;6084
2925808;BA;Queimadas;2022;53158
2925907;BA;Quijingue;2022;29364
2925931;BA;Quixabeira;2022;10570
2925956;BA;Rafael Jambeiro;2022;38940
2926004;BA;Remanso;2022;27425
2926103;BA;Retirolândia;2022;5263
2926202;BA;Riachão das Neves;2022;121996
2926301;BA;Riachão do Jacuípe;2022;50688
2926400;BA;Riacho de Santana;2022;99144
2926509;BA;Ribeira do Amparo;2022;19560
2926608;BA;Ribeira do Pombal;2022;55379
2926657;BA;Ribeirão do Largo;2022;72522
2926707;BA;Rio de Contas;2022;8826
2926806;BA;Rio do Antônio;2022;19815
2926905;BA;Rio do Pires;2022;9975
2927002;BA;Rio Real;2022;37702
2927101;BA;Rodelas;2022;801
2927200;BA;Ruy Barbosa;2022;53807
2927309;BA;Salinas da Margarida;2022;44
2927408;BA;Salvador;2022;197
2927507;BA;Santa Bárbara;2022;17448
2927606;BA;Santa Brígida;2022;20478
2927705;BA;Santa Cruz Cabrália;2022;19280
2927804;BA;Santa Cruz da Vitória;2022;23918
2927903;BA;Santa Inês;2022;5769
2928000;BA;Santaluz;2022;38670
2928059;BA;Santa Luzia;2022;12066
2928109;BA;Santa Maria da Vitória;2022;95075
2928208;BA;Santana;2022;93600
2928307;BA;Santanópolis;2022;7297
2928406;BA;Santa Rita de Cássia;2022;148726
2928505;BA;Santa Terezinha;2022;23042
2928604;BA;Santo Amaro;2022;15311
2928703;BA;Santo Antônio de Jesus;2022;21248
2928802;BA;Santo Estêvão;2022;12420
2928901;BA;São Desidério;2022;84392
2928950;BA;São Domingos;2022;8390
2929008;BA;São Félix;2022;4409
2929057;BA;São Félix do Coribe;2022;66759
2929107;BA;São Felipe;2022;15272
2929206;BA;São Francisco do Conde;2022;6326
2929255;BA;São Gabriel;2022;11524
2929305;BA;São Gonçalo dos Campos;2022;15734
2929354;BA;São José da Vitória;2022;2193
2929370;BA;São José do Jacuípe;2022;16818
2929404;BA;São Miguel das Matas;2022;12780
2929503;BA;São Sebastião do Passé;2022;34270
2929602;BA;Sapeaçu;2022;7992
2929701;BA;Sátiro Dias;2022;21850
2929750;BA;Saubara;2022;304
2929800;BA;Saúde;2022;11793
2929909;BA;Seabra;2022;16723
2930006;BA;Sebastião Laranjeiras;2022;41243
2930105;BA;Senhor do Bonfim;2022;19371
2930154;BA;Serra do Ramalho;2022;94724
2930204;BA;Sento Sé;2022;40484
2930303;BA;Serra Dourada;2022;97011
2930402;BA;Serra Preta;2022;33004
2930501;BA;Serrinha;2022;19909
2930600;BA;Serrolândia;2022;12477
2930709;BA;Simões Filho;2022;1541
2930758;BA;Sítio do Mato;2022;56136
2930766;BA;Sítio do Quinto;2022;28124
2930774;BA;Sobradinho;2022;4047
2930808;BA;Souto Soares;2022;3613
2930907;BA;Tabocas do Brejo Velho;2022;43946
2931004;BA;Tanhaçu;2022;34350
2931053;BA;Tanque Novo;2022;12248
2931103;BA;Tanquinho;2022;8294
2931202;BA;Taperoá;2022;814
2931301;BA;Tapiramutá;2022;24682
2931350;BA;Teixeira de Freitas;2022;91776
2931400;BA;Teodoro Sampaio;2022;16426
2931509;BA;Teofilândia;2022;12436
2931608;BA;Teolândia;2022;1718
2931707;BA;Terra Nova;2022;18425
2931806;BA;Tremedal;2022;35000
2931905;BA;Tucano;2022;48481
2932002;BA;Uauá;2022;5435
2932101;BA;Ubaíra;2022;21919
2932200;BA;Ubaitaba;2022;6480
2932309;BA;Ubatã;2022;3303
2932408;BA;Uibaí;2022;4341
2932457;BA;Umburanas;2022;9500
2932507;BA;Una;2022;6704
2932606;BA;Urandi;2022;26057
2932705;BA;Uruçuca;2022;2982
2932804;BA;Utinga;2022;21331
2932903;BA;Valença;2022;6551
2933000;BA;Valente;2022;7214
2933059;BA;Várzea da Roça;2022;19033
2933109;BA;Várzea do Poço;2022;12213
2933158;BA;Várzea Nova;2022;12157
2933174;BA;Varzedo;2022;13806
2933208;BA;Vera Cruz;2022;82
2933257;BA;Vereda;2022;71444
2933307;BA;Vitória da Conquista;2022;133376
2933406;BA;Wagner;2022;3838
2933455;BA;Wanderley;2022;127433
2933505;BA;Wenceslau Guimarães;2022;8593
2933604;BA;Xique-Xique;2022;23695
3100104;MG;Abadia dos Dourados;2022;53198
3100203;MG;Abaeté;2022;105265
3100302;MG;Abre Campo;2022;23761
3100401;MG;Acaiaca;2022;4403
3100500;MG;Açucena;2022;42180
3100609;MG;Água Boa;2022;63009
3100708;MG;Água Comprida;2022;7604
3100807;MG;Aguanil;2022;15625
3100906;MG;Águas Formosas;2022;47789
3101003;MG;Águas Vermelhas;2022;7846
3101102;MG;Aimorés;2022;76776
3101201;MG;Aiuruoca;2022;27235
3101300;MG;Alagoa;2022;8138
3101409;MG;Albertina;2022;2071
3101508;MG;Além Paraíba;2022;31209
3101607;MG;Alfenas;2022;29598
3101631;MG;Alfredo Vasconcelos;2022;6174
3101706;MG;Almenara;2022;76072
3101805;MG;Alpercata;2022;15874
3101904;MG;Alpinópolis;2022;28407
3102001;MG;Alterosa;2022;21755
3102050;MG;Alto Caparaó;2022;1033
3102100;MG;Alto Rio Doce;2022;21532
3102209;MG;Alvarenga;2022;15445
3102308;MG;Alvinópolis;2022;21360
3102407;MG;Alvorada de Minas;2022;14634
3102506;MG;Amparo do Serra;2022;7781
3102605;MG;Andradas;2022;17847
3102704;MG;Cachoeira de Pajeú;2022;15467
3102803;MG;Andrelândia;2022;29287
3102852;MG;Angelândia;2022;2643
3102902;MG;Antônio Carlos;2022;18759
3103009;MG;Antônio Dias;2022;13140
3103108;MG;Antônio Prado de Minas;2022;7109
3103207;MG;Araçaí;2022;6744
3103306;MG;Aracitaba;2022;5909
3103405;MG;Araçuaí;2022;36866
3103504;MG;Araguari;2022;160554
3103603;MG;Arantina;2022;3506
3103702;MG;Araponga;2022;5596
3103751;MG;Araporã;2022;6300
3103801;MG;Arapuá;2022;19797
3103900;MG;Araújos;2022;24660
3104007;MG;Araxá;2022;59393
3104106;MG;Arceburgo;2022;13597
3104205;MG;Arcos;2022;31246
3104304;MG;Areado;2022;19176
3104403;MG;Argirita;2022;10675
3104452;MG;Aricanduva;2022;7011
3104502;MG;Arinos;2022;113008
3104601;MG;Astolfo Dutra;2022;11974
3104700;MG;Ataléia;2022;118715
3104809;MG;Augusto de Lima;2022;34252
3104908;MG;Baependi;2022;39888
3105004;MG;Baldim;2022;17377
3105103;MG;Bambuí;2022;93387
3105202;MG;Bandeira;2022;25230
3105301;MG;Bandeira do Sul;2022;2322
3105400;MG;Barão de Cocais;2022;4156
3105509;MG;Barão do Monte Alto;2022;17160
3105608;MG;Barbacena;2022;29571
3105707;MG;Barra Longa;2022;17463
3105905;MG;Barroso;2022;3826
3106002;MG;Bela Vista de Minas;2022;1981
3106101;MG;Belmiro Braga;2022;19009
3106200;MG;Belo Horizonte;2022;269
3106309;MG;Belo Oriente;2022;7758
3106408;MG;Belo Vale;2022;15204
3106507;MG;Berilo;2022;8630
3106606;MG;Bertópolis;2022;32498
3106655;MG;Berizal;2022;17478
3106705;MG;Betim;2022;8420
3106804;MG;Bias Fortes;2022;15404
3106903;MG;Bicas;2022;9829
3107000;MG;Biquinhas;2022;24640
3107109;MG;Boa Esperança;2022;25556
3107208;MG;Bocaina de Minas;2022;13225
3107307;MG;Bocaiúva;2022;79731
3107406;MG;Bom Despacho;2022;82941
3107505;MG;Bom Jardim de Minas;2022;8667
3107604;MG;Bom Jesus da Penha;2022;7668
3107703;MG;Bom Jesus do Amparo;2022;9501
3107802;MG;Bom Jesus do Galho;2022;25229
3107901;MG;Bom Repouso;2022;14538
3108008;MG;Bom Sucesso;2022;41206
3108107;MG;Bonfim;2022;13020
3108206;MG;Bonfinópolis de Minas;2022;45572
3108255;MG;Bonito de Minas;2022;15911
3108305;MG;Borda da Mata;2022;25859
3108404;MG;Botelhos;2022;16881
3108503;MG;Botumirim;2022;10900
3108552;MG;Brasilândia de Minas;2022;61415
3108602;MG;Brasília de Minas;2022;41109
3108701;MG;Brás Pires;2022;4495
3108800;MG;Braúnas;2022;16421
3108909;MG;Brazópolis;2022;26826
3109006;MG;Brumadinho;2022;15420
3109105;MG;Bueno Brandão;2022;27059
3109204;MG;Buenópolis;2022;28356
3109253;MG;Bugre;2022;8066
3109303;MG;Buritis;2022;93166
3109402;MG;Buritizeiro;2022;83903
3109451;MG;Cabeceira Grande;2022;42511
3109501;MG;Cabo Verde;2022;17444
3109600;MG;Cachoeira da Prata;2022;2774
3109709;MG;Cachoeira de Minas;2022;23202
3109808;MG;Cachoeira Dourada;2022;14900
3109907;MG;Caetanópolis;2022;5318
3110004;MG;Caeté;2022;9214
3110103;MG;Caiana;2022;3787
3110202;MG;Cajuri;2022;2694
3110301;MG;Caldas;2022;44419
3110400;MG;Camacho;2022;9254
3110509;MG;Camanducaia;2022;18387
3110608;MG;Cambuí;2022;19318
3110707;MG;Cambuquira;2022;10274
3110806;MG;Campanário;2022;18028
3110905;MG;Campanha;2022;8920
3111002;MG;Campestre;2022;21546
3111101;MG;Campina Verde;2022;337570
3111150;MG;Campo Azul;2022;12835
3111200;MG;Campo Belo;2022;46545
3111309;MG;Campo do Meio;2022;4640
3111408;MG;Campo Florido;2022;54464
3111507;MG;Campos Altos;2022;20258
3111606;MG;Campos Gerais;2022;22848
3111705;MG;Canaã;2022;6352
3111804;MG;Canápolis;2022;34400
3111903;MG;Cana Verde;2022;20182
3112000;MG;Candeias;2022;42723
3112059;MG;Cantagalo;2022;7703
3112109;MG;Caparaó;2022;1930
3112208;MG;Capela Nova;2022;4321
3112307;MG;Capelinha;2022;17293
3112406;MG;Capetinga;2022;10730
3112505;MG;Capim Branco;2022;5789
3112604;MG;Capinópolis;2022;37580
3112653;MG;Capitão Andrade;2022;19877
3112703;MG;Capitão Enéas;2022;48518
3112802;MG;Capitólio;2022;20372
3112901;MG;Caputira;2022;5882
3113008;MG;Caraí;2022;22473
3113107;MG;Caranaíba;2022;6887
3113206;MG;Carandaí;2022;15856
3113305;MG;Carangola;2022;19812
3113404;MG;Caratinga;2022;41551
3113503;MG;Carbonita;2022;4416
3113602;MG;Careaçu;2022;16577
3113701;MG;Carlos Chagas;2022;250027
3113800;MG;Carmésia;2022;4770
3113909;MG;Carmo da Cachoeira;2022;12992
3114006;MG;Carmo da Mata;2022;30080
3114105;MG;Carmo de Minas;2022;20210
3114204;MG;Carmo do Cajuru;2022;33986
3114303;MG;Carmo do Paranaíba;2022;128459
3114402;MG;Carmo do Rio Claro;2022;38839
3114501;MG;Carmópolis de Minas;2022;31217
3114550;MG;Carneirinho;2022;190723
3114600;MG;Carrancas;2022;19942
3114709;MG;Carvalhópolis;2022;3791
3114808;MG;Carvalhos;2022;17209
3114907;MG;Casa Grande;2022;9326
3115003;MG;Cascalho Rico;2022;30470
3115102;MG;Cássia;2022;44022
3115201;MG;Conceição da Barra de Minas;2022;13803
3115300;MG;Cataguases;2022;26018
3115359;MG;Catas Altas;2022;1562
3115409;MG;Catas Altas da Noruega;2022;2891
3115458;MG;Catuji;2022;10147
3115474;MG;Catuti;2022;10269
3115508;MG;Caxambu;2022;6393
3115607;MG;Cedro do Abaeté;2022;10844
3115706;MG;Central de Minas;2022;12485
3115805;MG;Centralina;2022;21600
3115904;MG;Chácara;2022;8477
3116001;MG;Chalé;2022;12562
3116100;MG;Chapada do Norte;2022;10270
3116159;MG;Chapada Gaúcha;2022;22503
3116209;MG;Chiador;2022;14767
3116308;MG;Cipotânea;2022;5794
3116407;MG;Claraval;2022;9594
3116506;MG;Claro dos Poções;2022;25543
3116605;MG;Cláudio;2022;44151
3116704;MG;Coimbra;2022;6052
3116803;MG;Coluna;2022;15658
3116902;MG;Comendador Gomes;2022;72242
3117009;MG;Comercinho;2022;14395
3117108;MG;Conceição da Aparecida;2022;15531
3117207;MG;Conceição das Pedras;2022;5834
3117306;MG;Conceição das Alagoas;2022;35304
3117405;MG;Conceição de Ipanema;2022;18278
3117504;MG;Conceição do Mato Dentro;2022;31460
3117603;MG;Conceição do Pará;2022;15486
3117702;MG;Conceição do Rio Verde;2022;20900
3117801;MG;Conceição dos Ouros;2022;12343
3117836;MG;Cônego Marinho;2022;8721
3117876;MG;Confins;2022;870
3117900;MG;Congonhal;2022;16190
3118007;MG;Congonhas;2022;3358
3118106;MG;Congonhas do Norte;2022;5636
3118205;MG;Conquista;2022;21191
3118304;MG;Conselheiro Lafaiete;2022;14833
3118403;MG;Conselheiro Pena;2022;65458
3118502;MG;Consolação;2022;8677
3118601;MG;Contagem;2022;1145
3118700;MG;Coqueiral;2022;12727
3118809;MG;Coração de Jesus;2022;60316
3118908;MG;Cordisburgo;2022;31152
3119005;MG;Cordislândia;2022;8581
3119104;MG;Corinto;2022;57418
3119203;MG;Coroaci;2022;16778
3119302;MG;Coromandel;2022;118602
3119401;MG;Coronel Fabriciano;2022;1071
3119500;MG;Coronel Murta;2022;16479
3119609;MG;Coronel Pacheco;2022;10988
3119708;MG;Coronel Xavier Chaves;2022;6838
3119807;MG;Córrego Danta;2022;31542
3119906;MG;Córrego do Bom Jesus;2022;7486
3119955;MG;Córrego Fundo;2022;6422
3120003;MG;Córrego Novo;2022;10207
3120102;MG;Couto de Magalhães de Minas;2022;2265
3120151;MG;Crisólita;2022;58827
3120201;MG;Cristais;2022;30310
3120300;MG;Cristália;2022;4853
3120409;MG;Cristiano Otoni;2022;9157
3120508;MG;Cristina;2022;24360
3120607;MG;Crucilândia;2022;10435
3120706;MG;Cruzeiro da Fortaleza;2022;25720
3120805;MG;Cruzília;2022;23718
3120839;MG;Cuparaque;2022;15811
3120870;MG;Curral de Dentro;2022;9982
3120904;MG;Curvelo;2022;98410
3121001;MG;Datas;2022;1925
3121100;MG;Delfim Moreira;2022;14436
3121209;MG;Delfinópolis;2022;34317
3121258;MG;Delta;2022;3555
3121308;MG;Descoberto;2022;12679
3121407;MG;Desterro de Entre Rios;2022;15012
3121506;MG;Desterro do Melo;2022;8676
3121605;MG;Diamantina;2022;13737
3121704;MG;Diogo de Vasconcelos;2022;4834
3121803;MG;Dionísio;2022;12466
3121902;MG;Divinésia;2022;4563
3122009;MG;Divino;2022;14589
3122108;MG;Divino das Laranjeiras;2022;19114
3122207;MG;Divinolândia de Minas;2022;4396
3122306;MG;Divinópolis;2022;51526
3122355;MG;Divisa Alegre;2022;508
3122405;MG;Divisa Nova;2022;14405
3122454;MG;Divisópolis;2022;14759
3122470;MG;Dom Bosco;2022;39261
3122504;MG;Dom Cavati;2022;3561
3122603;MG;Dom Joaquim;2022;14167
3122702;MG;Dom Silvério;2022;10376
3122801;MG;Dom Viçoso;2022;6167
3122900;MG;Dona Euzébia;2022;4521
3123007;MG;Dores de Campos;2022;3045
3123106;MG;Dores de Guanhães;2022;17788
3123205;MG;Dores do Indaiá;2022;76251
3123304;MG;Dores do Turvo;2022;10869
3123403;MG;Doresópolis;2022;11048
3123502;MG;Douradoquara;2022;21979
3123528;MG;Durandé;2022;5769
3123601;MG;Elói Mendes;2022;33820
3123700;MG;Engenheiro Caldas;2022;15410
3123809;MG;Engenheiro Navarro;2022;24885
3123858;MG;Entre Folhas;2022;3925
3123908;MG;Entre Rios de Minas;2022;24098
3124005;MG;Ervália;2022;10195
3124104;MG;Esmeraldas;2022;42124
3124203;MG;Espera Feliz;2022;6790
3124302;MG;Espinosa;2022;35364
3124401;MG;Espírito Santo do Dourado;2022;17046
3124500;MG;Estiva;2022;20429
3124609;MG;Estrela Dalva;2022;10782
3124708;MG;Estrela do Indaiá;2022;47763
3124807;MG;Estrela do Sul;2022;59434
3124906;MG;Eugenópolis;2022;22467
3125002;MG;Ewbank da Câmara;2022;4318
3125101;MG;Extrema;2022;10468
3125200;MG;Fama;2022;2680
3125309;MG;Faria Lemos;2022;11071
3125408;MG;Felício dos Santos;2022;5470
3125507;MG;São Gonçalo do Rio Preto;2022;2574
3125606;MG;Felisburgo;2022;20945
3125705;MG;Felixlândia;2022;44991
3125804;MG;Fernandes Tourinho;2022;12957
3125903;MG;Ferros;2022;36016
3125952;MG;Fervedouro;2022;14110
3126000;MG;Florestal;2022;12051
3126109;MG;Formiga;2022;77590
3126208;MG;Formoso;2022;30022
3126307;MG;Fortaleza de Minas;2022;13082
3126406;MG;Fortuna de Minas;2022;12383
3126505;MG;Francisco Badaró;2022;11741
3126604;MG;Francisco Dumont;2022;24125
3126703;MG;Francisco Sá;2022;101235
3126752;MG;Franciscópolis;2022;38445
3126802;MG;Frei Gaspar;2022;33517
3126901;MG;Frei Inocêncio;2022;35854
3126950;MG;Frei Lagonegro;2022;6519
3127008;MG;Fronteira;2022;8252
3127057;MG;Fronteira dos Vales;2022;18986
3127073;MG;Fruta de Leite;2022;3864
3127107;MG;Frutal;2022;161393
3127206;MG;Funilândia;2022;9083
3127305;MG;Galiléia;2022;42479
3127339;MG;Gameleiras;2022;29907
3127354;MG;Glaucilândia;2022;9340
3127370;MG;Goiabeira;2022;7800
3127388;MG;Goianá;2022;9426
3127404;MG;Gonçalves;2022;9776
3127503;MG;Gonzaga;2022;11383
3127602;MG;Gouveia;2022;10212
3127701;MG;Governador Valadares;2022;144549
3127800;MG;Grão Mogol;2022;17398
3127909;MG;Grupiara;2022;10978
3128006;MG;Guanhães;2022;47156
3128105;MG;Guapé;2022;33416
3128204;MG;Guaraciaba;2022;11154
3128253;MG;Guaraciama;2022;7400
3128303;MG;Guaranésia;2022;16791
3128402;MG;Guarani;2022;19245
3128501;MG;Guarará;2022;6211
3128600;MG;Guarda-Mor;2022;71595
3128709;MG;Guaxupé;2022;9025
3128808;MG;Guidoval;2022;9965
3128907;MG;Guimarânia;2022;26033
3129004;MG;Guiricema;2022;23245
3129103;MG;Gurinhatã;2022;184000
3129202;MG;Heliodora;2022;10236
3129301;MG;Iapu;2022;20244
3129400;MG;Ibertioga;2022;18738
3129509;MG;Ibiá;2022;95953
3129608;MG;Ibiaí;2022;25179
3129657;MG;Ibiracatu;2022;5822
3129707;MG;Ibiraci;2022;18283
3129806;MG;Ibirité;2022;563
3129905;MG;Ibitiúra de Minas;2022;2942
3130002;MG;Ibituruna;2022;12437
3130051;MG;Icaraí de Minas;2022;37106
3130101;MG;Igarapé;2022;3540
3130200;MG;Igaratinga;2022;22081
3130309;MG;Iguatama;2022;30853
3130408;MG;Ijaci;2022;6389
3130507;MG;Ilicínea;2022;13557
3130556;MG;Imbé de Minas;2022;5556
3130606;MG;Inconfidentes;2022;11079
3130655;MG;Indaiabira;2022;9854
3130705;MG;Indianópolis;2022;13140
3130804;MG;Ingaí;2022;16075
3130903;MG;Inhapim;2022;42670
3131000;MG;Inhaúma;2022;19883
3131109;MG;Inimutaba;2022;19021
3131158;MG;Ipaba;2022;2409
3131208;MG;Ipanema;2022;31238
3131307;MG;Ipatinga;2022;2153
3131406;MG;Ipiaçu;2022;31300
3131505;MG;Ipuiúna;2022;17053
3131604;MG;Iraí de Minas;2022;24214
3131703;MG;Itabira;2022;34614
3131802;MG;Itabirinha;2022;12980
3131901;MG;Itabirito;2022;4797
3132008;MG;Itacambira;2022;12089
3132107;MG;Itacarambi;2022;25870
3132206;MG;Itaguara;2022;28446
3132305;MG;Itaipé;2022;13213
3132404;MG;Itajubá;2022;18669
3132503;MG;Itamarandiba;2022;34256
3132602;MG;Itamarati de Minas;2022;11243
3132701;MG;Itambacuri;2022;89143
3132800;MG;Itambé do Mato Dentro;2022;9971
3132909;MG;Itamogi;2022;4332
3133006;MG;Itamonte;2022;14498
3133105;MG;Itanhandu;2022;10873
3133204;MG;Itanhomi;2022;31827
3133303;MG;Itaobim;2022;11334
3133402;MG;Itapagipe;2022;155118
3133501;MG;Itapecerica;2022;52996
3133600;MG;Itapeva;2022;10962
3133709;MG;Itatiaiuçu;2022;7581
3133758;MG;Itaú de Minas;2022;6105
3133808;MG;Itaúna;2022;36752
3133907;MG;Itaverava;2022;7552
3134004;MG;Itinga;2022;29521
3134103;MG;Itueta;2022;20188
3134202;MG;Ituiutaba;2022;203100
3134301;MG;Itumirim;2022;13634
3134400;MG;Iturama;2022;94853
3134509;MG;Itutinga;2022;16693
3134608;MG;Jaboticatubas;2022;15377
3134707;MG;Jacinto;2022;61384
3134806;MG;Jacuí;2022;19265
3134905;MG;Jacutinga;2022;17194
3135001;MG;Jaguaraçu;2022;4840
3135050;MG;Jaíba;2022;61919
3135076;MG;Jampruca;2022;27866
3135100;MG;Janaúba;2022;80831
3135209;MG;Januária;2022;88679
3135308;MG;Japaraíba;2022;13447
3135357;MG;Japonvar;2022;9588
3135407;MG;Jeceaba;2022;7570
3135456;MG;Jenipapo de Minas;2022;6722
3135506;MG;Jequeri;2022;26874
3135605;MG;Jequitaí;2022;49378
3135704;MG;Jequitibá;2022;13205
3135803;MG;Jequitinhonha;2022;59542
3135902;MG;Jesuânia;2022;12350
3136009;MG;Joaíma;2022;63501
3136108;MG;Joanésia;2022;12352
3136207;MG;João Monlevade;2022;1550
3136306;MG;João Pinheiro;2022;251396
3136405;MG;Joaquim Felício;2022;16225
3136504;MG;Jordânia;2022;35540
3136520;MG;José Gonçalves de Minas;2022;3441
3136553;MG;José Raydan;2022;12232
3136579;MG;Josenópolis;2022;2709
3136603;MG;Nova União;2022;6103
3136652;MG;Juatuba;2022;2929
3136702;MG;Juiz de Fora;2022;53578
3136801;MG;Juramento;2022;14783
3136900;MG;Juruaia;2022;9866
3136959;MG;Juvenília;2022;35348
3137007;MG;Ladainha;2022;23248
3137106;MG;Lagamar;2022;67234
3137205;MG;Lagoa da Prata;2022;23681
3137304;MG;Lagoa dos Patos;2022;22509
3137403;MG;Lagoa Dourada;2022;20601
3137502;MG;Lagoa Formosa;2022;105548
3137536;MG;Lagoa Grande;2022;70710
3137601;MG;Lagoa Santa;2022;6028
3137700;MG;Lajinha;2022;12173
3137809;MG;Lambari;2022;8263
3137908;MG;Lamim;2022;4414
3138005;MG;Laranjal;2022;15566
3138104;MG;Lassance;2022;40656
3138203;MG;Lavras;2022;26964
3138302;MG;Leandro Ferreira;2022;20841
3138351;MG;Leme do Prado;2022;1999
3138401;MG;Leopoldina;2022;62500
3138500;MG;Liberdade;2022;17734
3138609;MG;Lima Duarte;2022;32632
3138625;MG;Limeira do Oeste;2022;89822
3138658;MG;Lontra;2022;7401
3138674;MG;Luisburgo;2022;1923
3138682;MG;Luislândia;2022;12887
3138708;MG;Luminárias;2022;15183
3138807;MG;Luz;2022;86434
3138906;MG;Machacalis;2022;35924
3139003;MG;Machado;2022;24671
3139102;MG;Madre de Deus de Minas;2022;15014
3139201;MG;Malacacheta;2022;32860
3139250;MG;Mamonas;2022;9109
3139300;MG;Manga;2022;45891
3139409;MG;Manhuaçu;2022;6432
3139508;MG;Manhumirim;2022;1817
3139607;MG;Mantena;2022;35158
3139706;MG;Maravilhas;2022;20195
3139805;MG;Mar de Espanha;2022;21075
3139904;MG;Maria da Fé;2022;13092
3140001;MG;Mariana;2022;14791
3140100;MG;Marilac;2022;12219
3140159;MG;Mário Campos;2022;293
3140209;MG;Maripá de Minas;2022;5775
3140308;MG;Marliéria;2022;9931
3140407;MG;Marmelópolis;2022;4382
3140506;MG;Martinho Campos;2022;59649
3140530;MG;Martins Soares;2022;1575
3140555;MG;Mata Verde;2022;11410
3140605;MG;Materlândia;2022;14983
3140704;MG;Mateus Leme;2022;13895
3140803;MG;Matias Barbosa;2022;8157
3140852;MG;Matias Cardoso;2022;56558
3140902;MG;Matipó;2022;11543
3141009;MG;Mato Verde;2022;18580
3141108;MG;Matozinhos;2022;10999
3141207;MG;Matutina;2022;26063
3141306;MG;Medeiros;2022;40861
3141405;MG;Medina;2022;31985
3141504;MG;Mendes Pimentel;2022;23406
3141603;MG;Mercês;2022;17775
3141702;MG;Mesquita;2022;12706
3141801;MG;Minas Novas;2022;8478
3141900;MG;Minduri;2022;7494
3142007;MG;Mirabela;2022;16970
3142106;MG;Miradouro;2022;32254
3142205;MG;Miraí;2022;23371
3142254;MG;Miravânia;2022;10162
3142304;MG;Moeda;2022;5112
3142403;MG;Moema;2022;19666
3142502;MG;Monjolos;2022;16040
3142601;MG;Monsenhor Paulo;2022;13788
3142700;MG;Montalvânia;2022;43228
3142809;MG;Monte Alegre de Minas;2022;161561
3142908;MG;Monte Azul;2022;34461
3143005;MG;Monte Belo;2022;22187
3143104;MG;Monte Carmelo;2022;53966
3143153;MG;Monte Formoso;2022;9498
3143203;MG;Monte Santo de Minas;2022;25537
3143302;MG;Montes Claros;2022;109753
3143401;MG;Monte Sião;2022;24605
3143450;MG;Montezuma;2022;6487
3143500;MG;Morada Nova de Minas;2022;51203
3143609;MG;Morro da Garça;2022;26256
3143708;MG;Morro do Pilar;2022;10474
3143807;MG;Munhoz;2022;7203
3143906;MG;Muriaé;2022;59659
3144003;MG;Mutum;2022;71395
3144102;MG;Muzambinho;2022;16527
3144201;MG;Nacip Raydan;2022;10502
3144300;MG;Nanuque;2022;118009
3144359;MG;Naque;2022;6709
3144375;MG;Natalândia;2022;19794
3144409;MG;Natércia;2022;16538
3144508;MG;Nazareno;2022;19752
3144607;MG;Nepomuceno;2022;24790
3144656;MG;Ninheira;2022;8637
3144672;MG;Nova Belém;2022;4926
3144706;MG;Nova Era;2022;10123
3144805;MG;Nova Lima;2022;1198
3144904;MG;Nova Módica;2022;26318
3145000;MG;Nova Ponte;2022;35849
3145059;MG;Nova Porteirinha;2022;3416
3145109;MG;Nova Resende;2022;9625
3145208;MG;Nova Serrana;2022;15238
3145307;MG;Novo Cruzeiro;2022;27748
3145356;MG;Novo Oriente de Minas;2022;35683
3145372;MG;Novorizonte;2022;2188
3145406;MG;Olaria;2022;8943
3145455;MG;Olhos-d'Água;2022;12490
3145505;MG;Olímpio Noronha;2022;3010
3145604;MG;Oliveira;2022;41570
3145703;MG;Oliveira Fortes;2022;6612
3145802;MG;Onça de Pitangui;2022;14116
3145851;MG;Oratórios;2022;4416
3145877;MG;Orizânia;2022;2229
3145901;MG;Ouro Branco;2022;3193
3146008;MG;Ouro Fino;2022;32827
3146107;MG;Ouro Preto;2022;8591
3146206;MG;Ouro Verde de Minas;2022;13267
3146255;MG;Padre Carvalho;2022;1802
3146305;MG;Padre Paraíso;2022;8026
3146404;MG;Paineiras;2022;36495
3146503;MG;Pains;2022;34019
3146552;MG;Pai Pedro;2022;23857
3146602;MG;Paiva;2022;4239
3146701;MG;Palma;2022;23830
3146750;MG;Palmópolis;2022;23632
3146909;MG;Papagaios;2022;27932
3147006;MG;Paracatu;2022;235830
3147105;MG;Pará de Minas;2022;42715
3147204;MG;Paraguaçu;2022;13493
3147303;MG;Paraisópolis;2022;28100
3147402;MG;Paraopeba;2022;31791
3147501;MG;Passabém;2022;4069
3147600;MG;Passa Quatro;2022;16702
3147709;MG;Passa Tempo;2022;24481
3147808;MG;Passa Vinte;2022;10807
3147907;MG;Passos;2022;118728
3147956;MG;Patis;2022;14349
3148004;MG;Patos de Minas;2022;229126
3148103;MG;Patrocínio;2022;110231
3148202;MG;Patrocínio do Muriaé;2022;9655
3148301;MG;Paula Cândido;2022;9200
3148400;MG;Paulistas;2022;11033
3148509;MG;Pavão;2022;39886
3148608;MG;Peçanha;2022;34014
3148707;MG;Pedra Azul;2022;34282
3148756;MG;Pedra Bonita;2022;2858
3148806;MG;Pedra do Anta;2022;10840
3148905;MG;Pedra do Indaiá;2022;24541
3149002;MG;Pedra Dourada;2022;2622
3149101;MG;Pedralva;2022;14445
3149150;MG;Pedras de Maria da Cruz;2022;46087
3149200;MG;Pedrinópolis;2022;16023
3149309;MG;Pedro Leopoldo;2022;12681
3149408;MG;Pedro Teixeira;2022;6001
3149507;MG;Pequeri;2022;6649
3149606;MG;Pequi;2022;16435
3149705;MG;Perdigão;2022;14524
3149804;MG;Perdizes;2022;89762
3149903;MG;Perdões;2022;21500
3149952;MG;Periquito;2022;9192
3150000;MG;Pescador;2022;18138
3150109;MG;Piau;2022;9718
3150158;MG;Piedade de Caratinga;2022;1984
3150208;MG;Piedade de Ponte Nova;2022;5653
3150307;MG;Piedade do Rio Grande;2022;11468
3150406;MG;Piedade dos Gerais;2022;12254
3150505;MG;Pimenta;2022;29169
3150539;MG;Pingo-d'Água;2022;2126
3150570;MG;Pintópolis;2022;32316
3150604;MG;Piracema;2022;23412
3150703;MG;Pirajuba;2022;5087
3150802;MG;Piranga;2022;21271
3150901;MG;Piranguçu;2022;10837
3151008;MG;Piranguinho;2022;12359
3151107;MG;Pirapetinga;2022;13631
3151206;MG;Pirapora;2022;7097
3151305;MG;Piraúba;2022;6868
3151404;MG;Pitangui;2022;35658
3151503;MG;Piumhi;2022;47519
3151602;MG;Planura;2022;9085
3151701;MG;Poço Fundo;2022;30095
3151800;MG;Poços de Caldas;2022;16448
3151909;MG;Pocrane;2022;35962
3152006;MG;Pompéu;2022;106199
3152105;MG;Ponte Nova;2022;25850
3152131;MG;Ponto Chique;2022;20030
3152170;MG;Ponto dos Volantes;2022;16525
3152204;MG;Porteirinha;2022;59335
3152303;MG;Porto Firme;2022;10166
3152402;MG;Poté;2022;24987
3152501;MG;Pouso Alegre;2022;33377
3152600;MG;Pouso Alto;2022;22716
3152709;MG;Prados;2022;10300
3152808;MG;Prata;2022;392390
3152907;MG;Pratápolis;2022;17292
3153004;MG;Pratinha;2022;22233
3153103;MG;Presidente Bernardes;2022;7621
3153202;MG;Presidente Juscelino;2022;21225
3153301;MG;Presidente Kubitschek;2022;1639
3153400;MG;Presidente Olegário;2022;134797
3153509;MG;Alto Jequitibá;2022;2124
3153608;MG;Prudente de Morais;2022;7076
3153707;MG;Quartel Geral;2022;29035
3153806;MG;Queluzito;2022;8186
3153905;MG;Raposos;2022;52
3154002;MG;Raul Soares;2022;47179
3154101;MG;Recreio;2022;16320
3154150;MG;Reduto;2022;3174
3154200;MG;Resende Costa;2022;24728
3154309;MG;Resplendor;2022;64394
3154408;MG;Ressaquinha;2022;8527
3154457;MG;Riachinho;2022;61965
3154507;MG;Riacho dos Machados;2022;12908
3154606;MG;Ribeirão das Neves;2022;2418
3154705;MG;Ribeirão Vermelho;2022;3102
3154804;MG;Rio Acima;2022;505
3154903;MG;Rio Casca;2022;29185
3155009;MG;Rio Doce;2022;6257
3155108;MG;Rio do Prado;2022;22688
3155207;MG;Rio Espera;2022;12752
3155306;MG;Rio Manso;2022;11296
3155405;MG;Rio Novo;2022;17085
3155504;MG;Rio Paranaíba;2022;70316
3155603;MG;Rio Pardo de Minas;2022;16930
3155702;MG;Rio Piracicaba;2022;12914
3155801;MG;Rio Pomba;2022;17215
3155900;MG;Rio Preto;2022;12603
3156007;MG;Rio Vermelho;2022;32608
3156106;MG;Ritápolis;2022;14056
3156205;MG;Rochedo de Minas;2022;4938
3156304;MG;Rodeiro;2022;5475
3156403;MG;Romaria;2022;8876
3156452;MG;Rosário da Limeira;2022;4627
3156502;MG;Rubelita;2022;19373
3156601;MG;Rubim;2022;47013
3156700;MG;Sabará;2022;2186
3156809;MG;Sabinópolis;2022;36897
3156908;MG;Sacramento;2022;121842
3157005;MG;Salinas;2022;42691
3157104;MG;Salto da Divisa;2022;58394
3157203;MG;Santa Bárbara;2022;4618
3157252;MG;Santa Bárbara do Leste;2022;1399
3157278;MG;Santa Bárbara do Monte Verde;2022;16850
3157302;MG;Santa Bárbara do Tugúrio;2022;14320
3157336;MG;Santa Cruz de Minas;2022;56
3157377;MG;Santa Cruz de Salinas;2022;10322
3157401;MG;Santa Cruz do Escalvado;2022;17512
3157500;MG;Santa Efigênia de Minas;2022;5774
3157609;MG;Santa Fé de Minas;2022;38820
3157658;MG;Santa Helena de Minas;2022;15372
3157708;MG;Santa Juliana;2022;28744
3157807;MG;Santa Luzia;2022;4986
3157906;MG;Santa Margarida;2022;3861
3158003;MG;Santa Maria de Itabira;2022;17733
3158102;MG;Santa Maria do Salto;2022;14910
3158201;MG;Santa Maria do Suaçuí;2022;31524
3158300;MG;Santana da Vargem;2022;3009
3158409;MG;Santana de Cataguases;2022;12205
3158508;MG;Santana de Pirapama;2022;25537
3158607;MG;Santana do Deserto;2022;7219
3158706;MG;Santana do Garambéu;2022;6328
3158805;MG;Santana do Jacaré;2022;7955
3158904;MG;Santana do Manhuaçu;2022;11287
3158953;MG;Santana do Paraíso;2022;5426
3159001;MG;Santana do Riacho;2022;5117
3159100;MG;Santana dos Montes;2022;7190
3159209;MG;Santa Rita de Caldas;2022;39276
3159308;MG;Santa Rita de Jacutinga;2022;22898
3159357;MG;Santa Rita de Minas;2022;1730
3159407;MG;Santa Rita de Ibitipoca;2022;14491
3159506;MG;Santa Rita do Itueto;2022;16166
3159605;MG;Santa Rita do Sapucaí;2022;25348
3159704;MG;Santa Rosa da Serra;2022;11714
3159803;MG;Santa Vitória;2022;300000
3159902;MG;Santo Antônio do Amparo;2022;16529
3160009;MG;Santo Antônio do Aventureiro;2022;13690
3160108;MG;Santo Antônio do Grama;2022;8464
3160207;MG;Santo Antônio do Itambé;2022;11723
3160306;MG;Santo Antônio do Jacinto;2022;31120
3160405;MG;Santo Antônio do Monte;2022;89299
3160454;MG;Santo Antônio do Retiro;2022;3968
3160504;MG;Santo Antônio do Rio Abaixo;2022;6204
3160603;MG;Santo Hipólito;2022;22822
3160702;MG;Santos Dumont;2022;28423
3160801;MG;São Bento Abade;2022;1710
3160900;MG;São Brás do Suaçuí;2022;3835
3160959;MG;São Domingos das Dores;2022;385
3161007;MG;São Domingos do Prata;2022;30228
3161056;MG;São Félix de Minas;2022;11183
3161106;MG;São Francisco;2022;147518
3161205;MG;São Francisco de Paula;2022;16622
3161304;MG;São Francisco de Sales;2022;80856
3161403;MG;São Francisco do Glória;2022;12936
3161502;MG;São Geraldo;2022;10238
3161601;MG;São Geraldo da Piedade;2022;10230
3161650;MG;São Geraldo do Baixio;2022;15484
3161700;MG;São Gonçalo do Abaeté;2022;44264
3161809;MG;São Gonçalo do Pará;2022;18027
3161908;MG;São Gonçalo do Rio Abaixo;2022;12757
3162005;MG;São Gonçalo do Sapucaí;2022;30673
3162104;MG;São Gotardo;2022;60038
3162203;MG;São João Batista do Glória;2022;27926
3162252;MG;São João da Lagoa;2022;25512
3162302;MG;São João da Mata;2022;8188
3162401;MG;São João da Ponte;2022;280851
3162450;MG;São João das Missões;2022;13641
3162500;MG;São João del Rei;2022;41362
3162559;MG;São João do Manhuaçu;2022;1481
3162575;MG;São João do Manteninha;2022;11789
3162609;MG;São João do Oriente;2022;10516
3162658;MG;São João do Pacuí;2022;17623
3162708;MG;São João do Paraíso;2022;12502
3162807;MG;São João Evangelista;2022;26424
3162906;MG;São João Nepomuceno;2022;28239
3162922;MG;São Joaquim de Bicas;2022;1730
3162948;MG;São José da Barra;2022;11503
3162955;MG;São José da Lapa;2022;1199
3163003;MG;São José da Safira;2022;7026
3163102;MG;São José da Varginha;2022;19379
3163201;MG;São José do Alegre;2022;8225
3163300;MG;São José do Divino;2022;22384
3163409;MG;São José do Goiabal;2022;13195
3163508;MG;São José do Jacuri;2022;16334
3163607;MG;São José do Mantimento;2022;2802
3163706;MG;São Lourenço;2022;2808
3163805;MG;São Miguel do Anta;2022;8374
3163904;MG;São Pedro da União;2022;13558
3164001;MG;São Pedro dos Ferros;2022;20892
3164100;MG;São Pedro do Suaçuí;2022;15575
3164209;MG;São Romão;2022;33711
3164308;MG;São Roque de Minas;2022;63079
3164407;MG;São Sebastião da Bela Vista;2022;10450
3164431;MG;São Sebastião da Vargem Alegre;2022;6660
3164472;MG;São Sebastião do Anta;2022;2210
3164506;MG;São Sebastião do Maranhão;2022;22600
3164605;MG;São Sebastião do Oeste;2022;31417
3164704;MG;São Sebastião do Paraíso;2022;35964
3164803;MG;São Sebastião do Rio Preto;2022;5619
3164902;MG;São Sebastião do Rio Verde;2022;7160
3165008;MG;São Tiago;2022;30430
3165107;MG;São Tomás de Aquino;2022;8195
3165206;MG;São Tomé das Letras;2022;14685
3165305;MG;São Vicente de Minas;2022;16874
3165404;MG;Sapucaí-Mirim;2022;5435
3165503;MG;Sardoá;2022;4975
3165537;MG;Sarzedo;2022;852
3165552;MG;Setubinha;2022;6670
3165560;MG;Sem-Peixe;2022;12036
3165578;MG;Senador Amaral;2022;4999
3165602;MG;Senador Cortes;2022;6332
3165701;MG;Senador Firmino;2022;5484
3165800;MG;Senador José Bento;2022;7816
3165909;MG;Senador Modestino Gonçalves;2022;8797
3166006;MG;Senhora de Oliveira;2022;5130
3166105;MG;Senhora do Porto;2022;15484
3166204;MG;Senhora dos Remédios;2022;15730
3166303;MG;Sericita;2022;5578
3166402;MG;Seritinga;2022;6079
3166501;MG;Serra Azul de Minas;2022;10020
3166600;MG;Serra da Saudade;2022;21241
3166709;MG;Serra dos Aimorés;2022;18173
3166808;MG;Serra do Salitre;2022;57254
3166907;MG;Serrania;2022;9467
3166956;MG;Serranópolis de Minas;2022;11032
3167004;MG;Serranos;2022;12283
3167103;MG;Serro;2022;32537
3167202;MG;Sete Lagoas;2022;17768
3167301;MG;Silveirânia;2022;9394
3167400;MG;Silvianópolis;2022;28765
3167509;MG;Simão Pereira;2022;7336
3167608;MG;Simonésia;2022;8943
3167707;MG;Sobrália;2022;17983
3167806;MG;Soledade de Minas;2022;14668
3167905;MG;Tabuleiro;2022;12929
3168002;MG;Taiobeiras;2022;14777
3168051;MG;Taparuba;2022;12989
3168101;MG;Tapira;2022;45119
3168200;MG;Tapiraí;2022;19729
3168309;MG;Taquaraçu de Minas;2022;8632
3168408;MG;Tarumirim;2022;45366
3168507;MG;Teixeiras;2022;8309
3168606;MG;Teófilo Otoni;2022;151269
3168705;MG;Timóteo;2022;1001
3168804;MG;Tiradentes;2022;2794
3168903;MG;Tiros;2022;105872
3169000;MG;Tocantins;2022;11352
3169059;MG;Tocos do Moji;2022;10054
3169109;MG;Toledo;2022;7245
3169208;MG;Tombos;2022;21752
3169307;MG;Três Corações;2022;40854
3169356;MG;Três Marias;2022;27615
3169406;MG;Três Pontas;2022;19048
3169505;MG;Tumiritinga;2022;26397
3169604;MG;Tupaciguara;2022;104379
3169703;MG;Turmalina;2022;3820
3169802;MG;Turvolândia;2022;14824
3169901;MG;Ubá;2022;19210
3170008;MG;Ubaí;2022;31138
3170057;MG;Ubaporanga;2022;5101
3170107;MG;Uberaba;2022;172619
3170206;MG;Uberlândia;2022;209213
3170305;MG;Umburatiba;2022;25848
3170404;MG;Unaí;2022;288326
3170438;MG;União de Minas;2022;117795
3170479;MG;Uruana de Minas;2022;18628
3170503;MG;Urucânia;2022;5136
3170529;MG;Urucuia;2022;43921
3170578;MG;Vargem Alegre;2022;7466
3170602;MG;Vargem Bonita;2022;14352
3170651;MG;Vargem Grande do Rio Pardo;2022;3366
3170701;MG;Varginha;2022;16504
3170750;MG;Varjão de Minas;2022;33362
3170800;MG;Várzea da Palma;2022;81767
3170909;MG;Varzelândia;2022;23880
3171006;MG;Vazante;2022;89620
3171030;MG;Verdelândia;2022;46921
3171071;MG;Veredinha;2022;3120
3171105;MG;Veríssimo;2022;52047
3171154;MG;Vermelho Novo;2022;3968
3171204;MG;Vespasiano;2022;926
3171303;MG;Viçosa;2022;10405
3171402;MG;Vieiras;2022;16821
3171501;MG;Mathias Lobato;2022;12846
3171600;MG;Virgem da Lapa;2022;15503
3171709;MG;Virgínia;2022;25275
3171808;MG;Virginópolis;2022;16963
3171907;MG;Virgolândia;2022;17014
3172004;MG;Visconde do Rio Branco;2022;16073
3172103;MG;Volta Grande;2022;14556
3172202;MG;Wenceslau Braz;2022;8723
3200102;ES;Afonso Cláudio;2022;32230
3200136;ES;Águia Branca;2022;19983
3200169;ES;Água Doce do Norte;2022;29329
3200201;ES;Alegre;2022;72045
3200300;ES;Alfredo Chaves;2022;17405
3200359;ES;Alto Rio Novo;2022;10244
3200409;ES;Anchieta;2022;29985
3200508;ES;Apiacá;2022;17652
3200607;ES;Aracruz;2022;43698
3200706;ES;Atílio Vivácqua;2022;21887
3200805;ES;Baixo Guandu;2022;52356
3200904;ES;Barra de São Francisco;2022;75102
3201001;ES;Boa Esperança;2022;18863
3201100;ES;Bom Jesus do Norte;2022;7924
3201159;ES;Brejetuba;2022;2615
3201209;ES;Cachoeiro de Itapemirim;2022;67486
3201308;ES;Cariacica;2022;6987
3201407;ES;Castelo;2022;36543
3201506;ES;Colatina;2022;63358
3201605;ES;Conceição da Barra;2022;12759
3201704;ES;Conceição do Castelo;2022;8859
3201803;ES;Divino de São Lourenço;2022;7973
3201902;ES;Domingos Martins;2022;7350
3202009;ES;Dores do Rio Preto;2022;6063
3202108;ES;Ecoporanga;2022;234703
3202207;ES;Fundão;2022;13508
3202256;ES;Governador Lindenberg;2022;5797
3202306;ES;Guaçuí;2022;30124
3202405;ES;Guarapari;2022;20450
3202454;ES;Ibatiba;2022;2534
3202504;ES;Ibiraçu;2022;7569
3202553;ES;Ibitirama;2022;11141
3202603;ES;Iconha;2022;13978
3202652;ES;Irupi;2022;1617
3202702;ES;Itaguaçu;2022;18138
3202801;ES;Itapemirim;2022;48857
3202900;ES;Itarana;2022;8062
3203007;ES;Iúna;2022;8424
3203056;ES;Jaguaré;2022;9987
3203106;ES;Jerônimo Monteiro;2022;19956
3203130;ES;João Neiva;2022;16295
3203163;ES;Laranja da Terra;2022;17434
3203205;ES;Linhares;2022;143463
3203304;ES;Mantenópolis;2022;12634
3203320;ES;Marataízes;2022;2589
3203346;ES;Marechal Floriano;2022;607
3203353;ES;Marilândia;2022;5555
3203403;ES;Mimoso do Sul;2022;63549
3203502;ES;Montanha;2022;95575
3203601;ES;Mucurici;2022;86581
3203700;ES;Muniz Freire;2022;30895
3203809;ES;Muqui;2022;24577
3203908;ES;Nova Venécia;2022;84328
3204005;ES;Pancas;2022;30667
3204054;ES;Pedro Canário;2022;25884
3204104;ES;Pinheiros;2022;53298
3204203;ES;Piúma;2022;6439
3204252;ES;Ponto Belo;2022;49064
3204302;ES;Presidente Kennedy;2022;65086
3204351;ES;Rio Bananal;2022;7389
3204401;ES;Rio Novo do Sul;2022;16665
3204500;ES;Santa Leopoldina;2022;14390
3204559;ES;Santa Maria de Jetibá;2022;6215
3204609;ES;Santa Teresa;2022;10302
3204658;ES;São Domingos do Norte;2022;10841
3204708;ES;São Gabriel da Palha;2022;15691
3204807;ES;São José do Calçado;2022;24121
3204906;ES;São Mateus;2022;85632
3204955;ES;São Roque do Canaã;2022;10764
3205002;ES;Serra;2022;17968
3205010;ES;Sooretama;2022;9950
3205036;ES;Vargem Alta;2022;8812
3205069;ES;Venda Nova do Imigrante;2022;3232
3205101;ES;Viana;2022;18098
3205150;ES;Vila Pavão;2022;19823
3205176;ES;Vila Valério;2022;5647
3205200;ES;Vila Velha;2022;7336
3205309;ES;Vitória;2022;99
3300100;RJ;Angra dos Reis;2022;4809
3300159;RJ;Aperibé;2022;9090
3300209;RJ;Araruama;2022;47700
3300225;RJ;Areal;2022;4300
3300233;RJ;Armação dos Búzios;2022;1890
3300308;RJ;Barra do Piraí;2022;43300
3300407;RJ;Barra Mansa;2022;39199
3300456;RJ;Belford Roxo;2022;472
3300506;RJ;Bom Jardim;2022;15650
3300605;RJ;Bom Jesus do Itabapoana;2022;87145
3300704;RJ;Cabo Frio;2022;25890
3300803;RJ;Cachoeiras de Macacu;2022;37269
3300902;RJ;Cambuci;2022;74203
3300936;RJ;Carapebus;2022;25366
3300951;RJ;Comendador Levy Gasparian;2022;5830
3301009;RJ;Campos dos Goytacazes;2022;283444
3301108;RJ;Cantagalo;2022;75121
3301157;RJ;Cardoso Moreira;2022;55937
3301207;RJ;Carmo;2022;32260
3301306;RJ;Casimiro de Abreu;2022;21400
3301405;RJ;Conceição de Macabu;2022;37805
3301504;RJ;Cordeiro;2022;9544
3301603;RJ;Duas Barras;2022;21420
3301702;RJ;Duque de Caxias;2022;7318
3301801;RJ;Engenheiro Paulo de Frontin;2022;835
3301850;RJ;Guapimirim;2022;25220
3301876;RJ;Iguaba Grande;2022;1800
3301900;RJ;Itaboraí;2022;29756
3302007;RJ;Itaguaí;2022;11632
3302056;RJ;Italva;2022;26381
3302106;RJ;Itaocara;2022;43682
3302205;RJ;Itaperuna;2022;149130
3302254;RJ;Itatiaia;2022;5800
3302270;RJ;Japeri;2022;2965
3302304;RJ;Laje do Muriaé;2022;25201
3302403;RJ;Macaé;2022;96402
3302452;RJ;Macuco;2022;10061
3302502;RJ;Magé;2022;7300
3302601;RJ;Mangaratiba;2022;4959
3302700;RJ;Maricá;2022;7242
3302809;RJ;Mendes;2022;1100
3302858;RJ;Mesquita;2022;21
3302908;RJ;Miguel Pereira;2022;9300
3303005;RJ;Miracema;2022;31026
3303104;RJ;Natividade;2022;48844
3303302;RJ;Niterói;2022;508
3303401;RJ;Nova Friburgo;2022;5644
3303500;RJ;Nova Iguaçu;2022;4100
3303609;RJ;Paracambi;2022;7118
3303708;RJ;Paraíba do Sul;2022;37400
3303807;RJ;Paraty;2022;2567
3303856;RJ;Paty do Alferes;2022;19450
3303906;RJ;Petrópolis;2022;5230
3303955;RJ;Pinheiral;2022;3841
3304003;RJ;Piraí;2022;23724
3304102;RJ;Porciúncula;2022;24422
3304110;RJ;Porto Real;2022;6136
3304128;RJ;Quatis;2022;28039
3304144;RJ;Queimados;2022;2176
3304151;RJ;Quissamã;2022;54300
3304201;RJ;Resende;2022;56676
3304300;RJ;Rio Bonito;2022;39281
3304409;RJ;Rio Claro;2022;46325
3304508;RJ;Rio das Flores;2022;27650
3304524;RJ;Rio das Ostras;2022;14983
3304557;RJ;Rio de Janeiro;2022;2789
3304607;RJ;Santa Maria Madalena;2022;50873
3304706;RJ;Santo Antônio de Pádua;2022;61123
3304755;RJ;São Francisco de Itabapoana;2022;69937
3304805;RJ;São Fidélis;2022;96568
3304904;RJ;São Gonçalo;2022;3200
3305000;RJ;São João da Barra;2022;24466
3305133;RJ;São José de Ubá;2022;31000
3305158;RJ;São José do Vale do Rio Preto;2022;3990
3305208;RJ;São Pedro da Aldeia;2022;26000
3305307;RJ;São Sebastião do Alto;2022;42133
3305406;RJ;Sapucaia;2022;36162
3305505;RJ;Saquarema;2022;6860
3305554;RJ;Seropédica;2022;12016
3305604;RJ;Silva Jardim;2022;62053
3305703;RJ;Sumidouro;2022;23875
3305752;RJ;Tanguá;2022;10406
3305802;RJ;Teresópolis;2022;8054
3305901;RJ;Trajano de Moraes;2022;30608
3306008;RJ;Três Rios;2022;16420
3306107;RJ;Valença;2022;106317
3306156;RJ;Varre-Sai;2022;17000
3306206;RJ;Vassouras;2022;39800
3306305;RJ;Volta Redonda;2022;4904
3500105;SP;Adamantina;2022;42978
3500204;SP;Adolfo;2022;3920
3500303;SP;Aguaí;2022;4850
3500402;SP;Águas da Prata;2022;11500
3500501;SP;Águas de Lindóia;2022;5100
3500550;SP;Águas de Santa Bárbara;2022;10207
3500709;SP;Agudos;2022;31041
3500758;SP;Alambari;2022;9270
3500808;SP;Alfredo Marcondes;2022;20350
3500907;SP;Altair;2022;32986
3501004;SP;Altinópolis;2022;18000
3501103;SP;Alto Alegre;2022;25308
3501152;SP;Alumínio;2022;870
3501202;SP;Álvares Florence;2022;46600
3501301;SP;Álvares Machado;2022;47390
3501400;SP;Álvaro de Carvalho;2022;11755
3501509;SP;Alvinlândia;2022;6128
3501608;SP;Americana;2022;164
3501707;SP;Américo Brasiliense;2022;308
3501806;SP;Américo de Campos;2022;17400
3501905;SP;Amparo;2022;30100
3502002;SP;Analândia;2022;11000
3502101;SP;Andradina;2022;56863
3502200;SP;Angatuba;2022;48244
3502309;SP;Anhembi;2022;34472
3502408;SP;Anhumas;2022;25380
3502507;SP;Aparecida;2022;5000
3502606;SP;Aparecida d'Oeste;2022;21250
3502705;SP;Apiaí;2022;6357
3502754;SP;Araçariguama;2022;1952
3502804;SP;Araçatuba;2022;66732
3502903;SP;Araçoiaba da Serra;2022;4500
3503000;SP;Aramina;2022;1999
3503109;SP;Arandu;2022;11111
3503158;SP;Arapeí;2022;5986
3503208;SP;Araraquara;2022;10786
3503307;SP;Araras;2022;8000
3503356;SP;Arco-Íris;2022;22526
3503406;SP;Arealva;2022;41408
3503505;SP;Areias;2022;16436
3503604;SP;Areiópolis;2022;355
3503703;SP;Ariranha;2022;390
3503802;SP;Artur Nogueira;2022;7800
3503901;SP;Arujá;2022;238
3503950;SP;Aspásia;2022;7636
3504008;SP;Assis;2022;17200
3504107;SP;Atibaia;2022;13100
3504206;SP;Auriflama;2022;57328
3504305;SP;Avaí;2022;38022
3504404;SP;Avanhandava;2022;9599
3504503;SP;Avaré;2022;37488
3504602;SP;Bady Bassitt;2022;11655
3504701;SP;Balbinos;2022;3447
3504800;SP;Bálsamo;2022;9223
3504909;SP;Bananal;2022;31500
3505005;SP;Barão de Antonina;2022;12000
3505104;SP;Barbosa;2022;8757
3505203;SP;Bariri;2022;17778
3505302;SP;Barra Bonita;2022;419
3505351;SP;Barra do Chapéu;2022;3653
3505401;SP;Barra do Turvo;2022;8500
3505500;SP;Barretos;2022;39019
3505609;SP;Barrinha;2022;391
3505807;SP;Bastos;2022;20192
3505906;SP;Batatais;2022;22000
3506003;SP;Bauru;2022;46636
3506102;SP;Bebedouro;2022;11600
3506201;SP;Bento de Abreu;2022;12756
3506300;SP;Bernardino de Campos;2022;8530
3506409;SP;Bilac;2022;14695
3506508;SP;Birigui;2022;43607
3506607;SP;Biritiba Mirim;2022;730
3506706;SP;Boa Esperança do Sul;2022;7375
3506805;SP;Bocaina;2022;12238
3506904;SP;Bofete;2022;38869
3507001;SP;Boituva;2022;14850
3507100;SP;Bom Jesus dos Perdões;2022;2540
3507159;SP;Bom Sucesso de Itararé;2022;1030
3507209;SP;Borá;2022;5700
3507308;SP;Boracéia;2022;2702
3507407;SP;Borborema;2022;15450
3507456;SP;Borebi;2022;4919
3507506;SP;Botucatu;2022;36900
3507605;SP;Bragança Paulista;2022;30000
3507704;SP;Braúna;2022;11166
3507753;SP;Brejo Alegre;2022;4073
3507803;SP;Brodowski;2022;14000
3507902;SP;Brotas;2022;25096
3508009;SP;Buri;2022;25232
3508108;SP;Buritama;2022;34338
3508207;SP;Buritizal;2022;11991
3508306;SP;Cabrália Paulista;2022;13901
3508405;SP;Cabreúva;2022;7910
3508504;SP;Caçapava;2022;25000
3508603;SP;Cachoeira Paulista;2022;28000
3508702;SP;Caconde;2022;32000
3508801;SP;Cafelândia;2022;39791
3508900;SP;Caiabu;2022;20850
3509007;SP;Caieiras;2022;13
3509106;SP;Caiuá;2022;71466
3509205;SP;Cajamar;2022;138
3509254;SP;Cajati;2022;7400
3509304;SP;Cajobi;2022;3600
3509403;SP;Cajuru;2022;27000
3509452;SP;Campina do Monte Alegre;2022;5015
3509502;SP;Campinas;2022;29000
3509601;SP;Campo Limpo Paulista;2022;265
3509700;SP;Campos do Jordão;2022;638
3509809;SP;Campos Novos Paulista;2022;13761
3509908;SP;Cananéia;2022;800
3509957;SP;Canas;2022;3671
3510005;SP;Cândido Mota;2022;5000
3510104;SP;Cândido Rodrigues;2022;509
3510153;SP;Canitar;2022;532
3510203;SP;Capão Bonito;2022;25771
3510302;SP;Capela do Alto;2022;9900
3510401;SP;Capivari;2022;5336
3510500;SP;Caraguatatuba;2022;8542
3510708;SP;Cardoso;2022;50000
3510807;SP;Casa Branca;2022;15200
3510906;SP;Cássia dos Coqueiros;2022;13500
3511003;SP;Castilho;2022;101267
3511102;SP;Catanduva;2022;3300
3511201;SP;Catiguá;2022;1000
3511300;SP;Cedral;2022;14073
3511409;SP;Cerqueira César;2022;20272
3511508;SP;Cerquilho;2022;9300
3511607;SP;Cesário Lange;2022;10400
3511706;SP;Charqueada;2022;6890
3511904;SP;Clementina;2022;12048
3512001;SP;Colina;2022;12432
3512100;SP;Colômbia;2022;11318
3512209;SP;Conchal;2022;2190
3512308;SP;Conchas;2022;73920
3512407;SP;Cordeirópolis;2022;840
3512506;SP;Coroados;2022;12400
3512605;SP;Coronel Macedo;2022;17000
3512704;SP;Corumbataí;2022;16848
3512803;SP;Cosmópolis;2022;1600
3512902;SP;Cosmorama;2022;27000
3513108;SP;Cravinhos;2022;5000
3513207;SP;Cristais Paulista;2022;21600
3513306;SP;Cruzália;2022;810
3513405;SP;Cruzeiro;2022;18000
3513603;SP;Cunha;2022;120100
3513702;SP;Descalvado;2022;26300
3513850;SP;Dirce Reis;2022;9454
3513900;SP;Divinolândia;2022;25000
3514007;SP;Dobrada;2022;536
3514106;SP;Dois Córregos;2022;14520
3514205;SP;Dolcinópolis;2022;5200
3514304;SP;Dourado;2022;11850
3514403;SP;Dracena;2022;27800
3514502;SP;Duartina;2022;26032
3514601;SP;Dumont;2022;343
3514700;SP;Echaporã;2022;35000
3514809;SP;Eldorado;2022;12200
3514908;SP;Elias Fausto;2022;12241
3514924;SP;Elisiário;2022;1500
3514957;SP;Embaúba;2022;1300
3515129;SP;Emilianópolis;2022;32900
3515152;SP;Engenheiro Coelho;2022;3300
3515186;SP;Espírito Santo do Pinhal;2022;17250
3515194;SP;Espírito Santo do Turvo;2022;18300
3515202;SP;Estrela d'Oeste;2022;34535
3515301;SP;Estrela do Norte;2022;13780
3515350;SP;Euclides da Cunha Paulista;2022;56519
3515400;SP;Fartura;2022;45760
3515509;SP;Fernandópolis;2022;41255
3515608;SP;Fernando Prestes;2022;3452
3515657;SP;Fernão;2022;5980
3515707;SP;Ferraz de Vasconcelos;2022;692
3515806;SP;Flora Rica;2022;20500
3515905;SP;Floreal;2022;17546
3516002;SP;Flórida Paulista;2022;48389
3516101;SP;Florínea;2022;655
3516200;SP;Franca;2022;20600
3516309;SP;Francisco Morato;2022;120
3516408;SP;Franco da Rocha;2022;74
3516507;SP;Gabriel Monteiro;2022;12690
3516606;SP;Gália;2022;17555
3516705;SP;Garça;2022;39460
3516804;SP;Gastão Vidigal;2022;13856
3516853;SP;Gavião Peixoto;2022;1894
3516903;SP;General Salgado;2022;47716
3517000;SP;Getulina;2022;41578
3517109;SP;Glicério;2022;11733
3517208;SP;Guaiçara;2022;22292
3517307;SP;Guaimbê;2022;16242
3517406;SP;Guaíra;2022;16242
3517505;SP;Guapiaçu;2022;13920
3517604;SP;Guapiara;2022;7211
3517703;SP;Guará;2022;3910
3517802;SP;Guaraçaí;2022;48934
3517901;SP;Guaraci;2022;16377
3518008;SP;Guarani d'Oeste;2022;9601
3518107;SP;Guarantã;2022;40700
3518206;SP;Guararapes;2022;53657
3518305;SP;Guararema;2022;9300
3518404;SP;Guaratinguetá;2022;58925
3518503;SP;Guareí;2022;45103
3518602;SP;Guariba;2022;738
3518859;SP;Guatapará;2022;4800
3518909;SP;Guzolândia;2022;32778
3519006;SP;Herculândia;2022;31181
3519055;SP;Holambra;2022;1290
3519105;SP;Iacanga;2022;16415
3519204;SP;Iacri;2022;25370
3519253;SP;Iaras;2022;7097
3519303;SP;Ibaté;2022;4080
3519402;SP;Ibirá;2022;13980
3519501;SP;Ibirarema;2022;3800
3519600;SP;Ibitinga;2022;12600
3519709;SP;Ibiúna;2022;2398
3519808;SP;Icém;2022;10280
3519907;SP;Iepê;2022;15300
3520004;SP;Igaraçu do Tietê;2022;291
3520103;SP;Igarapava;2022;9904
3520202;SP;Igaratá;2022;9970
3520301;SP;Iguape;2022;4450
3520400;SP;Ilhabela;2022;33
3520442;SP;Ilha Solteira;2022;21728
3520509;SP;Indaiatuba;2022;10330
3520608;SP;Indiana;2022;17340
3520707;SP;Indiaporã;2022;27998
3520806;SP;Inúbia Paulista;2022;10820
3520905;SP;Ipaussu;2022;6373
3521002;SP;Iperó;2022;5250
3521101;SP;Ipeúna;2022;11622
3521150;SP;Ipiguá;2022;9410
3521200;SP;Iporanga;2022;2170
3521309;SP;Ipuã;2022;4005
3521408;SP;Iracemápolis;2022;65
3521507;SP;Irapuã;2022;12850
3521606;SP;Irapuru;2022;21150
3521705;SP;Itaberá;2022;26000
3521804;SP;Itaí;2022;22934
3521903;SP;Itajobi;2022;8950
3522000;SP;Itaju;2022;11395
3522109;SP;Itanhaém;2022;300
3522158;SP;Itaoca;2022;7392
3522307;SP;Itapetininga;2022;61762
3522406;SP;Itapeva;2022;28052
3522604;SP;Itapira;2022;36510
3522653;SP;Itapirapuã Paulista;2022;3320
3522703;SP;Itápolis;2022;30837
3522802;SP;Itaporanga;2022;29000
3522901;SP;Itapuí;2022;1493
3523008;SP;Itapura;2022;10007
3523107;SP;Itaquaquecetuba;2022;488
3523206;SP;Itararé;2022;26000
3523305;SP;Itariri;2022;438
3523404;SP;Itatiba;2022;22474
3523503;SP;Itatinga;2022;21056
3523602;SP;Itirapina;2022;22813
3523701;SP;Itirapuã;2022;9600
3523800;SP;Itobi;2022;15500
3523909;SP;Itu;2022;29040
3524006;SP;Itupeva;2022;9160
3524105;SP;Ituverava;2022;18452
3524204;SP;Jaborandi;2022;3247
3524303;SP;Jaboticabal;2022;5243
3524402;SP;Jacareí;2022;20762
3524501;SP;Jaci;2022;8265
3524600;SP;Jacupiranga;2022;7400
3524709;SP;Jaguariúna;2022;3300
3524808;SP;Jales;2022;38250
3524907;SP;Jambeiro;2022;15580
3525102;SP;Jardinópolis;2022;6800
3525201;SP;Jarinu;2022;4740
3525300;SP;Jaú;2022;9066
3525409;SP;Jeriquara;2022;1750
3525508;SP;Joanópolis;2022;19800
3525607;SP;João Ramalho;2022;22310
3525706;SP;José Bonifácio;2022;62079
3525805;SP;Júlio Mesquita;2022;11715
3525854;SP;Jumirim;2022;10000
3525904;SP;Jundiaí;2022;3860
3526001;SP;Junqueirópolis;2022;36000
3526100;SP;Juquiá;2022;7300
3526308;SP;Lagoinha;2022;21494
3526407;SP;Laranjal Paulista;2022;41272
3526506;SP;Lavínia;2022;50382
3526605;SP;Lavrinhas;2022;10500
3526704;SP;Leme;2022;1820
3526803;SP;Lençóis Paulista;2022;4856
3526902;SP;Limeira;2022;13000
3527009;SP;Lindóia;2022;3600
3527108;SP;Lins;2022;25076
3527207;SP;Lorena;2022;31159
3527256;SP;Lourdes;2022;9939
3527306;SP;Louveira;2022;1249
3527405;SP;Lucélia;2022;35500
3527504;SP;Lucianópolis;2022;8742
3527603;SP;Luís Antônio;2022;20000
3527702;SP;Luiziânia;2022;12382
3527801;SP;Lupércio;2022;12996
3527900;SP;Lutécia;2022;35000
3528007;SP;Macatuba;2022;853
3528106;SP;Macaubal;2022;25076
3528205;SP;Macedônia;2022;31327
3528304;SP;Magda;2022;14306
3528403;SP;Mairinque;2022;3602
3528502;SP;Mairiporã;2022;187
3528601;SP;Manduri;2022;9670
3528700;SP;Marabá Paulista;2022;94778
3528809;SP;Maracaí;2022;5700
3528858;SP;Marapoama;2022;1750
3528908;SP;Mariápolis;2022;32580
3529005;SP;Marília;2022;116655
3529104;SP;Marinópolis;2022;13840
3529203;SP;Martinópolis;2022;82640
3529302;SP;Matão;2022;5490
3529401;SP;Mauá;2022;55
3529500;SP;Mendonça;2022;8979
3529609;SP;Meridiano;2022;15467
3529658;SP;Mesópolis;2022;6480
3529708;SP;Miguelópolis;2022;4520
3529807;SP;Mineiros do Tietê;2022;4232
3529906;SP;Miracatu;2022;3200
3530003;SP;Mira Estrela;2022;22224
3530102;SP;Mirandópolis;2022;77964
3530201;SP;Mirante do Paranapanema;2022;132290
3530300;SP;Mirassol;2022;21507
3530409;SP;Mirassolândia;2022;12520
3530508;SP;Mococa;2022;55000
3530607;SP;Mogi das Cruzes;2022;3970
3530706;SP;Mogi Guaçu;2022;16610
3530805;SP;Mogi Mirim;2022;17895
3530904;SP;Mombuca;2022;2672
3531001;SP;Monções;2022;3194
3531100;SP;Mongaguá;2022;13
3531209;SP;Monte Alegre do Sul;2022;5260
3531308;SP;Monte Alto;2022;16086
3531407;SP;Monte Aprazível;2022;33315
3531506;SP;Monte Azul Paulista;2022;6650
3531605;SP;Monte Castelo;2022;12700
3531704;SP;Monteiro Lobato;2022;13697
3531803;SP;Monte Mor;2022;9000
3531902;SP;Morro Agudo;2022;10771
3532009;SP;Morungaba;2022;7154
3532058;SP;Motuca;2022;1066
3532108;SP;Murutinga do Sul;2022;33876
3532157;SP;Nantes;2022;8185
3532207;SP;Narandiba;2022;9130
3532306;SP;Natividade da Serra;2022;22917
3532405;SP;Nazaré Paulista;2022;6650
3532504;SP;Neves Paulista;2022;15558
3532603;SP;Nhandeara;2022;31390
3532702;SP;Nipoã;2022;7520
3532801;SP;Nova Aliança;2022;12680
3532827;SP;Nova Campina;2022;2160
3532843;SP;Nova Canaã Paulista;2022;17174
3532868;SP;Nova Castilho;2022;14925
3532900;SP;Nova Europa;2022;646
3533007;SP;Nova Granada;2022;39189
3533106;SP;Nova Guataporanga;2022;3590
3533205;SP;Nova Independência;2022;9586
3533254;SP;Novais;2022;1200
3533304;SP;Nova Luzitânia;2022;9485
3533403;SP;Nova Odessa;2022;270
3533502;SP;Novo Horizonte;2022;30420
3533601;SP;Nuporanga;2022;3520
3533700;SP;Ocauçu;2022;24325
3533809;SP;Óleo;2022;9378
3533908;SP;Olímpia;2022;17278
3534005;SP;Onda Verde;2022;5217
3534104;SP;Oriente;2022;14460
3534203;SP;Orindiúva;2022;6074
3534302;SP;Orlândia;2022;4640
3534500;SP;Oscar Bressane;2022;29240
3534609;SP;Osvaldo Cruz;2022;31550
3534708;SP;Ourinhos;2022;6800
3534757;SP;Ouroeste;2022;16332
3534807;SP;Ouro Verde;2022;18600
3534906;SP;Pacaembu;2022;44152
3535002;SP;Palestina;2022;38257
3535101;SP;Palmares Paulista;2022;240
3535200;SP;Palmeira d'Oeste;2022;49910
3535309;SP;Palmital;2022;4300
3535408;SP;Panorama;2022;16950
3535507;SP;Paraguaçu Paulista;2022;32500
3535606;SP;Paraibuna;2022;31402
3535705;SP;Paraíso;2022;1300
3535804;SP;Paranapanema;2022;34502
3535903;SP;Paranapuã;2022;7126
3536000;SP;Parapuã;2022;30097
3536109;SP;Pardinho;2022;11857
3536208;SP;Pariquera-Açu;2022;2950
3536257;SP;Parisi;2022;6500
3536307;SP;Patrocínio Paulista;2022;26700
3536406;SP;Paulicéia;2022;12400
3536505;SP;Paulínia;2022;320
3536570;SP;Paulistânia;2022;6916
3536604;SP;Paulo de Faria;2022;28950
3536703;SP;Pederneiras;2022;27373
3536802;SP;Pedra Bela;2022;12100
3536901;SP;Pedranópolis;2022;33245
3537008;SP;Pedregulho;2022;31700
3537107;SP;Pedreira;2022;5000
3537156;SP;Pedrinhas Paulista;2022;1200
3537206;SP;Pedro de Toledo;2022;1460
3537305;SP;Penápolis;2022;23265
3537404;SP;Pereira Barreto;2022;48478
3537503;SP;Pereiras;2022;38410
3537602;SP;Peruíbe;2022;305
3537701;SP;Piacatu;2022;24464
3537800;SP;Piedade;2022;9505
3537909;SP;Pilar do Sul;2022;13394
3538006;SP;Pindamonhangaba;2022;59552
3538105;SP;Pindorama;2022;3350
3538204;SP;Pinhalzinho;2022;8300
3538303;SP;Piquerobi;2022;64413
3538501;SP;Piquete;2022;8429
3538600;SP;Piracaia;2022;16600
3538709;SP;Piracicaba;2022;57599
3538808;SP;Piraju;2022;25330
3538907;SP;Pirajuí;2022;53420
3539004;SP;Pirangi;2022;1900
3539202;SP;Pirapozinho;2022;26820
3539301;SP;Pirassununga;2022;8500
3539400;SP;Piratininga;2022;30831
3539509;SP;Pitangueiras;2022;6121
3539608;SP;Planalto;2022;8780
3539707;SP;Platina;2022;8200
3539806;SP;Poá;2022;31
3539905;SP;Poloni;2022;14620
3540002;SP;Pompéia;2022;68950
3540101;SP;Pongaí;2022;22791
3540200;SP;Pontal;2022;456
3540259;SP;Pontalinda;2022;18303
3540309;SP;Pontes Gestal;2022;11000
3540408;SP;Populina;2022;18053
3540507;SP;Porangaba;2022;31680
3540606;SP;Porto Feliz;2022;21048
3540705;SP;Porto Ferreira;2022;3200
3540754;SP;Potim;2022;6237
3540804;SP;Potirendaba;2022;41503
3540853;SP;Pracinha;2022;7100
3540903;SP;Pradópolis;2022;342
3541059;SP;Pratânia;2022;4627
3541109;SP;Presidente Alves;2022;23350
3541208;SP;Presidente Bernardes;2022;119850
3541307;SP;Presidente Epitácio;2022;93286
3541406;SP;Presidente Prudente;2022;58460
3541505;SP;Presidente Venceslau;2022;101174
3541604;SP;Promissão;2022;53786
3541653;SP;Quadra;2022;9250
3541703;SP;Quatá;2022;27450
3541802;SP;Queiroz;2022;10527
3541901;SP;Queluz;2022;11500
3542008;SP;Quintana;2022;30654
3542107;SP;Rafard;2022;3819
3542206;SP;Rancharia;2022;108488
3542305;SP;Redenção da Serra;2022;16233
3542404;SP;Regente Feijó;2022;27430
3542503;SP;Reginópolis;2022;20790
3542602;SP;Registro;2022;9950
3542701;SP;Restinga;2022;6500
3542800;SP;Ribeira;2022;5396
3542909;SP;Ribeirão Bonito;2022;12750
3543006;SP;Ribeirão Branco;2022;11151
3543105;SP;Ribeirão Corrente;2022;3200
3543204;SP;Ribeirão do Sul;2022;4341
3543238;SP;Ribeirão dos Índios;2022;25599
3543253;SP;Ribeirão Grande;2022;4920
3543303;SP;Ribeirão Pires;2022;55
3543402;SP;Ribeirão Preto;2022;4500
3543501;SP;Riversul;2022;26100
3543600;SP;Rifaina;2022;7050
3543709;SP;Rincão;2022;4609
3543808;SP;Rinópolis;2022;44319
3543907;SP;Rio Claro;2022;19094
3544004;SP;Rio das Pedras;2022;2149
3544103;SP;Rio Grande da Serra;2022;32
3544202;SP;Riolândia;2022;41000
3544251;SP;Rosana;2022;64391
3544301;SP;Roseira;2022;7395
3544400;SP;Rubiácea;2022;19450
3544509;SP;Rubinéia;2022;18090
3544608;SP;Sabino;2022;22414
3544707;SP;Sagres;2022;11530
3544806;SP;Sales;2022;25800
3544905;SP;Sales Oliveira;2022;8193
3545001;SP;Salesópolis;2022;4600
3545100;SP;Salmourão;2022;13150
3545159;SP;Saltinho;2022;6927
3545209;SP;Salto;2022;3855
3545308;SP;Salto de Pirapora;2022;8050
3545407;SP;Salto Grande;2022;5558
3545506;SP;Sandovalina;2022;20180
3545605;SP;Santa Adélia;2022;4300
3545704;SP;Santa Albertina;2022;25077
3545803;SP;Santa Bárbara d'Oeste;2022;1754
3546009;SP;Santa Branca;2022;11499
3546108;SP;Santa Clara d'Oeste;2022;18530
3546207;SP;Santa Cruz da Conceição;2022;8000
3546256;SP;Santa Cruz da Esperança;2022;2300
3546306;SP;Santa Cruz das Palmeiras;2022;1300
3546405;SP;Santa Cruz do Rio Pardo;2022;47338
3546504;SP;Santa Ernestina;2022;385
3546603;SP;Santa Fé do Sul;2022;28094
3546702;SP;Santa Gertrudes;2022;419
3546801;SP;Santa Isabel;2022;6590
3546900;SP;Santa Lúcia;2022;435
3547007;SP;Santa Maria da Serra;2022;12305
3547106;SP;Santa Mercedes;2022;10800
3547205;SP;Santana da Ponte Pensa;2022;18750
3547304;SP;Santana de Parnaíba;2022;1141
3547403;SP;Santa Rita d'Oeste;2022;23817
3547502;SP;Santa Rita do Passa Quatro;2022;24000
3547601;SP;Santa Rosa de Viterbo;2022;10000
3547650;SP;Santa Salete;2022;11102
3547700;SP;Santo Anastácio;2022;87683
3547908;SP;Santo Antônio da Alegria;2022;19600
3548005;SP;Santo Antônio de Posse;2022;4465
3548054;SP;Santo Antônio do Aracanguá;2022;86438
3548104;SP;Santo Antônio do Jardim;2022;6700
3548203;SP;Santo Antônio do Pinhal;2022;4113
3548302;SP;Santo Expedito;2022;13390
3548401;SP;Santópolis do Aguapeí;2022;7823
3548609;SP;São Bento do Sapucaí;2022;13336
3548906;SP;São Carlos;2022;38550
3549003;SP;São Francisco;2022;12253
3549102;SP;São João da Boa Vista;2022;42200
3549201;SP;São João das Duas Pontes;2022;10569
3549250;SP;São João de Iracema;2022;8022
3549300;SP;São João do Pau d'Alho;2022;3500
3549409;SP;São Joaquim da Barra;2022;4247
3549508;SP;São José da Bela Vista;2022;5320
3549607;SP;São José do Barreiro;2022;15300
3549706;SP;São José do Rio Pardo;2022;51000
3549805;SP;São José do Rio Preto;2022;23179
3549904;SP;São José dos Campos;2022;65596
3550001;SP;São Luiz do Paraitinga;2022;40230
3550100;SP;São Manuel;2022;8785
3550209;SP;São Miguel Arcanjo;2022;16836
3550308;SP;São Paulo;2022;465
3550407;SP;São Pedro;2022;36828
3550506;SP;São Pedro do Turvo;2022;34802
3550605;SP;São Roque;2022;2600
3550704;SP;São Sebastião;2022;61
3550803;SP;São Sebastião da Grama;2022;17900
3550902;SP;São Simão;2022;10800
3551108;SP;Sarapuí;2022;16712
3551207;SP;Sarutaiá;2022;4890
3551306;SP;Sebastianópolis do Sul;2022;4600
3551405;SP;Serra Azul;2022;2400
3551504;SP;Serrana;2022;1350
3551603;SP;Serra Negra;2022;10590
3551702;SP;Sertãozinho;2022;7127
3551801;SP;Sete Barras;2022;7600
3551900;SP;Severínia;2022;2950
3552007;SP;Silveiras;2022;21700
3552106;SP;Socorro;2022;48200
3552205;SP;Sorocaba;2022;9150
3552304;SP;Sud Mennucci;2022;44005
3552403;SP;Sumaré;2022;2500
3552502;SP;Suzano;2022;949
3552551;SP;Suzanápolis;2022;28108
3552601;SP;Tabapuã;2022;6250
3552700;SP;Tabatinga;2022;6750
3552908;SP;Taciba;2022;24480
3553005;SP;Taguaí;2022;18382
3553104;SP;Taiaçu;2022;1950
3553203;SP;Taiúva;2022;780
3553302;SP;Tambaú;2022;10100
3553401;SP;Tanabi;2022;45580
3553500;SP;Tapiraí;2022;1310
3553609;SP;Tapiratiba;2022;16100
3553658;SP;Taquaral;2022;2300
3553708;SP;Taquaritinga;2022;5303
3553807;SP;Taquarituba;2022;19796
3553856;SP;Taquarivaí;2022;4895
3553906;SP;Tarabai;2022;21240
3553955;SP;Tarumã;2022;3500
3554003;SP;Tatuí;2022;19395
3554102;SP;Taubaté;2022;40020
3554201;SP;Tejupá;2022;11920
3554300;SP;Teodoro Sampaio;2022;76572
3554409;SP;Terra Roxa;2022;1380
3554508;SP;Tietê;2022;30600
3554607;SP;Timburi;2022;12980
3554656;SP;Torre de Pedra;2022;6600
3554706;SP;Torrinha;2022;21591
3554755;SP;Trabiju;2022;1859
3554805;SP;Tremembé;2022;8283
3554904;SP;Três Fronteiras;2022;20624
3554953;SP;Tuiuti;2022;10800
3555000;SP;Tupã;2022;50656
3555109;SP;Tupi Paulista;2022;15100
3555208;SP;Turiúba;2022;15940
3555307;SP;Turmalina;2022;11113
3555356;SP;Ubarana;2022;3850
3555406;SP;Ubatuba;2022;108
3555505;SP;Ubirajara;2022;16782
3555604;SP;Uchoa;2022;9780
3555703;SP;União Paulista;2022;3320
3555802;SP;Urânia;2022;22990
3555901;SP;Uru;2022;10183
3556008;SP;Urupês;2022;9520
3556107;SP;Valentim Gentil;2022;13241
3556206;SP;Valinhos;2022;2500
3556305;SP;Valparaíso;2022;25604
3556354;SP;Vargem;2022;8100
3556404;SP;Vargem Grande do Sul;2022;20600
3556503;SP;Várzea Paulista;2022;102
3556602;SP;Vera Cruz;2022;22495
3556701;SP;Vinhedo;2022;2688
3556800;SP;Viradouro;2022;1420
3556909;SP;Vista Alegre do Alto;2022;848
3556958;SP;Vitória Brasil;2022;4010
3557006;SP;Votorantim;2022;1510
3557105;SP;Votuporanga;2022;49000
3557154;SP;Zacarias;2022;12435
3557204;SP;Chavantes;2022;1804
3557303;SP;Estiva Gerbi;2022;2530
4100103;PR;Abatiá;2022;11911
4100202;PR;Adrianópolis;2022;10893
4100301;PR;Agudos do Sul;2022;1829
4100400;PR;Almirante Tamandaré;2022;501
4100459;PR;Altamira do Paraná;2022;58086
4100509;PR;Altônia;2022;57078
4100608;PR;Alto Paraná;2022;38306
4100707;PR;Alto Piquiri;2022;7175
4100806;PR;Alvorada do Sul;2022;4536
4100905;PR;Amaporã;2022;32101
4101002;PR;Ampére;2022;26515
4101051;PR;Anahy;2022;4101
4101101;PR;Andirá;2022;1668
4101150;PR;Ângulo;2022;9045
4101200;PR;Antonina;2022;232
4101309;PR;Antônio Olinto;2022;3500
4101408;PR;Apucarana;2022;14658
4101507;PR;Arapongas;2022;4367
4101606;PR;Arapoti;2022;40513
4101655;PR;Arapuã;2022;16631
4101705;PR;Araruna;2022;15024
4101804;PR;Araucária;2022;4216
4101853;PR;Ariranha do Ivaí;2022;8090
4101903;PR;Assaí;2022;8891
4102000;PR;Assis Chateaubriand;2022;6593
4102109;PR;Astorga;2022;25657
4102208;PR;Atalaia;2022;6902
4102307;PR;Balsa Nova;2022;6574
4102406;PR;Bandeirantes;2022;10502
4102505;PR;Barbosa Ferraz;2022;37902
4102604;PR;Barracão;2022;13034
4102703;PR;Barra do Jacaré;2022;3539
4102752;PR;Bela Vista da Caroba;2022;10587
4102802;PR;Bela Vista do Paraíso;2022;4450
4102901;PR;Bituruna;2022;18000
4103008;PR;Boa Esperança;2022;2600
4103024;PR;Boa Esperança do Iguaçu;2022;10938
4103040;PR;Boa Ventura de São Roque;2022;23800
4103057;PR;Boa Vista da Aparecida;2022;22182
4103107;PR;Bocaiúva do Sul;2022;3334
4103156;PR;Bom Jesus do Sul;2022;15630
4103206;PR;Bom Sucesso;2022;15446
4103222;PR;Bom Sucesso do Sul;2022;2268
4103305;PR;Borrazópolis;2022;14594
4103354;PR;Braganey;2022;16540
4103370;PR;Brasilândia do Sul;2022;3051
4103404;PR;Cafeara;2022;11934
4103453;PR;Cafelândia;2022;3565
4103479;PR;Cafezal do Sul;2022;26544
4103503;PR;Califórnia;2022;5569
4103602;PR;Cambará;2022;3769
4103701;PR;Cambé;2022;2206
4103800;PR;Cambira;2022;7340
4103909;PR;Campina da Lagoa;2022;53460
4103958;PR;Campina do Simão;2022;10330
4104006;PR;Campina Grande do Sul;2022;2620
4104055;PR;Campo Bonito;2022;22191
4104105;PR;Campo do Tenente;2022;3328
4104204;PR;Campo Largo;2022;8706
4104253;PR;Campo Magro;2022;2226
4104303;PR;Campo Mourão;2022;11335
4104402;PR;Cândido de Abreu;2022;90200
4104428;PR;Candói;2022;78610
4104451;PR;Cantagalo;2022;32800
4104501;PR;Capanema;2022;20755
4104600;PR;Capitão Leônidas Marques;2022;18457
4104659;PR;Carambeí;2022;45339
4104709;PR;Carlópolis;2022;26011
4104808;PR;Cascavel;2022;60882
4104907;PR;Castro;2022;113420
4105003;PR;Catanduvas;2022;31850
4105102;PR;Centenário do Sul;2022;13311
4105201;PR;Cerro Azul;2022;25328
4105300;PR;Céu Azul;2022;15352
4105409;PR;Chopinzinho;2022;42252
4105508;PR;Cianorte;2022;52467
4105607;PR;Cidade Gaúcha;2022;29277
4105706;PR;Clevelândia;2022;11882
4105805;PR;Colombo;2022;572
4105904;PR;Colorado;2022;22000
4106001;PR;Congonhinhas;2022;23650
4106100;PR;Conselheiro Mairinck;2022;16304
4106209;PR;Contenda;2022;1741
4106308;PR;Corbélia;2022;9203
4106407;PR;Cornélio Procópio;2022;20806
4106456;PR;Coronel Domingos Soares;2022;45586
4106506;PR;Coronel Vivida;2022;29081
4106555;PR;Corumbataí do Sul;2022;13906
4106571;PR;Cruzeiro do Iguaçu;2022;10062
4106605;PR;Cruzeiro do Oeste;2022;53643
4106704;PR;Cruzeiro do Sul;2022;11213
4106803;PR;Cruz Machado;2022;11500
4106852;PR;Cruzmaltina;2022;10668
4106902;PR;Curitiba;2022;1214
4107009;PR;Curiúva;2022;30634
4107108;PR;Diamante do Norte;2022;19950
4107124;PR;Diamante do Sul;2022;35600
4107157;PR;Diamante D'Oeste;2022;29932
4107207;PR;Dois Vizinhos;2022;26141
4107256;PR;Douradina;2022;45708
4107306;PR;Doutor Camargo;2022;1508
4107405;PR;Enéas Marques;2022;20377
4107504;PR;Engenheiro Beltrão;2022;5633
4107520;PR;Esperança Nova;2022;27185
4107538;PR;Entre Rios do Oeste;2022;5088
4107546;PR;Espigão Alto do Iguaçu;2022;21600
4107553;PR;Farol;2022;6371
4107603;PR;Faxinal;2022;31014
4107652;PR;Fazenda Rio Grande;2022;627
4107702;PR;Fênix;2022;3088
4107736;PR;Fernandes Pinheiro;2022;4120
4107751;PR;Figueira;2022;6376
4107801;PR;Floraí;2022;3141
4107850;PR;Flor da Serra do Sul;2022;12791
4107900;PR;Floresta;2022;739
4108007;PR;Florestópolis;2022;2353
4108106;PR;Flórida;2022;7082
4108205;PR;Formosa do Oeste;2022;10409
4108304;PR;Foz do Iguaçu;2022;2756
4108320;PR;Francisco Alves;2022;15193
4108403;PR;Francisco Beltrão;2022;39568
4108452;PR;Foz do Jordão;2022;5710
4108502;PR;General Carneiro;2022;11800
4108551;PR;Godoy Moreira;2022;10282
4108601;PR;Goioerê;2022;11104
4108650;PR;Goioxim;2022;35290
4108700;PR;Grandes Rios;2022;30708
4108809;PR;Guaíra;2022;3495
4108908;PR;Guairaçá;2022;40700
4108957;PR;Guamiranga;2022;6230
4109005;PR;Guapirama;2022;20010
4109104;PR;Guaporema;2022;9996
4109203;PR;Guaraci;2022;24173
4109302;PR;Guaraniaçu;2022;121600
4109401;PR;Guarapuava;2022;50980
4109500;PR;Guaraqueçaba;2022;271
4109609;PR;Guaratuba;2022;1827
4109658;PR;Honório Serpa;2022;23515
4109708;PR;Ibaiti;2022;69139
4109757;PR;Ibema;2022;8501
4109807;PR;Ibiporã;2022;5600
4109906;PR;Icaraíma;2022;75044
4110003;PR;Iguaraçu;2022;6013
4110052;PR;Iguatu;2022;6880
4110078;PR;Imbaú;2022;3055
4110102;PR;Imbituva;2022;7940
4110201;PR;Inácio Martins;2022;7920
4110300;PR;Inajá;2022;7686
4110409;PR;Indianópolis;2022;10392
4110508;PR;Ipiranga;2022;8170
4110607;PR;Iporã;2022;42016
4110656;PR;Iracema do Oeste;2022;1157
4110706;PR;Irati;2022;9730
4110805;PR;Iretama;2022;40617
4110904;PR;Itaguajé;2022;12717
4110953;PR;Itaipulândia;2022;5070
4111001;PR;Itambaracá;2022;1999
4111100;PR;Itambé;2022;1991
4111209;PR;Itapejara d'Oeste;2022;7388
4111258;PR;Itaperuçu;2022;4000
4111308;PR;Itaúna do Sul;2022;13849
4111407;PR;Ivaí;2022;14940
4111506;PR;Ivaiporã;2022;17480
4111555;PR;Ivaté;2022;22476
4111605;PR;Ivatuba;2022;80
4111704;PR;Jaboti;2022;11578
4111803;PR;Jacarezinho;2022;34671
4111902;PR;Jaguapitã;2022;28991
4112009;PR;Jaguariaíva;2022;29426
4112108;PR;Jandaia do Sul;2022;9616
4112207;PR;Janiópolis;2022;14386
4112306;PR;Japira;2022;13579
4112405;PR;Japurá;2022;3446
4112504;PR;Jardim Alegre;2022;24069
4112603;PR;Jardim Olinda;2022;5538
4112702;PR;Jataizinho;2022;8198
4112751;PR;Jesuítas;2022;8568
4112801;PR;Joaquim Távora;2022;33482
4112900;PR;Jundiaí do Sul;2022;29116
4112959;PR;Juranda;2022;2383
4113007;PR;Jussara;2022;759
4113106;PR;Kaloré;2022;6294
4113205;PR;Lapa;2022;34052
4113254;PR;Laranjal;2022;73100
4113304;PR;Laranjeiras do Sul;2022;48900
4113403;PR;Leópolis;2022;16006
4113429;PR;Lidianópolis;2022;8523
4113452;PR;Lindoeste;2022;26497
4113502;PR;Loanda;2022;80103
4113601;PR;Lobato;2022;8646
4113700;PR;Londrina;2022;44261
4113734;PR;Luiziana;2022;28838
4113759;PR;Lunardelli;2022;9287
4113809;PR;Lupionópolis;2022;6863
4113908;PR;Mallet;2022;4133
4114005;PR;Mamborê;2022;6769
4114104;PR;Mandaguaçu;2022;7049
4114203;PR;Mandaguari;2022;27874
4114302;PR;Mandirituba;2022;2330
4114351;PR;Manfrinópolis;2022;20694
4114401;PR;Mangueirinha;2022;39261
4114500;PR;Manoel Ribas;2022;32619
4114609;PR;Marechal Cândido Rondon;2022;37070
4114708;PR;Maria Helena;2022;55505
4114807;PR;Marialva;2022;10598
4114906;PR;Marilândia do Sul;2022;6596
4115002;PR;Marilena;2022;22856
4115101;PR;Mariluz;2022;13363
4115200;PR;Maringá;2022;4536
4115309;PR;Mariópolis;2022;5629
4115358;PR;Maripá;2022;7019
4115408;PR;Marmeleiro;2022;16003
4115457;PR;Marquinho;2022;55400
4115507;PR;Marumbi;2022;10958
4115606;PR;Matelândia;2022;27158
4115705;PR;Matinhos;2022;15
4115739;PR;Mato Rico;2022;25700
4115754;PR;Mauá da Serra;2022;2538
4115804;PR;Medianeira;2022;25201
4115853;PR;Mercedes;2022;10657
4115903;PR;Mirador;2022;11958
4116000;PR;Miraselva;2022;5229
4116059;PR;Missal;2022;23324
4116109;PR;Moreira Sales;2022;23926
4116208;PR;Morretes;2022;1174
4116307;PR;Munhoz de Melo;2022;10324
4116406;PR;Nossa Senhora das Graças;2022;12080
4116505;PR;Nova Aliança do Ivaí;2022;12558
4116604;PR;Nova América da Colina;2022;4718
4116703;PR;Nova Aurora;2022;11156
4116802;PR;Nova Cantu;2022;32733
4116901;PR;Nova Esperança;2022;32008
4116950;PR;Nova Esperança do Sudoeste;2022;26022
4117008;PR;Nova Fátima;2022;9368
4117057;PR;Nova Laranjeiras;2022;104100
4117107;PR;Nova Londrina;2022;27964
4117206;PR;Nova Olímpia;2022;14627
4117214;PR;Nova Santa Bárbara;2022;529
4117222;PR;Nova Santa Rosa;2022;9735
4117255;PR;Nova Prata do Iguaçu;2022;22104
4117271;PR;Nova Tebas;2022;49135
4117297;PR;Novo Itacolomi;2022;14144
4117305;PR;Ortigueira;2022;129966
4117404;PR;Ourizona;2022;600
4117453;PR;Ouro Verde do Oeste;2022;20177
4117503;PR;Paiçandu;2022;1122
4117602;PR;Palmas;2022;26829
4117701;PR;Palmeira;2022;22955
4117800;PR;Palmital;2022;93159
4117909;PR;Palotina;2022;7663
4118006;PR;Paraíso do Norte;2022;5982
4118105;PR;Paranacity;2022;6091
4118204;PR;Paranaguá;2022;519
4118303;PR;Paranapoema;2022;11877
4118402;PR;Paranavaí;2022;120137
4118451;PR;Pato Bragado;2022;6320
4118501;PR;Pato Branco;2022;17580
4118600;PR;Paula Freitas;2022;4810
4118709;PR;Paulo Frontin;2022;3890
4118808;PR;Peabiru;2022;9917
4118857;PR;Perobal;2022;23997
4118907;PR;Pérola;2022;37776
4119004;PR;Pérola d'Oeste;2022;7249
4119103;PR;Piên;2022;1900
4119152;PR;Pinhais;2022;585
4119202;PR;Pinhalão;2022;7123
4119251;PR;Pinhal de São Bento;2022;10898
4119301;PR;Pinhão;2022;64690
4119400;PR;Piraí do Sul;2022;26912
4119509;PR;Piraquara;2022;1789
4119608;PR;Pitanga;2022;73804
4119657;PR;Pitangueiras;2022;1456
4119707;PR;Planaltina do Paraná;2022;38970
4119806;PR;Planalto;2022;28205
4119905;PR;Ponta Grossa;2022;23950
4119954;PR;Pontal do Paraná;2022;21
4120002;PR;Porecatu;2022;2940
4120101;PR;Porto Amazonas;2022;3842
4120150;PR;Porto Barreiro;2022;29700
4120200;PR;Porto Rico;2022;22036
4120309;PR;Porto Vitória;2022;5450
4120333;PR;Prado Ferreira;2022;1813
4120358;PR;Pranchita;2022;5426
4120408;PR;Presidente Castelo Branco;2022;4675
4120507;PR;Primeiro de Maio;2022;4064
4120606;PR;Prudentópolis;2022;72240
4120655;PR;Quarto Centenário;2022;4532
4120705;PR;Quatiguá;2022;14008
4120804;PR;Quatro Barras;2022;507
4120853;PR;Quatro Pontes;2022;8114
4120903;PR;Quedas do Iguaçu;2022;47500
4121000;PR;Querência do Norte;2022;71716
4121109;PR;Quinta do Sol;2022;3914
4121208;PR;Quitandinha;2022;3313
4121257;PR;Ramilândia;2022;23897
4121307;PR;Rancho Alegre;2022;518
4121356;PR;Rancho Alegre D'Oeste;2022;2453
4121406;PR;Realeza;2022;19964
4121505;PR;Rebouças;2022;4145
4121604;PR;Renascença;2022;8605
4121703;PR;Reserva;2022;75729
4121752;PR;Reserva do Iguaçu;2022;27190
4121802;PR;Ribeirão Claro;2022;55761
4121901;PR;Ribeirão do Pinhal;2022;19079
4122008;PR;Rio Azul;2022;5938
4122107;PR;Rio Bom;2022;12146
4122156;PR;Rio Bonito do Iguaçu;2022;43400
4122172;PR;Rio Branco do Ivaí;2022;14331
4122206;PR;Rio Branco do Sul;2022;18350
4122305;PR;Rio Negro;2022;4239
4122404;PR;Rolândia;2022;5169
4122503;PR;Roncador;2022;33745
4122602;PR;Rondon;2022;27028
4122651;PR;Rosário do Ivaí;2022;39790
4122701;PR;Sabáudia;2022;6022
4122800;PR;Salgado Filho;2022;21258
4122909;PR;Salto do Itararé;2022;15232
4123006;PR;Salto do Lontra;2022;21156
4123105;PR;Santa Amélia;2022;1673
4123204;PR;Santa Cecília do Pavão;2022;3431
4123303;PR;Santa Cruz de Monte Castelo;2022;51472
4123402;PR;Santa Fé;2022;18391
4123501;PR;Santa Helena;2022;30052
4123600;PR;Santa Inês;2022;5302
4123709;PR;Santa Isabel do Ivaí;2022;37450
4123808;PR;Santa Izabel do Oeste;2022;20255
4123824;PR;Santa Lúcia;2022;9235
4123857;PR;Santa Maria do Oeste;2022;34240
4123907;PR;Santa Mariana;2022;2640
4123956;PR;Santa Mônica;2022;17310
4124004;PR;Santana do Itararé;2022;14686
4124020;PR;Santa Tereza do Oeste;2022;6653
4124053;PR;Santa Terezinha de Itaipu;2022;4791
4124103;PR;Santo Antônio da Platina;2022;58862
4124202;PR;Santo Antônio do Caiuá;2022;18330
4124301;PR;Santo Antônio do Paraíso;2022;2505
4124400;PR;Santo Antônio do Sudoeste;2022;17271
4124509;PR;Santo Inácio;2022;15407
4124608;PR;São Carlos do Ivaí;2022;2792
4124707;PR;São Jerônimo da Serra;2022;33902
4124806;PR;São João;2022;20331
4124905;PR;São João do Caiuá;2022;32997
4125001;PR;São João do Ivaí;2022;11520
4125100;PR;São João do Triunfo;2022;3592
4125209;PR;São Jorge d'Oeste;2022;32187
4125308;PR;São Jorge do Ivaí;2022;992
4125357;PR;São Jorge do Patrocínio;2022;33388
4125407;PR;São José da Boa Vista;2022;13749
4125456;PR;São José das Palmeiras;2022;23166
4125506;PR;São José dos Pinhais;2022;7585
4125555;PR;São Manoel do Paraná;2022;2551
4125605;PR;São Mateus do Sul;2022;14500
4125704;PR;São Miguel do Iguaçu;2022;16964
4125753;PR;São Pedro do Iguaçu;2022;17322
4125803;PR;São Pedro do Ivaí;2022;7447
4125902;PR;São Pedro do Paraná;2022;27097
4126009;PR;São Sebastião da Amoreira;2022;1723
4126108;PR;São Tomé;2022;6603
4126207;PR;Sapopema;2022;48228
4126256;PR;Sarandi;2022;1039
4126272;PR;Saudade do Iguaçu;2022;15916
4126306;PR;Sengés;2022;23046
4126355;PR;Serranópolis do Iguaçu;2022;5561
4126405;PR;Sertaneja;2022;1592
4126504;PR;Sertanópolis;2022;10735
4126603;PR;Siqueira Campos;2022;37998
4126652;PR;Sulina;2022;15882
4126678;PR;Tamarana;2022;14851
4126702;PR;Tamboara;2022;12823
4126801;PR;Tapejara;2022;36646
4126900;PR;Tapira;2022;47961
4127007;PR;Teixeira Soares;2022;12100
4127106;PR;Telêmaco Borba;2022;1103
4127205;PR;Terra Boa;2022;6478
4127304;PR;Terra Rica;2022;66621
4127403;PR;Terra Roxa;2022;15285
4127502;PR;Tibagi;2022;30596
4127601;PR;Tijucas do Sul;2022;4954
4127700;PR;Toledo;2022;39857
4127809;PR;Tomazina;2022;45712
4127858;PR;Três Barras do Paraná;2022;41888
4127882;PR;Tunas do Paraná;2022;871
4127908;PR;Tuneiras do Oeste;2022;31432
4127957;PR;Tupãssi;2022;2613
4127965;PR;Turvo;2022;38150
4128005;PR;Ubiratã;2022;11667
4128104;PR;Umuarama;2022;125077
4128203;PR;União da Vitória;2022;6500
4128302;PR;Uniflor;2022;5856
4128401;PR;Uraí;2022;5289
4128500;PR;Wenceslau Braz;2022;16972
4128534;PR;Ventania;2022;8517
4128559;PR;Vera Cruz do Oeste;2022;19458
4128609;PR;Verê;2022;14745
4128625;PR;Alto Paraíso;2022;86005
4128633;PR;Doutor Ulysses;2022;9470
4128658;PR;Virmond;2022;11300
4128708;PR;Vitorino;2022;8763
4128807;PR;Xambrê;2022;43302
4200051;SC;Abdon Batista;2022;14696
4200101;SC;Abelardo Luz;2022;34534
4200200;SC;Agrolândia;2022;10000
4200309;SC;Agronômica;2022;5016
4200408;SC;Água Doce;2022;64100
4200507;SC;Águas de Chapecó;2022;14564
4200556;SC;Águas Frias;2022;11048
4200606;SC;Águas Mornas;2022;7445
4200705;SC;Alfredo Wagner;2022;29373
4200754;SC;Alto Bela Vista;2022;10415
4200804;SC;Anchieta;2022;35631
4200903;SC;Angelina;2022;15542
4201000;SC;Anita Garibaldi;2022;36000
4201109;SC;Anitápolis;2022;10556
4201208;SC;Antônio Carlos;2022;7352
4201257;SC;Apiúna;2022;7415
4201273;SC;Arabutã;2022;14080
4201307;SC;Araquari;2022;11231
4201406;SC;Araranguá;2022;18160
4201505;SC;Armazém;2022;22913
4201604;SC;Arroio Trinta;2022;6183
4201653;SC;Arvoredo;2022;10288
4201703;SC;Ascurra;2022;1869
4201802;SC;Atalanta;2022;4050
4201901;SC;Aurora;2022;8200
4201950;SC;Balneário Arroio do Silva;2022;1278
4202008;SC;Balneário Camboriú;2022;194
4202057;SC;Balneário Barra do Sul;2022;581
4202073;SC;Balneário Gaivota;2022;6176
4202081;SC;Bandeirante;2022;18602
4202099;SC;Barra Bonita;2022;13097
4202107;SC;Barra Velha;2022;4462
4202131;SC;Bela Vista do Toldo;2022;12668
4202156;SC;Belmonte;2022;9856
4202206;SC;Benedito Novo;2022;8326
4202305;SC;Biguaçu;2022;16861
4202404;SC;Blumenau;2022;7629
4202438;SC;Bocaina do Sul;2022;18350
4202453;SC;Bombinhas;2022;152
4202503;SC;Bom Jardim da Serra;2022;36000
4202537;SC;Bom Jesus;2022;2471
4202578;SC;Bom Jesus do Oeste;2022;6420
4202602;SC;Bom Retiro;2022;29900
4202701;SC;Botuverá;2022;2133
4202800;SC;Braço do Norte;2022;49205
4202859;SC;Braço do Trombudo;2022;9200
4202875;SC;Brunópolis;2022;15621
4202909;SC;Brusque;2022;4100
4203006;SC;Caçador;2022;15744
4203105;SC;Caibi;2022;22720
4203154;SC;Calmon;2022;10200
4203204;SC;Camboriú;2022;5254
4203253;SC;Capão Alto;2022;31200
4203303;SC;Campo Alegre;2022;14153
4203402;SC;Campo Belo do Sul;2022;29500
4203501;SC;Campo Erê;2022;27529
4203600;SC;Campos Novos;2022;60670
4203709;SC;Canelinha;2022;7128
4203808;SC;Canoinhas;2022;26053
4203907;SC;Capinzal;2022;15660
4203956;SC;Capivari de Baixo;2022;2896
4204004;SC;Catanduvas;2022;6278
4204103;SC;Caxambu do Sul;2022;9590
4204152;SC;Celso Ramos;2022;13035
4204178;SC;Cerro Negro;2022;19000
4204194;SC;Chapadão do Lageado;2022;5200
4204202;SC;Chapecó;2022;33808
4204251;SC;Cocal do Sul;2022;4945
4204301;SC;Concórdia;2022;70482
4204350;SC;Cordilheira Alta;2022;9032
4204400;SC;Coronel Freitas;2022;35607
4204459;SC;Coronel Martins;2022;9035
4204509;SC;Corupá;2022;2529
4204558;SC;Correia Pinto;2022;28500
4204608;SC;Criciúma;2022;8781
4204707;SC;Cunha Porã;2022;22940
4204756;SC;Cunhataí;2022;8511
4204806;SC;Curitibanos;2022;39091
4204905;SC;Descanso;2022;36034
4205001;SC;Dionísio Cerqueira;2022;32172
4205100;SC;Dona Emma;2022;9100
4205159;SC;Doutor Pedrinho;2022;2703
4205175;SC;Entre Rios;2022;5639
4205191;SC;Ermo;2022;2529
4205209;SC;Erval Velho;2022;19234
4205308;SC;Faxinal dos Guedes;2022;13100
4205357;SC;Flor do Sertão;2022;5418
4205407;SC;Florianópolis;2022;6781
4205431;SC;Formosa do Sul;2022;13670
4205456;SC;Forquilhinha;2022;6985
4205506;SC;Fraiburgo;2022;16900
4205555;SC;Frei Rogério;2022;6755
4205605;SC;Galvão;2022;10048
4205704;SC;Garopaba;2022;4701
4205803;SC;Garuva;2022;4329
4205902;SC;Gaspar;2022;12846
4206009;SC;Governador Celso Ramos;2022;7000
4206108;SC;Grão-Pará;2022;28235
4206207;SC;Gravatal;2022;27410
4206306;SC;Guabiruba;2022;3200
4206405;SC;Guaraciaba;2022;39399
4206504;SC;Guaramirim;2022;8259
4206603;SC;Guarujá do Sul;2022;10881
4206652;SC;Guatambú;2022;12151
4206702;SC;Herval d'Oeste;2022;15893
4206751;SC;Ibiam;2022;8870
4206801;SC;Ibicaré;2022;12505
4206900;SC;Ibirama;2022;4900
4207007;SC;Içara;2022;17561
4207106;SC;Ilhota;2022;13766
4207205;SC;Imaruí;2022;25885
4207304;SC;Imbituba;2022;5292
4207403;SC;Imbuia;2022;7060
4207502;SC;Indaial;2022;6908
4207577;SC;Iomerê;2022;11436
4207601;SC;Ipira;2022;15040
4207650;SC;Iporã do Oeste;2022;26634
4207684;SC;Ipuaçu;2022;9124
4207700;SC;Ipumirim;2022;19200
4207759;SC;Iraceminha;2022;19415
4207809;SC;Irani;2022;18200
4207858;SC;Irati;2022;8475
4207908;SC;Irineópolis;2022;12425
4208005;SC;Itá;2022;16400
4208104;SC;Itaiópolis;2022;29399
4208203;SC;Itajaí;2022;12103
4208302;SC;Itapema;2022;1705
4208401;SC;Itapiranga;2022;37045
4208450;SC;Itapoá;2022;776
4208500;SC;Ituporanga;2022;15000
4208609;SC;Jaborá;2022;16090
4208708;SC;Jacinto Machado;2022;11078
4208807;SC;Jaguaruna;2022;18877
4208906;SC;Jaraguá do Sul;2022;11532
4208955;SC;Jardinópolis;2022;7780
4209003;SC;Joaçaba;2022;16145
4209102;SC;Joinville;2022;16571
4209151;SC;José Boiteux;2022;4100
4209177;SC;Jupiá;2022;10304
4209201;SC;Lacerdópolis;2022;8956
4209300;SC;Lages;2022;90500
4209409;SC;Laguna;2022;14258
4209458;SC;Lajeado Grande;2022;6260
4209508;SC;Laurentino;2022;6200
4209607;SC;Lauro Müller;2022;14652
4209706;SC;Lebon Régis;2022;22300
4209805;SC;Leoberto Leal;2022;8700
4209854;SC;Lindóia do Sul;2022;19100
4209904;SC;Lontras;2022;8300
4210001;SC;Luiz Alves;2022;7623
4210035;SC;Luzerna;2022;8492
4210050;SC;Macieira;2022;5591
4210100;SC;Mafra;2022;36696
4210209;SC;Major Gercino;2022;5800
4210308;SC;Major Vieira;2022;14542
4210407;SC;Maracajá;2022;6872
4210506;SC;Maravilha;2022;12200
4210555;SC;Marema;2022;15300
4210605;SC;Massaranduba;2022;7211
4210704;SC;Matos Costa;2022;6573
4210803;SC;Meleiro;2022;4885
4210852;SC;Mirim Doce;2022;10145
4210902;SC;Modelo;2022;12960
4211009;SC;Mondaí;2022;22950
4211058;SC;Monte Carlo;2022;5294
4211108;SC;Monte Castelo;2022;12276
4211207;SC;Morro da Fumaça;2022;8081
4211256;SC;Morro Grande;2022;3266
4211306;SC;Navegantes;2022;8615
4211405;SC;Nova Erechim;2022;9970
4211454;SC;Nova Itaberaba;2022;16500
4211504;SC;Nova Trento;2022;3500
4211603;SC;Nova Veneza;2022;9220
4211652;SC;Novo Horizonte;2022;10647
4211702;SC;Orleans;2022;34846
4211751;SC;Otacílio Costa;2022;16800
4211801;SC;Ouro;2022;24929
4211850;SC;Ouro Verde;2022;6617
4211876;SC;Paial;2022;6400
4211892;SC;Painel;2022;32000
4211900;SC;Palhoça;2022;6405
4212007;SC;Palma Sola;2022;20306
4212056;SC;Palmeira;2022;12000
4212106;SC;Palmitos;2022;52430
4212205;SC;Papanduva;2022;26309
4212239;SC;Paraíso;2022;20773
4212254;SC;Passo de Torres;2022;3989
4212270;SC;Passos Maia;2022;21800
4212304;SC;Paulo Lopes;2022;11271
4212403;SC;Pedras Grandes;2022;9888
4212502;SC;Penha;2022;4501
4212601;SC;Peritiba;2022;9100
4212650;SC;Pescaria Brava;2022;8285
4212700;SC;Petrolândia;2022;17000
4212809;SC;Balneário Piçarras;2022;7671
4212908;SC;Pinhalzinho;2022;14128
4213005;SC;Pinheiro Preto;2022;4709
4213104;SC;Piratuba;2022;15490
4213153;SC;Planalto Alegre;2022;10440
4213203;SC;Pomerode;2022;8902
4213302;SC;Ponte Alta;2022;19722
4213351;SC;Ponte Alta do Norte;2022;4110
4213401;SC;Ponte Serrada;2022;10400
4213500;SC;Porto Belo;2022;3250
4213609;SC;Porto União;2022;18664
4213708;SC;Pouso Redondo;2022;26495
4213807;SC;Praia Grande;2022;7358
4213906;SC;Presidente Castello Branco;2022;7300
4214003;SC;Presidente Getúlio;2022;19200
4214102;SC;Presidente Nereu;2022;5850
4214151;SC;Princesa;2022;11094
4214201;SC;Quilombo;2022;28103
4214300;SC;Rancho Queimado;2022;10788
4214409;SC;Rio das Antas;2022;15750
4214508;SC;Rio do Campo;2022;19123
4214607;SC;Rio do Oeste;2022;19300
4214706;SC;Rio dos Cedros;2022;10139
4214805;SC;Rio do Sul;2022;8950
4214904;SC;Rio Fortuna;2022;28639
4215000;SC;Rio Negrinho;2022;15166
4215059;SC;Rio Rufino;2022;9990
4215075;SC;Riqueza;2022;22520
4215109;SC;Rodeio;2022;3685
4215208;SC;Romelândia;2022;31401
4215307;SC;Salete;2022;13512
4215356;SC;Saltinho;2022;20311
4215406;SC;Salto Veloso;2022;7900
4215455;SC;Sangão;2022;9297
4215505;SC;Santa Cecília;2022;21205
4215554;SC;Santa Helena;2022;10066
4215604;SC;Santa Rosa de Lima;2022;9235
4215653;SC;Santa Rosa do Sul;2022;11859
4215679;SC;Santa Terezinha;2022;14390
4215687;SC;Santa Terezinha do Progresso;2022;17103
4215695;SC;Santiago do Sul;2022;8816
4215703;SC;Santo Amaro da Imperatriz;2022;12510
4215752;SC;São Bernardino;2022;18113
4215802;SC;São Bento do Sul;2022;9894
4215901;SC;São Bonifácio;2022;15244
4216008;SC;São Carlos;2022;30200
4216057;SC;São Cristóvão do Sul;2022;8301
4216107;SC;São Domingos;2022;13973
4216206;SC;São Francisco do Sul;2022;1222
4216255;SC;São João do Oeste;2022;26976
4216305;SC;São João Batista;2022;5500
4216354;SC;São João do Itaperiú;2022;6363
4216404;SC;São João do Sul;2022;13434
4216503;SC;São Joaquim;2022;78500
4216602;SC;São José;2022;3587
4216701;SC;São José do Cedro;2022;36285
4216800;SC;São José do Cerrito;2022;45200
4216909;SC;São Lourenço do Oeste;2022;30115
4217006;SC;São Ludgero;2022;20174
4217105;SC;São Martinho;2022;15993
4217154;SC;São Miguel da Boa Vista;2022;10940
4217204;SC;São Miguel do Oeste;2022;23844
4217253;SC;São Pedro de Alcântara;2022;4640
4217303;SC;Saudades;2022;27100
4217402;SC;Schroeder;2022;1822
4217501;SC;Seara;2022;29900
4217550;SC;Serra Alta;2022;8220
4217600;SC;Siderópolis;2022;7514
4217709;SC;Sombrio;2022;9282
4217758;SC;Sul Brasil;2022;12448
4217808;SC;Taió;2022;38522
4217907;SC;Tangará;2022;15307
4217956;SC;Tigrinhos;2022;6840
4218004;SC;Tijucas;2022;20134
4218103;SC;Timbé do Sul;2022;5346
4218202;SC;Timbó;2022;4946
4218251;SC;Timbó Grande;2022;13412
4218301;SC;Três Barras;2022;3755
4218350;SC;Treviso;2022;4505
4218400;SC;Treze de Maio;2022;12039
4218509;SC;Treze Tílias;2022;20158
4218608;SC;Trombudo Central;2022;5600
4218707;SC;Tubarão;2022;25829
4218756;SC;Tunápolis;2022;21418
4218806;SC;Turvo;2022;6267
4218855;SC;União do Oeste;2022;11714
4218905;SC;Urubici;2022;42000
4218954;SC;Urupema;2022;18500
4219002;SC;Urussanga;2022;13827
4219101;SC;Vargeão;2022;8300
4219150;SC;Vargem;2022;15593
4219176;SC;Vargem Bonita;2022;10639
4219200;SC;Vidal Ramos;2022;8750
4219309;SC;Videira;2022;31103
4219358;SC;Vitor Meireles;2022;8000
4219408;SC;Witmarsum;2022;11300
4219507;SC;Xanxerê;2022;28343
4219606;SC;Xavantina;2022;29740
4219705;SC;Xaxim;2022;24888
4219853;SC;Zortéa;2022;8684
4220000;SC;Balneário Rincão;2022;1250
4300034;RS;Aceguá;2022;102629
4300059;RS;Água Santa;2022;9108
4300109;RS;Agudo;2022;15195
4300208;RS;Ajuricaba;2022;12440
4300307;RS;Alecrim;2022;27694
4300406;RS;Alegrete;2022;572008
4300455;RS;Alegria;2022;7531
4300471;RS;Almirante Tamandaré do Sul;2022;5417
4300505;RS;Alpestre;2022;24663
4300554;RS;Alto Alegre;2022;4517
4300570;RS;Alto Feliz;2022;2379
4300604;RS;Alvorada;2022;1606
4300638;RS;Amaral Ferrador;2022;18464
4300646;RS;Ametista do Sul;2022;4688
4300661;RS;André da Rocha;2022;10870
4300703;RS;Anta Gorda;2022;10116
4300802;RS;Antônio Prado;2022;12354
4300851;RS;Arambaré;2022;10928
4300877;RS;Araricá;2022;1508
4300901;RS;Aratiba;2022;24546
4301008;RS;Arroio do Meio;2022;11500
4301057;RS;Arroio do Sal;2022;2902
4301073;RS;Arroio do Padre;2022;3457
4301107;RS;Arroio dos Ratos;2022;12142
4301206;RS;Arroio do Tigre;2022;9593
4301305;RS;Arroio Grande;2022;106359
4301404;RS;Arvorezinha;2022;2777
4301503;RS;Augusto Pestana;2022;21760
4301552;RS;Áurea;2022;3034
4301602;RS;Bagé;2022;248548
4301636;RS;Balneário Pinhal;2022;890
4301651;RS;Barão;2022;4552
4301701;RS;Barão de Cotegipe;2022;12149
4301750;RS;Barão do Triunfo;2022;5950
4301800;RS;Barracão;2022;23552
4301859;RS;Barra do Guarita;2022;2722
4301875;RS;Barra do Quaraí;2022;53830
4301909;RS;Barra do Ribeiro;2022;24387
4301925;RS;Barra do Rio Azul;2022;13736
4301958;RS;Barra Funda;2022;2178
4302006;RS;Barros Cassal;2022;21994
4302055;RS;Benjamin Constant do Sul;2022;4375
4302105;RS;Bento Gonçalves;2022;2073
4302154;RS;Boa Vista das Missões;2022;2752
4302204;RS;Boa Vista do Buricá;2022;10134
4302220;RS;Boa Vista do Cadeado;2022;11205
4302238;RS;Boa Vista do Incra;2022;8150
4302253;RS;Boa Vista do Sul;2022;5138
4302303;RS;Bom Jesus;2022;104563
4302352;RS;Bom Princípio;2022;4712
4302378;RS;Bom Progresso;2022;2257
4302402;RS;Bom Retiro do Sul;2022;9000
4302451;RS;Boqueirão do Leão;2022;6404
4302501;RS;Bossoroca;2022;94296
4302584;RS;Bozano;2022;5600
4302600;RS;Braga;2022;2029
4302659;RS;Brochier;2022;3595
4302709;RS;Butiá;2022;18308
4302808;RS;Caçapava do Sul;2022;169849
4302907;RS;Cacequi;2022;118824
4303004;RS;Cachoeira do Sul;2022;128780
4303103;RS;Cachoeirinha;2022;134
4303202;RS;Cacique Doble;2022;6576
4303301;RS;Caibaté;2022;8780
4303400;RS;Caiçara;2022;15288
4303509;RS;Camaquã;2022;47755
4303558;RS;Camargo;2022;5876
4303608;RS;Cambará do Sul;2022;32282
4303673;RS;Campestre da Serra;2022;9042
4303707;RS;Campina das Missões;2022;19171
4303806;RS;Campinas do Sul;2022;5464
4303905;RS;Campo Bom;2022;1067
4304002;RS;Campo Novo;2022;2346
4304101;RS;Campos Borges;2022;8228
4304200;RS;Candelária;2022;29785
4304309;RS;Cândido Godói;2022;20746
4304358;RS;Candiota;2022;38120
4304408;RS;Canela;2022;920
4304507;RS;Canguçu;2022;116326
4304606;RS;Canoas;2022;645
4304614;RS;Canudos do Vale;2022;4615
4304622;RS;Capão Bonito do Sul;2022;13490
4304630;RS;Capão da Canoa;2022;4268
4304655;RS;Capão do Cipó;2022;41994
4304663;RS;Capão do Leão;2022;31843
4304671;RS;Capivari do Sul;2022;13599
4304689;RS;Capela de Santana;2022;9364
4304697;RS;Capitão;2022;5140
4304705;RS;Carazinho;2022;7490
4304713;RS;Caraá;2022;9524
4304804;RS;Carlos Barbosa;2022;12422
4304853;RS;Carlos Gomes;2022;3377
4304903;RS;Casca;2022;12929
4304952;RS;Caseiros;2022;7325
4305009;RS;Catuípe;2022;18170
4305108;RS;Caxias do Sul;2022;39335
4305116;RS;Centenário;2022;4842
4305124;RS;Cerrito;2022;25706
4305132;RS;Cerro Branco;2022;2841
4305157;RS;Cerro Grande;2022;2690
4305173;RS;Cerro Grande do Sul;2022;2710
4305207;RS;Cerro Largo;2022;10874
4305306;RS;Chapada;2022;22475
4305355;RS;Charqueadas;2022;5656
4305371;RS;Charrua;2022;3612
4305405;RS;Chiapetta;2022;7050
4305439;RS;Chuí;2022;10104
4305447;RS;Chuvisca;2022;5042
4305454;RS;Cidreira;2022;6842
4305504;RS;Ciríaco;2022;6411
4305587;RS;Colinas;2022;4075
4305603;RS;Colorado;2022;4940
4305702;RS;Condor;2022;11063
4305801;RS;Constantina;2022;8219
4305835;RS;Coqueiro Baixo;2022;5410
4305850;RS;Coqueiros do Sul;2022;8204
4305871;RS;Coronel Barros;2022;5450
4305900;RS;Coronel Bicaco;2022;4756
4305934;RS;Coronel Pilar;2022;2409
4305959;RS;Cotiporã;2022;4243
4305975;RS;Coxilha;2022;5344
4306007;RS;Crissiumal;2022;24951
4306056;RS;Cristal;2022;25699
4306072;RS;Cristal do Sul;2022;5205
4306106;RS;Cruz Alta;2022;14510
4306130;RS;Cruzaltense;2022;4828
4306205;RS;Cruzeiro do Sul;2022;9054
4306304;RS;David Canabarro;2022;5054
4306320;RS;Derrubadas;2022;6804
4306353;RS;Dezesseis de Novembro;2022;16987
4306379;RS;Dilermando de Aguiar;2022;42208
4306403;RS;Dois Irmãos;2022;1586
4306429;RS;Dois Irmãos das Missões;2022;4815
4306452;RS;Dois Lajeados;2022;4726
4306502;RS;Dom Feliciano;2022;22590
4306551;RS;Dom Pedro de Alcântara;2022;2856
4306601;RS;Dom Pedrito;2022;333050
4306700;RS;Dona Francisca;2022;4012
4306734;RS;Doutor Maurício Cardoso;2022;6687
4306759;RS;Doutor Ricardo;2022;2059
4306767;RS;Eldorado do Sul;2022;13494
4306809;RS;Encantado;2022;4760
4306908;RS;Encruzilhada do Sul;2022;100406
4306924;RS;Engenho Velho;2022;1517
4306932;RS;Entre-Ijuís;2022;16253
4306957;RS;Entre Rios do Sul;2022;3295
4306973;RS;Erebango;2022;2625
4307005;RS;Erechim;2022;11077
4307054;RS;Ernestina;2022;6072
4307104;RS;Herval;2022;92471
4307203;RS;Erval Grande;2022;16077
4307302;RS;Erval Seco;2022;13025
4307401;RS;Esmeralda;2022;22624
4307450;RS;Esperança do Sul;2022;5907
4307500;RS;Espumoso;2022;21289
4307559;RS;Estação;2022;2266
4307609;RS;Estância Velha;2022;1039
4307708;RS;Esteio;2022;9
4307807;RS;Estrela;2022;15500
4307815;RS;Estrela Velha;2022;6696
4307831;RS;Eugênio de Castro;2022;11403
4307864;RS;Fagundes Varela;2022;6720
4307906;RS;Farroupilha;2022;9304
4308003;RS;Faxinal do Soturno;2022;6377
4308052;RS;Faxinalzinho;2022;7871
4308078;RS;Fazenda Vilanova;2022;6736
4308102;RS;Feliz;2022;3079
4308201;RS;Flores da Cunha;2022;2979
4308250;RS;Floriano Peixoto;2022;2864
4308300;RS;Fontoura Xavier;2022;11467
4308409;RS;Formigueiro;2022;33666
4308433;RS;Forquetinha;2022;5625
4308458;RS;Fortaleza dos Valos;2022;10704
4308508;RS;Frederico Westphalen;2022;17332
4308607;RS;Garibaldi;2022;2840
4308656;RS;Garruchos;2022;53668
4308706;RS;Gaurama;2022;5224
4308805;RS;General Câmara;2022;20073
4308854;RS;Gentil;2022;5977
4308904;RS;Getúlio Vargas;2022;5277
4309001;RS;Giruá;2022;15158
4309050;RS;Glorinha;2022;24773
4309100;RS;Gramado;2022;2653
4309126;RS;Gramado dos Loureiros;2022;2804
4309159;RS;Gramado Xavier;2022;3787
4309209;RS;Gravataí;2022;18650
4309258;RS;Guabiju;2022;6476
4309308;RS;Guaíba;2022;14370
4309407;RS;Guaporé;2022;7987
4309506;RS;Guarani das Missões;2022;11743
4309555;RS;Harmonia;2022;3814
4309571;RS;Herveiras;2022;2818
4309605;RS;Horizontina;2022;9917
4309654;RS;Hulha Negra;2022;43726
4309704;RS;Humaitá;2022;7863
4309753;RS;Ibarama;2022;2896
4309803;RS;Ibiaçá;2022;8411
4309902;RS;Ibiraiaras;2022;10775
4309951;RS;Ibirapuitã;2022;10916
4310009;RS;Ibirubá;2022;19925
4310108;RS;Igrejinha;2022;4068
4310207;RS;Ijuí;2022;21800
4310306;RS;Ilópolis;2022;2148
4310330;RS;Imbé;2022;763
4310363;RS;Imigrante;2022;4170
4310405;RS;Independência;2022;7966
4310413;RS;Inhacorá;2022;2680
4310439;RS;Ipê;2022;25069
4310462;RS;Ipiranga do Sul;2022;2640
4310504;RS;Iraí;2022;13281
4310538;RS;Itaara;2022;3630
4310553;RS;Itacurubi;2022;83564
4310579;RS;Itapuca;2022;3168
4310603;RS;Itaqui;2022;165741
4310652;RS;Itati;2022;3632
4310702;RS;Itatiba do Sul;2022;10838
4310751;RS;Ivorá;2022;5048
4310801;RS;Ivoti;2022;1974
4310850;RS;Jaboticaba;2022;5478
4310876;RS;Jacuizinho;2022;9843
4310900;RS;Jacutinga;2022;3557
4311007;RS;Jaguarão;2022;95723
4311106;RS;Jaguari;2022;50111
4311122;RS;Jaquirana;2022;38159
4311130;RS;Jari;2022;42922
4311155;RS;Jóia;2022;47480
4311205;RS;Júlio de Castilhos;2022;56352
4311239;RS;Lagoa Bonita do Sul;2022;1603
4311254;RS;Lagoão;2022;12711
4311270;RS;Lagoa dos Três Cantos;2022;3007
4311304;RS;Lagoa Vermelha;2022;30276
4311403;RS;Lajeado;2022;2293
4311429;RS;Lajeado do Bugre;2022;2200
4311502;RS;Lavras do Sul;2022;190889
4311601;RS;Liberato Salzano;2022;6750
4311627;RS;Lindolfo Collor;2022;770
4311643;RS;Linha Nova;2022;1268
4311700;RS;Machadinho;2022;18822
4311718;RS;Maçambará;2022;87328
4311734;RS;Mampituba;2022;2946
4311759;RS;Manoel Viana;2022;78638
4311775;RS;Maquiné;2022;8580
4311791;RS;Maratá;2022;2762
4311809;RS;Marau;2022;19277
4311908;RS;Marcelino Ramos;2022;9855
4311981;RS;Mariana Pimentel;2022;7066
4312005;RS;Mariano Moro;2022;7343
4312054;RS;Marques de Souza;2022;7665
4312104;RS;Mata;2022;19006
4312138;RS;Mato Castelhano;2022;4388
4312153;RS;Mato Leitão;2022;3921
4312179;RS;Mato Queimado;2022;5962
4312203;RS;Maximiliano de Almeida;2022;8141
4312252;RS;Minas do Leão;2022;17860
4312302;RS;Miraguaí;2022;8400
4312351;RS;Montauri;2022;4344
4312377;RS;Monte Alegre dos Campos;2022;20050
4312385;RS;Monte Belo do Sul;2022;806
4312401;RS;Montenegro;2022;15158
4312427;RS;Mormaço;2022;2346
4312443;RS;Morrinhos do Sul;2022;4974
4312450;RS;Morro Redondo;2022;13167
4312476;RS;Morro Reuter;2022;1745
4312500;RS;Mostardas;2022;54578
4312609;RS;Muçum;2022;1574
4312617;RS;Muitos Capões;2022;27241
4312625;RS;Muliterno;2022;3622
4312658;RS;Não-Me-Toque;2022;4667
4312674;RS;Nicolau Vergueiro;2022;5374
4312708;RS;Nonoai;2022;6602
4312757;RS;Nova Alvorada;2022;6091
4312807;RS;Nova Araçá;2022;6271
4312906;RS;Nova Bassano;2022;14539
4312955;RS;Nova Boa Vista;2022;4491
4313003;RS;Nova Bréscia;2022;4496
4313011;RS;Nova Candelária;2022;10418
4313037;RS;Nova Esperança do Sul;2022;16847
4313060;RS;Nova Hartz;2022;1114
4313086;RS;Nova Pádua;2022;1783
4313102;RS;Nova Palma;2022;16197
4313201;RS;Nova Petrópolis;2022;6773
4313300;RS;Nova Prata;2022;8700
4313334;RS;Nova Ramada;2022;6720
4313359;RS;Nova Roma do Sul;2022;7429
4313375;RS;Nova Santa Rita;2022;10022
4313391;RS;Novo Cabrais;2022;5163
4313409;RS;Novo Hamburgo;2022;7985
4313425;RS;Novo Machado;2022;5906
4313441;RS;Novo Tiradentes;2022;3530
4313466;RS;Novo Xingu;2022;3439
4313490;RS;Novo Barreiro;2022;3800
4313508;RS;Osório;2022;19451
4313607;RS;Paim Filho;2022;8837
4313656;RS;Palmares do Sul;2022;30725
4313706;RS;Palmeira das Missões;2022;17000
4313805;RS;Palmitinho;2022;12147
4313904;RS;Panambi;2022;14022
4313953;RS;Pantano Grande;2022;28943
4314001;RS;Paraí;2022;7462
4314027;RS;Paraíso do Sul;2022;8741
4314035;RS;Pareci Novo;2022;1975
4314050;RS;Parobé;2022;7075
4314068;RS;Passa Sete;2022;5113
4314076;RS;Passo do Sobrado;2022;17600
4314100;RS;Passo Fundo;2022;9645
4314134;RS;Paulo Bento;2022;4157
4314159;RS;Paverama;2022;7100
4314175;RS;Pedras Altas;2022;68447
4314209;RS;Pedro Osório;2022;33847
4314308;RS;Pejuçara;2022;8193
4314407;RS;Pelotas;2022;46855
4314423;RS;Picada Café;2022;1967
4314456;RS;Pinhal;2022;6300
4314464;RS;Pinhal da Serra;2022;17692
4314472;RS;Pinhal Grande;2022;15262
4314498;RS;Pinheirinho do Vale;2022;8749
4314506;RS;Pinheiro Machado;2022;125422
4314548;RS;Pinto Bandeira;2022;1149
4314555;RS;Pirapó;2022;21192
4314605;RS;Piratini;2022;133289
4314704;RS;Planalto;2022;10607
4314753;RS;Poço das Antas;2022;1892
4314779;RS;Pontão;2022;7015
4314787;RS;Ponte Preta;2022;4259
4314803;RS;Portão;2022;8914
4314902;RS;Porto Alegre;2022;5809
4315008;RS;Porto Lucena;2022;20910
4315057;RS;Porto Mauá;2022;6125
4315073;RS;Porto Vera Cruz;2022;10100
4315107;RS;Porto Xavier;2022;22656
4315131;RS;Pouso Novo;2022;3947
4315149;RS;Presidente Lucena;2022;2295
4315156;RS;Progresso;2022;8531
4315172;RS;Protásio Alves;2022;6540
4315206;RS;Putinga;2022;6518
4315305;RS;Quaraí;2022;255644
4315313;RS;Quatro Irmãos;2022;3491
4315321;RS;Quevedos;2022;24980
4315354;RS;Quinze de Novembro;2022;10638
4315404;RS;Redentora;2022;6400
4315453;RS;Relvado;2022;5172
4315503;RS;Restinga Sêca;2022;39412
4315552;RS;Rio dos Índios;2022;10790
4315602;RS;Rio Grande;2022;177292
4315701;RS;Rio Pardo;2022;84934
4315750;RS;Riozinho;2022;1946
4315800;RS;Roca Sales;2022;6595
4315909;RS;Rodeio Bonito;2022;5728
4315958;RS;Rolador;2022;10074
4316006;RS;Rolante;2022;11446
4316105;RS;Ronda Alta;2022;7467
4316204;RS;Rondinha;2022;12298
4316303;RS;Roque Gonzales;2022;29649
4316402;RS;Rosário do Sul;2022;304349
4316428;RS;Sagrada Família;2022;2175
4316436;RS;Saldanha Marinho;2022;6376
4316451;RS;Salto do Jacuí;2022;5147
4316477;RS;Salvador das Missões;2022;7892
4316501;RS;Salvador do Sul;2022;6841
4316600;RS;Sananduva;2022;15083
4316709;RS;Santa Bárbara do Sul;2022;12028
4316733;RS;Santa Cecília do Sul;2022;4192
4316758;RS;Santa Clara do Sul;2022;4827
4316808;RS;Santa Cruz do Sul;2022;25157
4316907;RS;Santa Maria;2022;89660
4316956;RS;Santa Maria do Herval;2022;3419
4316972;RS;Santa Margarida do Sul;2022;43988
4317004;RS;Santana da Boa Vista;2022;68219
4317103;RS;Sant'Ana do Livramento;2022;531504
4317202;RS;Santa Rosa;2022;19600
4317251;RS;Santa Tereza;2022;865
4317301;RS;Santa Vitória do Palmar;2022;173126
4317400;RS;Santiago;2022;171673
4317509;RS;Santo Ângelo;2022;20351
4317558;RS;Santo Antônio do Palma;2022;3782
4317608;RS;Santo Antônio da Patrulha;2022;59076
4317707;RS;Santo Antônio das Missões;2022;108455
4317756;RS;Santo Antônio do Planalto;2022;3215
4317806;RS;Santo Augusto;2022;7550
4317905;RS;Santo Cristo;2022;43596
4317954;RS;Santo Expedito do Sul;2022;6074
4318002;RS;São Borja;2022;130742
4318051;RS;São Domingos do Sul;2022;3737
4318101;RS;São Francisco de Assis;2022;166749
4318200;RS;São Francisco de Paula;2022;130946
4318309;RS;São Gabriel;2022;272543
4318408;RS;São Jerônimo;2022;28431
4318424;RS;São João da Urtiga;2022;8152
4318432;RS;São João do Polêsine;2022;3965
4318440;RS;São Jorge;2022;7888
4318457;RS;São José das Missões;2022;2420
4318465;RS;São José do Herval;2022;2510
4318481;RS;São José do Hortêncio;2022;2868
4318499;RS;São José do Inhacorá;2022;5361
4318507;RS;São José do Norte;2022;48982
4318606;RS;São José do Ouro;2022;15905
4318614;RS;São José do Sul;2022;2995
4318622;RS;São José dos Ausentes;2022;57877
4318705;RS;São Leopoldo;2022;1356
4318804;RS;São Lourenço do Sul;2022;92467
4318903;RS;São Luiz Gonzaga;2022;46748
4319000;RS;São Marcos;2022;7640
4319109;RS;São Martinho;2022;7395
4319125;RS;São Martinho da Serra;2022;27101
4319158;RS;São Miguel das Missões;2022;41544
4319208;RS;São Nicolau;2022;23834
4319307;RS;São Paulo das Missões;2022;21943
4319356;RS;São Pedro da Serra;2022;2770
4319364;RS;São Pedro das Missões;2022;1878
4319372;RS;São Pedro do Butiá;2022;7902
4319406;RS;São Pedro do Sul;2022;57996
4319505;RS;São Sebastião do Caí;2022;5076
4319604;RS;São Sepé;2022;100987
4319703;RS;São Valentim;2022;6593
4319711;RS;São Valentim do Sul;2022;2489
4319737;RS;São Valério do Sul;2022;2050
4319752;RS;São Vendelino;2022;993
4319802;RS;São Vicente do Sul;2022;69251
4319901;RS;Sapiranga;2022;3389
4320008;RS;Sapucaia do Sul;2022;222
4320107;RS;Sarandi;2022;9068
4320206;RS;Seberi;2022;13090
4320230;RS;Sede Nova;2022;6419
4320263;RS;Segredo;2022;5887
4320305;RS;Selbach;2022;8073
4320321;RS;Senador Salgado Filho;2022;6434
4320354;RS;Sentinela do Sul;2022;8773
4320404;RS;Serafina Corrêa;2022;7876
4320453;RS;Sério;2022;3272
4320503;RS;Sertão;2022;8086
4320552;RS;Sertão Santana;2022;4159
4320578;RS;Sete de Setembro;2022;4997
4320602;RS;Severiano de Almeida;2022;9593
4320651;RS;Silveira Martins;2022;3595
4320677;RS;Sinimbu;2022;8154
4320701;RS;Sobradinho;2022;3909
4320800;RS;Soledade;2022;46271
4320859;RS;Tabaí;2022;3548
4320909;RS;Tapejara;2022;6291
4321006;RS;Tapera;2022;4244
4321105;RS;Tapes;2022;17291
4321204;RS;Taquara;2022;21313
4321303;RS;Taquari;2022;13200
4321329;RS;Taquaruçu do Sul;2022;6617
4321352;RS;Tavares;2022;28093
4321402;RS;Tenente Portela;2022;12159
4321436;RS;Terra de Areia;2022;8053
4321451;RS;Teutônia;2022;15762
4321469;RS;Tio Hugo;2022;2664
4321477;RS;Tiradentes do Sul;2022;12979
4321493;RS;Toropi;2022;13248
4321501;RS;Torres;2022;5727
4321600;RS;Tramandaí;2022;3751
4321626;RS;Travesseiro;2022;5129
4321634;RS;Três Arroios;2022;5440
4321667;RS;Três Cachoeiras;2022;7906
4321709;RS;Três Coroas;2022;2910
4321808;RS;Três de Maio;2022;13286
4321832;RS;Três Forquilhas;2022;4383
4321857;RS;Três Palmeiras;2022;6577
4321907;RS;Três Passos;2022;17091
4321956;RS;Trindade do Sul;2022;8382
4322004;RS;Triunfo;2022;32672
4322103;RS;Tucunduva;2022;5169
4322152;RS;Tunas;2022;7133
4322186;RS;Tupanci do Sul;2022;5596
4322202;RS;Tupanciretã;2022;68913
4322251;RS;Tupandi;2022;6475
4322301;RS;Tuparendi;2022;18939
4322327;RS;Turuçu;2022;15761
4322343;RS;Ubiretama;2022;8881
4322350;RS;União da Serra;2022;3789
4322376;RS;Unistalda;2022;51434
4322400;RS;Uruguaiana;2022;363453
4322509;RS;Vacaria;2022;60118
4322525;RS;Vale Verde;2022;16511
4322533;RS;Vale do Sol;2022;9262
4322541;RS;Vale Real;2022;872
4322558;RS;Vanini;2022;2081
4322608;RS;Venâncio Aires;2022;33357
4322707;RS;Vera Cruz;2022;16473
4322806;RS;Veranópolis;2022;8981
4322855;RS;Vespasiano Corrêa;2022;7721
4322905;RS;Viadutos;2022;8797
4323002;RS;Viamão;2022;67053
4323101;RS;Vicente Dutra;2022;12923
4323200;RS;Victor Graeff;2022;5747
4323309;RS;Vila Flores;2022;5077
4323358;RS;Vila Lângaro;2022;4277
4323408;RS;Vila Maria;2022;8570
4323457;RS;Vila Nova do Sul;2022;28521
4323507;RS;Vista Alegre;2022;9049
4323606;RS;Vista Alegre do Prata;2022;4414
4323705;RS;Vista Gaúcha;2022;5475
4323754;RS;Vitória das Missões;2022;10757
4323770;RS;Westfália;2022;6775
4323804;RS;Xangri-lá;2022;2420
5000203;MS;Água Clara;2022;437268
5000252;MS;Alcinópolis;2022;304680
5000609;MS;Amambai;2022;274455
5000708;MS;Anastácio;2022;235295
5000807;MS;Anaurilândia;2022;231521
5000856;MS;Angélica;2022;54409
5000906;MS;Antônio João;2022;35492
5001003;MS;Aparecida do Taboado;2022;179521
5001102;MS;Aquidauana;2022;797770
5001243;MS;Aral Moreira;2022;23370
5001508;MS;Bandeirantes;2022;183840
5001904;MS;Bataguassu;2022;166259
5002001;MS;Batayporã;2022;142522
5002100;MS;Bela Vista;2022;371087
5002159;MS;Bodoquena;2022;158730
5002209;MS;Bonito;2022;313357
5002308;MS;Brasilândia;2022;350044
5002407;MS;Caarapó;2022;54737
5002605;MS;Camapuã;2022;492742
5002704;MS;Campo Grande;2022;415630
5002803;MS;Caracol;2022;252324
5002902;MS;Cassilândia;2022;237210
5002951;MS;Chapadão do Sul;2022;111365
5003108;MS;Corguinho;2022;202843
5003157;MS;Coronel Sapucaia;2022;58918
5003207;MS;Corumbá;2022;1981843
5003256;MS;Costa Rica;2022;149881
5003306;MS;Coxim;2022;514318
5003454;MS;Deodápolis;2022;65547
5003488;MS;Dois Irmãos do Buriti;2022;189233
5003504;MS;Douradina;2022;10347
5003702;MS;Dourados;2022;103636
5003751;MS;Eldorado;2022;62590
5003801;MS;Fátima do Sul;2022;16750
5003900;MS;Figueirão;2022;266697
5004007;MS;Glória de Dourados;2022;59758
5004106;MS;Guia Lopes da Laguna;2022;96368
5004304;MS;Iguatemi;2022;225297
5004403;MS;Inocência;2022;374572
5004502;MS;Itaporã;2022;25299
5004601;MS;Itaquiraí;2022;149209
5004700;MS;Ivinhema;2022;117829
5004809;MS;Japorã;2022;36559
5004908;MS;Jaraguari;2022;162474
5005004;MS;Jardim;2022;172551
5005103;MS;Jateí;2022;104952
5005152;MS;Juti;2022;73841
5005202;MS;Ladário;2022;9432
5005251;MS;Laguna Carapã;2022;29547
5005400;MS;Maracaju;2022;135949
5005608;MS;Miranda;2022;312490
5005681;MS;Mundo Novo;2022;27336
5005707;MS;Naviraí;2022;126286
5005806;MS;Nioaque;2022;375657
5006002;MS;Nova Alvorada do Sul;2022;151920
5006200;MS;Nova Andradina;2022;318362
5006259;MS;Novo Horizonte do Sul;2022;54480
5006275;MS;Paraíso das Águas;2022;302719
5006309;MS;Paranaíba;2022;460363
5006358;MS;Paranhos;2022;84837
5006408;MS;Pedro Gomes;2022;272785
5006606;MS;Ponta Porã;2022;86146
5006903;MS;Porto Murtinho;2022;629941
5007109;MS;Ribas do Rio Pardo;2022;837453
5007208;MS;Rio Brilhante;2022;87546
5007307;MS;Rio Negro;2022;129767
5007406;MS;Rio Verde de Mato Grosso;2022;587949
5007505;MS;Rochedo;2022;143146
5007554;MS;Santa Rita do Pardo;2022;454504
5007695;MS;São Gabriel do Oeste;2022;202010
5007703;MS;Sete Quedas;2022;54320
5007802;MS;Selvíria;2022;140598
5007901;MS;Sidrolândia;2022;206567
5007935;MS;Sonora;2022;171015
5007950;MS;Tacuru;2022;173849
5007976;MS;Taquarussu;2022;79950
5008008;MS;Terenos;2022;238383
5008305;MS;Três Lagoas;2022;485552
5008404;MS;Vicentina;2022;17929
5100102;MT;Acorizal;2022;51178
5100201;MT;Água Boa;2022;348934
5100250;MT;Alta Floresta;2022;839471
5100300;MT;Alto Araguaia;2022;165994
5100359;MT;Alto Boa Vista;2022;53707
5100409;MT;Alto Garças;2022;95747
5100508;MT;Alto Paraguai;2022;91632
5100607;MT;Alto Taquari;2022;13673
5100805;MT;Apiacás;2022;330227
5101001;MT;Araguaiana;2022;302417
5101209;MT;Araguainha;2022;30987
5101258;MT;Araputanga;2022;253025
5101308;MT;Arenápolis;2022;37741
5101407;MT;Aripuanã;2022;602718
5101605;MT;Barão de Melgaço;2022;206764
5101704;MT;Barra do Bugres;2022;290658
5101803;MT;Barra do Garças;2022;451940
5101852;MT;Bom Jesus do Araguaia;2022;209883
5101902;MT;Brasnorte;2022;522953
5102504;MT;Cáceres;2022;1274041
5102603;MT;Campinápolis;2022;263666
5102637;MT;Campo Novo do Parecis;2022;137578
5102678;MT;Campo Verde;2022;128382
5102686;MT;Campos de Júlio;2022;100321
5102694;MT;Canabrava do Norte;2022;182299
5102702;MT;Canarana;2022;229883
5102793;MT;Carlinda;2022;302733
5102850;MT;Castanheira;2022;457360
5103007;MT;Chapada dos Guimarães;2022;150957
5103056;MT;Cláudia;2022;54189
5103106;MT;Cocalinho;2022;539282
5103205;MT;Colíder;2022;412661
5103254;MT;Colniza;2022;829848
5103304;MT;Comodoro;2022;338435
5103353;MT;Confresa;2022;486695
5103361;MT;Conquista D'Oeste;2022;83173
5103379;MT;Cotriguaçu;2022;454135
5103403;MT;Cuiabá;2022;120190
5103437;MT;Curvelândia;2022;70091
5103452;MT;Denise;2022;72399
5103502;MT;Diamantino;2022;119457
5103601;MT;Dom Aquino;2022;123429
5103700;MT;Feliz Natal;2022;38647
5103809;MT;Figueirópolis D'Oeste;2022;170475
5103858;MT;Gaúcha do Norte;2022;214276
5103908;MT;General Carneiro;2022;102308
5103957;MT;Glória D'Oeste;2022;115532
5104104;MT;Guarantã do Norte;2022;434378
5104203;MT;Guiratinga;2022;187375
5104500;MT;Indiavaí;2022;106561
5104526;MT;Ipiranga do Norte;2022;15935
5104542;MT;Itanhangá;2022;64841
5104559;MT;Itaúba;2022;91146
5104609;MT;Itiquira;2022;387583
5104807;MT;Jaciara;2022;96292
5104906;MT;Jangada;2022;54613
5105002;MT;Jauru;2022;246799
5105101;MT;Juara;2022;1002350
5105150;MT;Juína;2022;902560
5105176;MT;Juruena;2022;241997
5105200;MT;Juscimeira;2022;186920
5105234;MT;Lambari D'Oeste;2022;186920
5105259;MT;Lucas do Rio Verde;2022;39647
5105309;MT;Luciara;2022;72256
5105507;MT;Vila Bela da Santíssima Trindade;2022;1127314
5105580;MT;Marcelândia;2022;224009
5105606;MT;Matupá;2022;226957
5105622;MT;Mirassol d'Oeste;2022;186438
5105903;MT;Nobres;2022;106254
5106000;MT;Nortelândia;2022;55550
5106109;MT;Nossa Senhora do Livramento;2022;222240
5106158;MT;Nova Bandeirantes;2022;652108
5106174;MT;Nova Nazaré;2022;82029
5106182;MT;Nova Lacerda;2022;165573
5106190;MT;Nova Santa Helena;2022;111586
5106208;MT;Nova Brasilândia;2022;149188
5106216;MT;Nova Canaã do Norte;2022;450481
5106224;MT;Nova Mutum;2022;118355
5106232;MT;Nova Olímpia;2022;94165
5106240;MT;Nova Ubiratã;2022;115361
5106257;MT;Nova Xavantina;2022;366331
5106265;MT;Novo Mundo;2022;399197
5106273;MT;Novo Horizonte do Norte;2022;115511
5106281;MT;Novo São Joaquim;2022;269247
5106299;MT;Paranaíta;2022;537826
5106307;MT;Paranatinga;2022;409325
5106315;MT;Novo Santo Antônio;2022;94861
5106372;MT;Pedra Preta;2022;370886
5106422;MT;Peixoto de Azevedo;2022;391888
5106455;MT;Planalto da Serra;2022;97254
5106505;MT;Poconé;2022;549344
5106653;MT;Pontal do Araguaia;2022;133094
5106703;MT;Ponte Branca;2022;28061
5106752;MT;Pontes e Lacerda;2022;684478
5106778;MT;Porto Alegre do Norte;2022;165094
5106802;MT;Porto dos Gaúchos;2022;105301
5106828;MT;Porto Esperidião;2022;631541
5106851;MT;Porto Estrela;2022;135341
5107008;MT;Poxoréu;2022;400001
5107040;MT;Primavera do Leste;2022;97382
5107065;MT;Querência;2022;121081
5107107;MT;São José dos Quatro Marcos;2022;256485
5107156;MT;Reserva do Cabaçal;2022;51256
5107180;MT;Ribeirão Cascalheira;2022;303775
5107198;MT;Ribeirãozinho;2022;31483
5107206;MT;Rio Branco;2022;73098
5107248;MT;Santa Carmem;2022;31602
5107263;MT;Santo Afonso;2022;139965
5107297;MT;São José do Povo;2022;90722
5107305;MT;São José do Rio Claro;2022;142306
5107354;MT;São José do Xingu;2022;261506
5107404;MT;São Pedro da Cipa;2022;29889
5107578;MT;Rondolândia;2022;336044
5107602;MT;Rondonópolis;2022;383643
5107701;MT;Rosário Oeste;2022;246801
5107743;MT;Santa Cruz do Xingu;2022;124219
5107750;MT;Salto do Céu;2022;209679
5107768;MT;Santa Rita do Trivelato;2022;36494
5107776;MT;Santa Terezinha;2022;271746
5107792;MT;Santo Antônio do Leste;2022;56085
5107800;MT;Santo Antônio de Leverger;2022;570434
5107859;MT;São Félix do Araguaia;2022;345838
5107875;MT;Sapezal;2022;141788
5107883;MT;Serra Nova Dourada;2022;141788
5107909;MT;Sinop;2022;53687
5107925;MT;Sorriso;2022;91689
5107941;MT;Tabaporã;2022;130624
5107958;MT;Tangará da Serra;2022;354712
5108006;MT;Tapurah;2022;64144
5108055;MT;Terra Nova do Norte;2022;304954
5108105;MT;Tesouro;2022;125384
5108204;MT;Torixoréu;2022;141614
5108303;MT;União do Sul;2022;40879
5108352;MT;Vale de São Domingos;2022;124976
5108402;MT;Várzea Grande;2022;23309
5108501;MT;Vera;2022;34579
5108600;MT;Vila Rica;2022;713922
5108808;MT;Nova Guarita;2022;165573
5108857;MT;Nova Marilândia;2022;124473
5108907;MT;Nova Maringá;2022;88051
5108956;MT;Nova Monte Verde;2022;406181
5200050;GO;Abadia de Goiás;2022;17650
5200100;GO;Abadiânia;2022;56424
5200134;GO;Acreúna;2022;72393
5200159;GO;Adelândia;2022;18720
5200175;GO;Água Fria de Goiás;2022;50648
5200209;GO;Água Limpa;2022;60000
5200258;GO;Águas Lindas de Goiás;2022;2014
5200308;GO;Alexânia;2022;46715
5200506;GO;Aloândia;2022;19500
5200555;GO;Alto Horizonte;2022;48100
5200605;GO;Alto Paraíso de Goiás;2022;27301
5200803;GO;Alvorada do Norte;2022;71911
5200829;GO;Amaralina;2022;135000
5200852;GO;Americano do Brasil;2022;27715
5200902;GO;Amorinópolis;2022;56000
5201108;GO;Anápolis;2022;74555
5201207;GO;Anhanguera;2022;5000
5201306;GO;Anicuns;2022;153210
5201405;GO;Aparecida de Goiânia;2022;9400
5201454;GO;Aparecida do Rio Doce;2022;68300
5201504;GO;Aporé;2022;199000
5201603;GO;Araçu;2022;20450
5201702;GO;Aragarças;2022;35500
5201801;GO;Aragoiânia;2022;29500
5202155;GO;Araguapaz;2022;216344
5202353;GO;Arenópolis;2022;110000
5202502;GO;Aruanã;2022;330250
5202601;GO;Aurilândia;2022;70000
5202809;GO;Avelinópolis;2022;31610
5203104;GO;Baliza;2022;89000
5203203;GO;Barro Alto;2022;50000
5203302;GO;Bela Vista de Goiás;2022;143461
5203401;GO;Bom Jardim de Goiás;2022;150000
5203500;GO;Bom Jesus de Goiás;2022;45000
5203559;GO;Bonfinópolis;2022;8860
5203575;GO;Bonópolis;2022;141352
5203609;GO;Brazabrantes;2022;19450
5203807;GO;Britânia;2022;163121
5203906;GO;Buriti Alegre;2022;98000
5203939;GO;Buriti de Goiás;2022;32036
5203962;GO;Buritinópolis;2022;21293
5204003;GO;Cabeceiras;2022;37203
5204102;GO;Cachoeira Alta;2022;177986
5204201;GO;Cachoeira de Goiás;2022;30000
5204250;GO;Cachoeira Dourada;2022;31300
5204300;GO;Caçu;2022;203837
5204409;GO;Caiapônia;2022;450000
5204508;GO;Caldas Novas;2022;95000
5204557;GO;Caldazinha;2022;30270
5204607;GO;Campestre de Goiás;2022;32820
5204656;GO;Campinaçu;2022;111877
5204706;GO;Campinorte;2022;56600
5204805;GO;Campo Alegre de Goiás;2022;80000
5204854;GO;Campo Limpo de Goiás;2022;17480
5204904;GO;Campos Belos;2022;83744
5204953;GO;Campos Verdes;2022;53500
5205000;GO;Carmo do Rio Verde;2022;55599
5205059;GO;Castelândia;2022;10896
5205109;GO;Catalão;2022;184000
5205208;GO;Caturaí;2022;32820
5205307;GO;Cavalcante;2022;74365
5205406;GO;Ceres;2022;31930
5205455;GO;Cezarina;2022;43000
5205471;GO;Chapadão do Céu;2022;22000
5205497;GO;Cidade Ocidental;2022;22380
5205513;GO;Cocalzinho de Goiás;2022;101812
5205521;GO;Colinas do Sul;2022;41800
5205703;GO;Córrego do Ouro;2022;80405
5205802;GO;Corumbá de Goiás;2022;87131
5205901;GO;Corumbaíba;2022;148000
5206206;GO;Cristalina;2022;173922
5206305;GO;Cristianópolis;2022;13170
5206404;GO;Crixás;2022;334000
5206503;GO;Cromínia;2022;44500
5206602;GO;Cumari;2022;73000
5206701;GO;Damianópolis;2022;29711
5206800;GO;Damolândia;2022;17250
5206909;GO;Davinópolis;2022;41500
5207105;GO;Diorama;2022;80000
5207253;GO;Doverlândia;2022;280000
5207352;GO;Edealina;2022;56500
5207402;GO;Edéia;2022;57000
5207501;GO;Estrela do Norte;2022;45760
5207535;GO;Faina;2022;214635
5207600;GO;Fazenda Nova;2022;171000
5207808;GO;Firminópolis;2022;56000
5207907;GO;Flores de Goiás;2022;210175
5208004;GO;Formosa;2022;287609
5208103;GO;Formoso;2022;87744
5208152;GO;Gameleira de Goiás;2022;29900
5208301;GO;Divinópolis de Goiás;2022;76594
5208400;GO;Goianápolis;2022;16398
5208509;GO;Goiandira;2022;52000
5208608;GO;Goianésia;2022;135000
5208707;GO;Goiânia;2022;32100
5208806;GO;Goianira;2022;19510
5208905;GO;Goiás;2022;339279
5209101;GO;Goiatuba;2022;125000
5209150;GO;Gouvelândia;2022;33826
5209200;GO;Guapó;2022;78000
5209291;GO;Guaraíta;2022;32040
5209408;GO;Guarani de Goiás;2022;84730
5209457;GO;Guarinos;2022;47950
5209606;GO;Heitoraí;2022;33120
5209705;GO;Hidrolândia;2022;82000
5209804;GO;Hidrolina;2022;55850
5209903;GO;Iaciara;2022;211902
5209937;GO;Inaciolândia;2022;41400
5209952;GO;Indiara;2022;63500
5210000;GO;Inhumas;2022;98650
5210109;GO;Ipameri;2022;226500
5210158;GO;Ipiranga de Goiás;2022;32090
5210208;GO;Iporá;2022;131000
5210307;GO;Israelândia;2022;55000
5210406;GO;Itaberaí;2022;160350
5210562;GO;Itaguari;2022;26850
5210604;GO;Itaguaru;2022;30590
5210802;GO;Itajá;2022;186663
5210901;GO;Itapaci;2022;109360
5211008;GO;Itapirapuã;2022;279412
5211206;GO;Itapuranga;2022;178850
5211305;GO;Itarumã;2022;298013
5211404;GO;Itauçu;2022;61220
5211503;GO;Itumbiara;2022;135000
5211602;GO;Ivolândia;2022;131000
5211701;GO;Jandaia;2022;96000
5211800;GO;Jaraguá;2022;204795
5211909;GO;Jataí;2022;335000
5212006;GO;Jaupaci;2022;45000
5212055;GO;Jesúpolis;2022;15290
5212105;GO;Joviânia;2022;33800
5212204;GO;Jussara;2022;376833
5212253;GO;Lagoa Santa;2022;45984
5212303;GO;Leopoldo de Bulhões;2022;44780
5212501;GO;Luziânia;2022;231812
5212600;GO;Mairipotaba;2022;51000
5212709;GO;Mambaí;2022;9456
5212808;GO;Mara Rosa;2022;194800
5212907;GO;Marzagão;2022;17000
5212956;GO;Matrinchã;2022;121448
5213004;GO;Maurilândia;2022;12116
5213053;GO;Mimoso de Goiás;2022;49390
5213087;GO;Minaçu;2022;169171
5213103;GO;Mineiros;2022;380000
5213400;GO;Moiporá;2022;62000
5213509;GO;Monte Alegre de Goiás;2022;167181
5213707;GO;Montes Claros de Goiás;2022;265000
5213756;GO;Montividiu;2022;48529
5213772;GO;Montividiu do Norte;2022;129356
5213806;GO;Morrinhos;2022;294200
5213855;GO;Morro Agudo de Goiás;2022;42100
5213905;GO;Mossâmedes;2022;102512
5214002;GO;Mozarlândia;2022;192980
5214051;GO;Mundo Novo;2022;204992
5214101;GO;Mutunópolis;2022;110425
5214408;GO;Nazário;2022;85022
5214507;GO;Nerópolis;2022;21487
5214606;GO;Niquelândia;2022;318600
5214705;GO;Nova América;2022;31450
5214804;GO;Nova Aurora;2022;32000
5214838;GO;Nova Crixás;2022;849529
5214861;GO;Nova Glória;2022;32700
5214879;GO;Nova Iguaçu de Goiás;2022;67500
5214903;GO;Nova Roma;2022;91335
5215009;GO;Nova Veneza;2022;19320
5215207;GO;Novo Brasil;2022;108518
5215231;GO;Novo Gama;2022;2790
5215256;GO;Novo Planalto;2022;121965
5215306;GO;Orizona;2022;210080
5215405;GO;Ouro Verde de Goiás;2022;40413
5215504;GO;Ouvidor;2022;34000
5215603;GO;Padre Bernardo;2022;131005
5215652;GO;Palestina de Goiás;2022;120000
5215702;GO;Palmeiras de Goiás;2022;146200
5215801;GO;Palmelo;2022;3740
5215900;GO;Palminópolis;2022;46800
5216007;GO;Panamá;2022;28000
5216304;GO;Paranaiguara;2022;86999
5216403;GO;Paraúna;2022;133048
5216452;GO;Perolândia;2022;25000
5216809;GO;Petrolina de Goiás;2022;92610
5216908;GO;Pilar de Goiás;2022;111500
5217104;GO;Piracanjuba;2022;196100
5217203;GO;Piranhas;2022;190000
5217302;GO;Pirenópolis;2022;159552
5217401;GO;Pires do Rio;2022;111880
5217609;GO;Planaltina;2022;50954
5217708;GO;Pontalina;2022;160000
5218003;GO;Porangatu;2022;508765
5218052;GO;Porteirão;2022;10120
5218102;GO;Portelândia;2022;29000
5218300;GO;Posse;2022;141690
5218391;GO;Professor Jamil;2022;45000
5218508;GO;Quirinópolis;2022;255545
5218607;GO;Rialma;2022;24390
5218706;GO;Rianápolis;2022;19100
5218789;GO;Rio Quente;2022;24200
5218805;GO;Rio Verde;2022;297447
5218904;GO;Rubiataba;2022;111250
5219001;GO;Sanclerlândia;2022;79754
5219100;GO;Santa Bárbara de Goiás;2022;16490
5219209;GO;Santa Cruz de Goiás;2022;82000
5219258;GO;Santa Fé de Goiás;2022;115111
5219308;GO;Santa Helena de Goiás;2022;49982
5219357;GO;Santa Isabel;2022;83900
5219407;GO;Santa Rita do Araguaia;2022;71000
5219456;GO;Santa Rita do Novo Destino;2022;57210
5219506;GO;Santa Rosa de Goiás;2022;26710
5219605;GO;Santa Tereza de Goiás;2022;67970
5219704;GO;Santa Terezinha de Goiás;2022;147500
5219712;GO;Santo Antônio da Barra;2022;19458
5219738;GO;Santo Antônio de Goiás;2022;17190
5219753;GO;Santo Antônio do Descoberto;2022;33879
5219803;GO;São Domingos;2022;189305
5219902;GO;São Francisco de Goiás;2022;46490
5220009;GO;São João d'Aliança;2022;61517
5220058;GO;São João da Paraúna;2022;23800
5220108;GO;São Luís de Montes Belos;2022;159000
5220157;GO;São Luiz do Norte;2022;26400
5220207;GO;São Miguel do Araguaia;2022;660056
5220264;GO;São Miguel do Passa Quatro;2022;46100
5220280;GO;São Patrício;2022;33300
5220405;GO;São Simão;2022;33842
5220454;GO;Senador Canedo;2022;16040
5220504;GO;Serranópolis;2022;200100
5220603;GO;Silvânia;2022;125225
5220686;GO;Simolândia;2022;34780
5220702;GO;Sítio d'Abadia;2022;55202
5221007;GO;Taquaral de Goiás;2022;31450
5221080;GO;Teresina de Goiás;2022;8946
5221197;GO;Terezópolis de Goiás;2022;9630
5221304;GO;Três Ranchos;2022;21100
5221403;GO;Trindade;2022;73920
5221452;GO;Trombas;2022;81603
5221502;GO;Turvânia;2022;59000
5221551;GO;Turvelândia;2022;30812
5221577;GO;Uirapuru;2022;96700
5221601;GO;Uruaçu;2022;138600
5221700;GO;Uruana;2022;75280
5221809;GO;Urutaí;2022;52678
5221858;GO;Valparaíso de Goiás;2022;120
5221908;GO;Varjão;2022;60500
5222005;GO;Vianópolis;2022;70812
5222054;GO;Vicentinópolis;2022;26000
5222203;GO;Vila Boa;2022;62295
5222302;GO;Vila Propício;2022;95210
5300108;DF;Brasília;2022;85544
1100015;RO;Alta Floresta D'Oeste;2023;567114
1100023;RO;Ariquemes;2023;615978
1100031;RO;Cabixi;2023;121036
1100049;RO;Cacoal;2023;502394
1100056;RO;Cerejeiras;2023;94526
1100064;RO;Colorado do Oeste;2023;301612
1100072;RO;Corumbiara;2023;348259
1100080;RO;Costa Marques;2023;329150
1100098;RO;Espigão D'Oeste;2023;449318
1100106;RO;Guajará-Mirim;2023;172219
1100114;RO;Jaru;2023;627467
1100122;RO;Ji-Paraná;2023;471299
1100130;RO;Machadinho D'Oeste;2023;546726
1100148;RO;Nova Brasilândia D'Oeste;2023;265557
1100155;RO;Ouro Preto do Oeste;2023;415696
1100189;RO;Pimenta Bueno;2023;398047
1100205;RO;Porto Velho;2023;1772153
1100254;RO;Presidente Médici;2023;402859
1100262;RO;Rio Crespo;2023;136636
1100288;RO;Rolim de Moura;2023;267969
1100296;RO;Santa Luzia D'Oeste;2023;205435
1100304;RO;Vilhena;2023;170512
1100320;RO;São Miguel do Guaporé;2023;288451
1100338;RO;Nova Mamoré;2023;1042736
1100346;RO;Alvorada D'Oeste;2023;322895
1100379;RO;Alto Alegre dos Parecis;2023;268153
1100403;RO;Alto Paraíso;2023;416218
1100452;RO;Buritis;2023;654486
1100502;RO;Novo Horizonte do Oeste;2023;182407
1100601;RO;Cacaulândia;2023;334313
1100700;RO;Campo Novo de Rondônia;2023;528831
1100809;RO;Candeias do Jamari;2023;391425
1100908;RO;Castanheiras;2023;120944
1100924;RO;Chupinguaia;2023;393635
1100940;RO;Cujubim;2023;298121
1101005;RO;Governador Jorge Teixeira;2023;358344
1101104;RO;Itapuã do Oeste;2023;103825
1101203;RO;Ministro Andreazza;2023;161374
1101302;RO;Mirante da Serra;2023;147927
1101401;RO;Monte Negro;2023;411890
1101435;RO;Nova União;2023;173525
1101450;RO;Parecis;2023;203802
1101468;RO;Pimenteiras do Oeste;2023;113773
1101476;RO;Primavera de Rondônia;2023;88149
1101484;RO;São Felipe D'Oeste;2023;116033
1101492;RO;São Francisco do Guaporé;2023;528470
1101500;RO;Seringueiras;2023;295689
1101559;RO;Teixeirópolis;2023;117633
1101609;RO;Theobroma;2023;316742
1101708;RO;Urupá;2023;199872
1101757;RO;Vale do Anari;2023;197782
1101807;RO;Vale do Paraíso;2023;203225
1200013;AC;Acrelândia;2023;272285
1200054;AC;Assis Brasil;2023;76280
1200104;AC;Brasiléia;2023;371853
1200138;AC;Bujari;2023;371291
1200179;AC;Capixaba;2023;224993
1200203;AC;Cruzeiro do Sul;2023;50860
1200252;AC;Epitaciolândia;2023;182196
1200302;AC;Feijó;2023;247854
1200328;AC;Jordão;2023;15057
1200336;AC;Mâncio Lima;2023;26288
1200344;AC;Manoel Urbano;2023;122593
1200351;AC;Marechal Thaumaturgo;2023;17051
1200385;AC;Plácido de Castro;2023;324487
1200393;AC;Porto Walter;2023;20266
1200401;AC;Rio Branco;2023;638875
1200427;AC;Rodrigues Alves;2023;29491
1200435;AC;Santa Rosa do Purus;2023;12818
1200450;AC;Senador Guiomard;2023;395924
1200500;AC;Sena Madureira;2023;544495
1200609;AC;Tarauacá;2023;243341
1200708;AC;Xapuri;2023;344322
1200807;AC;Porto Acre;2023;376336
1300029;AM;Alvarães;2023;411
1300060;AM;Amaturá;2023;902
1300086;AM;Anamã;2023;400
1300102;AM;Anori;2023;714
1300144;AM;Apuí;2023;293064
1300201;AM;Atalaia do Norte;2023;34
1300300;AM;Autazes;2023;48231
1300409;AM;Barcelos;2023;47
1300508;AM;Barreirinha;2023;22034
1300607;AM;Benjamin Constant;2023;512
1300631;AM;Beruri;2023;1287
1300680;AM;Boa Vista do Ramos;2023;12654
1300706;AM;Boca do Acre;2023;475000
1300805;AM;Borba;2023;4074
1300839;AM;Caapiranga;2023;1810
1300904;AM;Canutama;2023;71370
1301001;AM;Carauari;2023;4967
1301100;AM;Careiro;2023;14000
1301159;AM;Careiro da Várzea;2023;61535
1301209;AM;Coari;2023;1970
1301308;AM;Codajás;2023;2077
1301407;AM;Eirunepé;2023;13606
1301506;AM;Envira;2023;36121
1301605;AM;Fonte Boa;2023;2520
1301654;AM;Guajará;2023;50363
1301704;AM;Humaitá;2023;42317
1301803;AM;Ipixuna;2023;21123
1301852;AM;Iranduba;2023;6215
1301902;AM;Itacoatiara;2023;48222
1301951;AM;Itamarati;2023;1195
1302009;AM;Itapiranga;2023;3520
1302108;AM;Japurá;2023;823
1302207;AM;Juruá;2023;787
1302306;AM;Jutaí;2023;827
1302405;AM;Lábrea;2023;652247
1302504;AM;Manacapuru;2023;15942
1302553;AM;Manaquiri;2023;10083
1302603;AM;Manaus;2023;4594
1302702;AM;Manicoré;2023;179408
1302801;AM;Maraã;2023;845
1302900;AM;Maués;2023;9876
1303007;AM;Nhamundá;2023;21568
1303106;AM;Nova Olinda do Norte;2023;9100
1303205;AM;Novo Airão;2023;495
1303304;AM;Novo Aripuanã;2023;95660
1303403;AM;Parintins;2023;48042
1303502;AM;Pauini;2023;10800
1303536;AM;Presidente Figueiredo;2023;11989
1303569;AM;Rio Preto da Eva;2023;3384
1303601;AM;Santa Isabel do Rio Negro;2023;180
1303700;AM;Santo Antônio do Içá;2023;991
1303809;AM;São Gabriel da Cachoeira;2023;110
1303908;AM;São Paulo de Olivença;2023;450
1303957;AM;São Sebastião do Uatumã;2023;10708
1304005;AM;Silves;2023;9014
1304062;AM;Tabatinga;2023;243
1304104;AM;Tapauá;2023;7238
1304203;AM;Tefé;2023;1258
1304237;AM;Tonantins;2023;1393
1304260;AM;Uarini;2023;486
1304302;AM;Urucará;2023;13095
1304401;AM;Urucurituba;2023;13158
1400027;RR;Amajari;2023;131021
1400050;RR;Alto Alegre;2023;106411
1400100;RR;Boa Vista;2023;25140
1400159;RR;Bonfim;2023;75445
1400175;RR;Cantá;2023;105234
1400209;RR;Caracaraí;2023;78320
1400233;RR;Caroebe;2023;93345
1400282;RR;Iracema;2023;102210
1400308;RR;Mucajaí;2023;199940
1400407;RR;Normandia;2023;18441
1400456;RR;Pacaraima;2023;18572
1400472;RR;Rorainópolis;2023;126033
1400506;RR;São João da Baliza;2023;32708
1400605;RR;São Luiz do Anauá;2023;54556
1400704;RR;Uiramutã;2023;14177
1500107;PA;Abaetetuba;2023;4500
1500131;PA;Abel Figueiredo;2023;50800
1500206;PA;Acará;2023;18099
1500305;PA;Afuá;2023;1482
1500347;PA;Água Azul do Norte;2023;694455
1500404;PA;Alenquer;2023;263592
1500503;PA;Almeirim;2023;26966
1500602;PA;Altamira;2023;1079168
1500701;PA;Anajás;2023;1050
1500800;PA;Ananindeua;2023;20
1500859;PA;Anapu;2023;375625
1500909;PA;Augusto Corrêa;2023;4226
1500958;PA;Aurora do Pará;2023;90372
1501006;PA;Aveiro;2023;65233
1501105;PA;Bagre;2023;714
1501204;PA;Baião;2023;82078
1501253;PA;Bannach;2023;275423
1501303;PA;Barcarena;2023;700
1501402;PA;Belém;2023;87
1501451;PA;Belterra;2023;21927
1501501;PA;Benevides;2023;2087
1501576;PA;Bom Jesus do Tocantins;2023;245000
1501600;PA;Bonito;2023;13177
1501709;PA;Bragança;2023;45630
1501725;PA;Brasil Novo;2023;308639
1501758;PA;Brejo Grande do Araguaia;2023;135000
1501782;PA;Breu Branco;2023;200577
1501808;PA;Breves;2023;920
1501907;PA;Bujaru;2023;5939
1501956;PA;Cachoeira do Piriá;2023;55189
1502004;PA;Cachoeira do Arari;2023;46100
1502103;PA;Cametá;2023;2830
1502152;PA;Canaã dos Carajás;2023;228000
1502202;PA;Capanema;2023;28231
1502301;PA;Capitão Poço;2023;116727
1502400;PA;Castanhal;2023;42960
1502509;PA;Chaves;2023;67456
1502608;PA;Colares;2023;1002
1502707;PA;Conceição do Araguaia;2023;330962
1502756;PA;Concórdia do Pará;2023;14955
1502764;PA;Cumaru do Norte;2023;690442
1502772;PA;Curionópolis;2023;262700
1502806;PA;Curralinho;2023;45
1502855;PA;Curuá;2023;49181
1502905;PA;Curuçá;2023;2980
1502939;PA;Dom Eliseu;2023;88704
1502954;PA;Eldorado do Carajás;2023;417000
1503002;PA;Faro;2023;4491
1503044;PA;Floresta do Araguaia;2023;248613
1503077;PA;Garrafão do Norte;2023;67875
1503093;PA;Goianésia do Pará;2023;314499
1503101;PA;Gurupá;2023;1200
1503200;PA;Igarapé-Açu;2023;23274
1503309;PA;Igarapé-Miri;2023;2500
1503408;PA;Inhangapi;2023;12862
1503457;PA;Ipixuna do Pará;2023;130492
1503507;PA;Irituia;2023;78311
1503606;PA;Itaituba;2023;402848
1503705;PA;Itupiranga;2023;728600
1503754;PA;Jacareacanga;2023;95790
1503804;PA;Jacundá;2023;182800
1503903;PA;Juruti;2023;49910
1504059;PA;Mãe do Rio;2023;45858
1504109;PA;Magalhães Barata;2023;1679
1504208;PA;Marabá;2023;1305000
1504307;PA;Maracanã;2023;3622
1504406;PA;Marapanim;2023;4808
1504422;PA;Marituba;2023;58
1504455;PA;Medicilândia;2023;219535
1504505;PA;Melgaço;2023;1150
1504604;PA;Mocajuba;2023;1201
1504703;PA;Moju;2023;86000
1504752;PA;Mojuí dos Campos;2023;23132
1504802;PA;Monte Alegre;2023;312243
1504901;PA;Muaná;2023;6090
1504950;PA;Nova Esperança do Piriá;2023;62282
1504976;PA;Nova Ipixuna;2023;132000
1505007;PA;Nova Timboteua;2023;23598
1505031;PA;Novo Progresso;2023;764993
1505064;PA;Novo Repartimento;2023;1275779
1505106;PA;Óbidos;2023;180010
1505205;PA;Oeiras do Pará;2023;6161
1505304;PA;Oriximiná;2023;135547
1505403;PA;Ourém;2023;18567
1505437;PA;Ourilândia do Norte;2023;241571
1505486;PA;Pacajá;2023;859069
1505494;PA;Palestina do Pará;2023;108500
1505502;PA;Paragominas;2023;375902
1505536;PA;Parauapebas;2023;130530
1505551;PA;Pau D'Arco;2023;112409
1505601;PA;Peixe-Boi;2023;17706
1505635;PA;Piçarra;2023;398266
1505650;PA;Placas;2023;206724
1505700;PA;Ponta de Pedras;2023;35100
1505809;PA;Portel;2023;101533
1505908;PA;Porto de Moz;2023;70543
1506005;PA;Prainha;2023;155337
1506104;PA;Primavera;2023;5257
1506112;PA;Quatipuru;2023;778
1506138;PA;Redenção;2023;315521
1506161;PA;Rio Maria;2023;515019
1506187;PA;Rondon do Pará;2023;374950
1506195;PA;Rurópolis;2023;196228
1506203;PA;Salinópolis;2023;151
1506302;PA;Salvaterra;2023;7790
1506351;PA;Santa Bárbara do Pará;2023;3012
1506401;PA;Santa Cruz do Arari;2023;27150
1506500;PA;Santa Izabel do Pará;2023;30292
1506559;PA;Santa Luzia do Pará;2023;75698
1506583;PA;Santa Maria das Barreiras;2023;632367
1506609;PA;Santa Maria do Pará;2023;22020
1506708;PA;Santana do Araguaia;2023;621904
1506807;PA;Santarém;2023;128750
1506906;PA;Santarém Novo;2023;3677
1507003;PA;Santo Antônio do Tauá;2023;6091
1507102;PA;São Caetano de Odivelas;2023;4276
1507151;PA;São Domingos do Araguaia;2023;165000
1507201;PA;São Domingos do Capim;2023;49977
1507300;PA;São Félix do Xingu;2023;2452095
1507409;PA;São Francisco do Pará;2023;22104
1507458;PA;São Geraldo do Araguaia;2023;382500
1507466;PA;São João da Ponta;2023;1293
1507474;PA;São João de Pirabas;2023;5504
1507508;PA;São João do Araguaia;2023;120600
1507607;PA;São Miguel do Guamá;2023;43335
1507706;PA;São Sebastião da Boa Vista;2023;200
1507755;PA;Sapucaia;2023;182126
1507805;PA;Senador José Porfírio;2023;168265
1507904;PA;Soure;2023;38680
1507953;PA;Tailândia;2023;87000
1507961;PA;Terra Alta;2023;6236
1507979;PA;Terra Santa;2023;36730
1508001;PA;Tomé-Açu;2023;149710
1508035;PA;Tracuateua;2023;15299
1508050;PA;Trairão;2023;164823
1508084;PA;Tucumã;2023;375584
1508100;PA;Tucuruí;2023;83771
1508126;PA;Ulianópolis;2023;89850
1508159;PA;Uruará;2023;382100
1508209;PA;Vigia;2023;267
1508308;PA;Viseu;2023;124697
1508357;PA;Vitória do Xingu;2023;192052
1508407;PA;Xinguara;2023;504374
1600055;AP;Serra do Navio;2023;467
1600105;AP;Amapá;2023;12900
1600154;AP;Pedra Branca do Amapari;2023;924
1600204;AP;Calçoene;2023;3645
1600212;AP;Cutias;2023;1615
1600238;AP;Ferreira Gomes;2023;615
1600253;AP;Itaubal;2023;923
1600279;AP;Laranjal do Jari;2023;3010
1600303;AP;Macapá;2023;7103
1600402;AP;Mazagão;2023;908
1600501;AP;Oiapoque;2023;1728
1600535;AP;Porto Grande;2023;5987
1600550;AP;Pracuúba;2023;2887
1600600;AP;Santana;2023;1175
1600709;AP;Tartarugalzinho;2023;9878
1600808;AP;Vitória do Jari;2023;1077
1700251;TO;Abreulândia;2023;93525
1700301;TO;Aguiarnópolis;2023;18715
1700350;TO;Aliança do Tocantins;2023;100605
1700400;TO;Almas;2023;83780
1700707;TO;Alvorada;2023;72737
1701002;TO;Ananás;2023;110698
1701051;TO;Angico;2023;23466
1701101;TO;Aparecida do Rio Negro;2023;21906
1701309;TO;Aragominas;2023;115268
1701903;TO;Araguacema;2023;63592
1702000;TO;Araguaçu;2023;487469
1702109;TO;Araguaína;2023;290942
1702158;TO;Araguanã;2023;94337
1702208;TO;Araguatins;2023;205842
1702307;TO;Arapoema;2023;180820
1702406;TO;Arraias;2023;281522
1702554;TO;Augustinópolis;2023;69253
1702703;TO;Aurora do Tocantins;2023;54515
1702901;TO;Axixá do Tocantins;2023;40981
1703008;TO;Babaçulândia;2023;93266
1703057;TO;Bandeirantes do Tocantins;2023;164207
1703073;TO;Barra do Ouro;2023;33418
1703107;TO;Barrolândia;2023;79618
1703206;TO;Bernardo Sayão;2023;99589
1703305;TO;Bom Jesus do Tocantins;2023;37065
1703602;TO;Brasilândia do Tocantins;2023;36980
1703701;TO;Brejinho de Nazaré;2023;58484
1703800;TO;Buriti do Tocantins;2023;36456
1703826;TO;Cachoeirinha;2023;9336
1703842;TO;Campos Lindos;2023;54472
1703867;TO;Cariri do Tocantins;2023;86274
1703883;TO;Carmolândia;2023;38697
1703891;TO;Carrasco Bonito;2023;24490
1703909;TO;Caseara;2023;46052
1704105;TO;Centenário;2023;33833
1704600;TO;Chapada de Areia;2023;47356
1705102;TO;Chapada da Natividade;2023;37206
1705508;TO;Colinas do Tocantins;2023;145283
1705557;TO;Combinado;2023;34851
1705607;TO;Conceição do Tocantins;2023;54767
1706001;TO;Couto Magalhães;2023;72510
1706100;TO;Cristalândia;2023;82344
1706258;TO;Crixás do Tocantins;2023;53532
1706506;TO;Darcinópolis;2023;32110
1707009;TO;Dianópolis;2023;64154
1707108;TO;Divinópolis do Tocantins;2023;145993
1707207;TO;Dois Irmãos do Tocantins;2023;218504
1707306;TO;Dueré;2023;207190
1707405;TO;Esperantina;2023;27978
1707553;TO;Fátima;2023;27760
1707652;TO;Figueirópolis;2023;105190
1707702;TO;Filadélfia;2023;119503
1708205;TO;Formoso do Araguaia;2023;328190
1708254;TO;Tabocão;2023;66056
1708304;TO;Goianorte;2023;118607
1709005;TO;Goiatins;2023;94078
1709302;TO;Guaraí;2023;154006
1709500;TO;Gurupi;2023;128949
1709807;TO;Ipueiras;2023;28226
1710508;TO;Itacajá;2023;101359
1710706;TO;Itaguatins;2023;61536
1710904;TO;Itapiratins;2023;65265
1711100;TO;Itaporã do Tocantins;2023;123633
1711506;TO;Jaú do Tocantins;2023;124937
1711803;TO;Juarina;2023;35150
1711902;TO;Lagoa da Confusão;2023;143915
1711951;TO;Lagoa do Tocantins;2023;21068
1712009;TO;Lajeado;2023;10315
1712157;TO;Lavandeira;2023;32565
1712405;TO;Lizarda;2023;24397
1712454;TO;Luzinópolis;2023;11308
1712504;TO;Marianópolis do Tocantins;2023;77830
1712702;TO;Mateiros;2023;15939
1712801;TO;Maurilândia do Tocantins;2023;25835
1713205;TO;Miracema do Tocantins;2023;169773
1713304;TO;Miranorte;2023;104582
1713601;TO;Monte do Carmo;2023;95742
1713700;TO;Monte Santo do Tocantins;2023;100353
1713809;TO;Palmeiras do Tocantins;2023;42882
1713957;TO;Muricilândia;2023;88305
1714203;TO;Natividade;2023;109404
1714302;TO;Nazaré;2023;30513
1714880;TO;Nova Olinda;2023;100414
1715002;TO;Nova Rosalândia;2023;21728
1715101;TO;Novo Acordo;2023;17957
1715150;TO;Novo Alegre;2023;28082
1715259;TO;Novo Jardim;2023;17187
1715507;TO;Oliveira de Fátima;2023;14871
1715705;TO;Palmeirante;2023;81818
1715754;TO;Palmeirópolis;2023;87918
1716109;TO;Paraíso do Tocantins;2023;122294
1716208;TO;Paranã;2023;253044
1716307;TO;Pau D'Arco;2023;93397
1716505;TO;Pedro Afonso;2023;30152
1716604;TO;Peixe;2023;287594
1716653;TO;Pequizeiro;2023;107036
1716703;TO;Colméia;2023;112641
1717008;TO;Pindorama do Tocantins;2023;66278
1717206;TO;Piraquê;2023;107824
1717503;TO;Pium;2023;204749
1717800;TO;Ponte Alta do Bom Jesus;2023;51618
1717909;TO;Ponte Alta do Tocantins;2023;109613
1718006;TO;Porto Alegre do Tocantins;2023;13426
1718204;TO;Porto Nacional;2023;147955
1718303;TO;Praia Norte;2023;27009
1718402;TO;Presidente Kennedy;2023;51614
1718451;TO;Pugmil;2023;20134
1718501;TO;Recursolândia;2023;81254
1718550;TO;Riachinho;2023;42386
1718659;TO;Rio da Conceição;2023;2284
1718709;TO;Rio dos Bois;2023;20091
1718758;TO;Rio Sono;2023;79499
1718808;TO;Sampaio;2023;13904
1718840;TO;Sandolândia;2023;203560
1718865;TO;Santa Fé do Araguaia;2023;124552
1718881;TO;Santa Maria do Tocantins;2023;36691
1718899;TO;Santa Rita do Tocantins;2023;112198
1718907;TO;Santa Rosa do Tocantins;2023;38807
1719004;TO;Santa Tereza do Tocantins;2023;29208
1720002;TO;Santa Terezinha do Tocantins;2023;23639
1720101;TO;São Bento do Tocantins;2023;42313
1720150;TO;São Félix do Tocantins;2023;4442
1720200;TO;São Miguel do Tocantins;2023;26796
1720259;TO;São Salvador do Tocantins;2023;47160
1720309;TO;São Sebastião do Tocantins;2023;26027
1720499;TO;São Valério;2023;71680
1720655;TO;Silvanópolis;2023;42908
1720804;TO;Sítio Novo do Tocantins;2023;50214
1720853;TO;Sucupira;2023;64258
1720903;TO;Taguatinga;2023;150942
1720937;TO;Taipas do Tocantins;2023;35748
1720978;TO;Talismã;2023;127521
1721000;TO;Palmas;2023;40106
1721109;TO;Tocantínia;2023;19662
1721208;TO;Tocantinópolis;2023;26804
1721257;TO;Tupirama;2023;24981
1721307;TO;Tupiratins;2023;19234
1722081;TO;Wanderlândia;2023;52931
1722107;TO;Xambioá;2023;101997
2100055;MA;Açailândia;2023;434734
2100105;MA;Afonso Cunha;2023;1410
2100154;MA;Água Doce do Maranhão;2023;1745
2100204;MA;Alcântara;2023;4355
2100303;MA;Aldeias Altas;2023;6620
2100402;MA;Altamira do Maranhão;2023;46092
2100436;MA;Alto Alegre do Maranhão;2023;17498
2100477;MA;Alto Alegre do Pindaré;2023;89463
2100501;MA;Alto Parnaíba;2023;55386
2100550;MA;Amapá do Maranhão;2023;13025
2100600;MA;Amarante do Maranhão;2023;364086
2100709;MA;Anajatuba;2023;53038
2100808;MA;Anapurus;2023;1751
2100832;MA;Apicum-Açu;2023;2222
2100873;MA;Araguanã;2023;28466
2100907;MA;Araioses;2023;11052
2100956;MA;Arame;2023;164890
2101004;MA;Arari;2023;39192
2101103;MA;Axixá;2023;420
2101202;MA;Bacabal;2023;135300
2101251;MA;Bacabeira;2023;4856
2101301;MA;Bacuri;2023;4858
2101350;MA;Bacurituba;2023;7015
2101400;MA;Balsas;2023;118540
2101509;MA;Barão de Grajaú;2023;14482
2101608;MA;Barra do Corda;2023;178901
2101707;MA;Barreirinhas;2023;9970
2101731;MA;Belágua;2023;293
2101772;MA;Bela Vista do Maranhão;2023;9888
2101806;MA;Benedito Leite;2023;15924
2101905;MA;Bequimão;2023;7790
2101939;MA;Bernardo do Mearim;2023;17034
2101970;MA;Boa Vista do Gurupi;2023;6685
2102002;MA;Bom Jardim;2023;210934
2102036;MA;Bom Jesus das Selvas;2023;177241
2102077;MA;Bom Lugar;2023;64801
2102101;MA;Brejo;2023;9850
2102150;MA;Brejo de Areia;2023;36812
2102200;MA;Buriti;2023;7800
2102309;MA;Buriti Bravo;2023;37960
2102325;MA;Buriticupu;2023;180182
2102358;MA;Buritirana;2023;85534
2102374;MA;Cachoeira Grande;2023;1120
2102408;MA;Cajapió;2023;4498
2102507;MA;Cajari;2023;8835
2102556;MA;Campestre do Maranhão;2023;52095
2102606;MA;Cândido Mendes;2023;7959
2102705;MA;Cantanhede;2023;7686
2102754;MA;Capinzal do Norte;2023;20709
2102804;MA;Carolina;2023;143102
2102903;MA;Carutapera;2023;34058
2103000;MA;Caxias;2023;49290
2103109;MA;Cedral;2023;816
2103125;MA;Central do Maranhão;2023;2903
2103158;MA;Centro do Guilherme;2023;30794
2103174;MA;Centro Novo do Maranhão;2023;102203
2103208;MA;Chapadinha;2023;16300
2103257;MA;Cidelândia;2023;117500
2103307;MA;Codó;2023;162120
2103406;MA;Coelho Neto;2023;6620
2103505;MA;Colinas;2023;69635
2103554;MA;Conceição do Lago-Açu;2023;25599
2103604;MA;Coroatá;2023;59590
2103703;MA;Cururupu;2023;1777
2103752;MA;Davinópolis;2023;28174
2103802;MA;Dom Pedro;2023;20678
2103901;MA;Duque Bacelar;2023;4429
2104008;MA;Esperantinópolis;2023;30746
2104057;MA;Estreito;2023;189558
2104073;MA;Feira Nova do Maranhão;2023;87120
2104081;MA;Fernando Falcão;2023;20984
2104099;MA;Formosa da Serra Negra;2023;189800
2104107;MA;Fortaleza dos Nogueiras;2023;99975
2104206;MA;Fortuna;2023;34032
2104305;MA;Godofredo Viana;2023;2381
2104404;MA;Gonçalves Dias;2023;46225
2104503;MA;Governador Archer;2023;33752
2104552;MA;Governador Edison Lobão;2023;45803
2104602;MA;Governador Eugênio Barros;2023;35221
2104628;MA;Governador Luiz Rocha;2023;17278
2104651;MA;Governador Newton Bello;2023;70453
2104677;MA;Governador Nunes Freire;2023;29163
2104701;MA;Graça Aranha;2023;10234
2104800;MA;Grajaú;2023;227831
2104909;MA;Guimarães;2023;2229
2105005;MA;Humberto de Campos;2023;1798
2105104;MA;Icatu;2023;754
2105153;MA;Igarapé do Meio;2023;28917
2105203;MA;Igarapé Grande;2023;39335
2105302;MA;Imperatriz;2023;101055
2105351;MA;Itaipava do Grajaú;2023;37096
2105401;MA;Itapecuru Mirim;2023;17282
2105427;MA;Itinga do Maranhão;2023;163021
2105450;MA;Jatobá;2023;21080
2105476;MA;Jenipapo dos Vieiras;2023;85201
2105500;MA;João Lisboa;2023;113920
2105609;MA;Joselândia;2023;21430
2105658;MA;Junco do Maranhão;2023;29795
2105708;MA;Lago da Pedra;2023;104379
2105807;MA;Lago do Junco;2023;27005
2105906;MA;Lago Verde;2023;53917
2105922;MA;Lagoa do Mato;2023;31966
2105948;MA;Lago dos Rodrigues;2023;19061
2105963;MA;Lagoa Grande do Maranhão;2023;42720
2105989;MA;Lajeado Novo;2023;66751
2106003;MA;Lima Campos;2023;13088
2106102;MA;Loreto;2023;44940
2106201;MA;Luís Domingues;2023;4503
2106300;MA;Magalhães de Almeida;2023;11397
2106326;MA;Maracaçumé;2023;24320
2106359;MA;Marajá do Sena;2023;56351
2106375;MA;Maranhãozinho;2023;40431
2106409;MA;Mata Roma;2023;2215
2106508;MA;Matinha;2023;21501
2106607;MA;Matões;2023;23392
2106631;MA;Matões do Norte;2023;17373
2106672;MA;Milagres do Maranhão;2023;3090
2106706;MA;Mirador;2023;66716
2106755;MA;Miranda do Norte;2023;23649
2106805;MA;Mirinzal;2023;2590
2106904;MA;Monção;2023;40235
2107001;MA;Montes Altos;2023;64611
2107100;MA;Morros;2023;1399
2107209;MA;Nina Rodrigues;2023;2092
2107258;MA;Nova Colinas;2023;42538
2107308;MA;Nova Iorque;2023;12925
2107357;MA;Nova Olinda do Maranhão;2023;38344
2107407;MA;Olho d'Água das Cunhãs;2023;76323
2107456;MA;Olinda Nova do Maranhão;2023;7360
2107506;MA;Paço do Lumiar;2023;659
2107605;MA;Palmeirândia;2023;5159
2107704;MA;Paraibano;2023;29583
2107803;MA;Parnarama;2023;93671
2107902;MA;Passagem Franca;2023;51350
2108009;MA;Pastos Bons;2023;32373
2108058;MA;Paulino Neves;2023;2954
2108108;MA;Paulo Ramos;2023;62810
2108207;MA;Pedreiras;2023;18463
2108256;MA;Pedro do Rosário;2023;23567
2108306;MA;Penalva;2023;15825
2108405;MA;Peri Mirim;2023;4083
2108454;MA;Peritoró;2023;47320
2108504;MA;Pindaré-Mirim;2023;12553
2108603;MA;Pinheiro;2023;32771
2108702;MA;Pio XII;2023;37672
2108801;MA;Pirapemas;2023;13474
2108900;MA;Poção de Pedras;2023;64617
2109007;MA;Porto Franco;2023;139189
2109056;MA;Porto Rico do Maranhão;2023;1227
2109106;MA;Presidente Dutra;2023;70471
2109205;MA;Presidente Juscelino;2023;865
2109239;MA;Presidente Médici;2023;28481
2109270;MA;Presidente Sarney;2023;5578
2109304;MA;Presidente Vargas;2023;1369
2109403;MA;Primeira Cruz;2023;1295
2109452;MA;Raposa;2023;448
2109502;MA;Riachão;2023;146521
2109551;MA;Ribamar Fiquene;2023;62894
2109601;MA;Rosário;2023;1190
2109700;MA;Sambaíba;2023;30960
2109759;MA;Santa Filomena do Maranhão;2023;27540
2109809;MA;Santa Helena;2023;15074
2109908;MA;Santa Inês;2023;66314
2110005;MA;Santa Luzia;2023;349056
2110039;MA;Santa Luzia do Paruá;2023;63721
2110104;MA;Santa Quitéria do Maranhão;2023;5880
2110203;MA;Santa Rita;2023;20682
2110237;MA;Santana do Maranhão;2023;2439
2110278;MA;Santo Amaro do Maranhão;2023;1356
2110302;MA;Santo Antônio dos Lopes;2023;26529
2110401;MA;São Benedito do Rio Preto;2023;1250
2110500;MA;São Bento;2023;5539
2110609;MA;São Bernardo;2023;12262
2110658;MA;São Domingos do Azeitão;2023;9968
2110708;MA;São Domingos do Maranhão;2023;89712
2110807;MA;São Félix de Balsas;2023;19837
2110856;MA;São Francisco do Brejão;2023;76864
2110906;MA;São Francisco do Maranhão;2023;21628
2111003;MA;São João Batista;2023;9860
2111029;MA;São João do Carú;2023;43408
2111052;MA;São João do Paraíso;2023;178779
2111078;MA;São João do Soter;2023;16990
2111102;MA;São João dos Patos;2023;44198
2111201;MA;São José de Ribamar;2023;1670
2111250;MA;São José dos Basílios;2023;17611
2111300;MA;São Luís;2023;1639
2111409;MA;São Luís Gonzaga do Maranhão;2023;94654
2111508;MA;São Mateus do Maranhão;2023;38250
2111532;MA;São Pedro da Água Branca;2023;24925
2111573;MA;São Pedro dos Crentes;2023;75451
2111607;MA;São Raimundo das Mangabeiras;2023;51203
2111631;MA;São Raimundo do Doca Bezerra;2023;27269
2111672;MA;São Roberto;2023;21492
2111706;MA;São Vicente Ferrer;2023;7948
2111722;MA;Satubinha;2023;31344
2111748;MA;Senador Alexandre Costa;2023;15730
2111763;MA;Senador La Rocque;2023;120857
2111789;MA;Serrano do Maranhão;2023;6065
2111805;MA;Sítio Novo;2023;183401
2111904;MA;Sucupira do Norte;2023;20360
2111953;MA;Sucupira do Riachão;2023;12045
2112001;MA;Tasso Fragoso;2023;30476
2112100;MA;Timbiras;2023;21260
2112209;MA;Timon;2023;21530
2112233;MA;Trizidela do Vale;2023;14719
2112274;MA;Tufilândia;2023;17156
2112308;MA;Tuntum;2023;185172
2112407;MA;Turiaçu;2023;11013
2112456;MA;Turilândia;2023;30262
2112506;MA;Tutóia;2023;3204
2112605;MA;Urbano Santos;2023;1275
2112704;MA;Vargem Grande;2023;18470
2112803;MA;Viana;2023;17628
2112852;MA;Vila Nova dos Martírios;2023;84512
2112902;MA;Vitória do Mearim;2023;23213
2113009;MA;Vitorino Freire;2023;101782
2114007;MA;Zé Doca;2023;169510
2200053;PI;Acauã;2023;6113
2200103;PI;Agricolândia;2023;1572
2200202;PI;Água Branca;2023;2833
2200251;PI;Alagoinha do Piauí;2023;5421
2200277;PI;Alegrete do Piauí;2023;3513
2200301;PI;Alto Longá;2023;14045
2200400;PI;Altos;2023;7252
2200459;PI;Alvorada do Gurguéia;2023;7007
2200509;PI;Amarante;2023;9200
2200608;PI;Angical do Piauí;2023;5333
2200707;PI;Anísio de Abreu;2023;2234
2200806;PI;Antônio Almeida;2023;3568
2200905;PI;Aroazes;2023;6449
2200954;PI;Aroeiras do Itaim;2023;3187
2201002;PI;Arraial;2023;3333
2201051;PI;Assunção do Piauí;2023;4305
2201101;PI;Avelino Lopes;2023;11012
2201150;PI;Baixa Grande do Ribeiro;2023;13456
2201176;PI;Barra D'Alcântara;2023;2138
2201200;PI;Barras;2023;15484
2201309;PI;Barreiras do Piauí;2023;4627
2201408;PI;Barro Duro;2023;1807
2201507;PI;Batalha;2023;15033
2201556;PI;Bela Vista do Piauí;2023;5737
2201572;PI;Belém do Piauí;2023;1939
2201606;PI;Beneditinos;2023;4675
2201705;PI;Bertolínia;2023;9336
2201739;PI;Betânia do Piauí;2023;2534
2201770;PI;Boa Hora;2023;1692
2201804;PI;Bocaina;2023;3225
2201903;PI;Bom Jesus;2023;26021
2201919;PI;Bom Princípio do Piauí;2023;3016
2201929;PI;Bonfim do Piauí;2023;1586
2201945;PI;Boqueirão do Piauí;2023;1291
2201960;PI;Brasileira;2023;4223
2201988;PI;Brejo do Piauí;2023;5476
2202000;PI;Buriti dos Lopes;2023;5967
2202026;PI;Buriti dos Montes;2023;6806
2202059;PI;Cabeceiras do Piauí;2023;5627
2202075;PI;Cajazeiras do Piauí;2023;4050
2202083;PI;Cajueiro da Praia;2023;1050
2202091;PI;Caldeirão Grande do Piauí;2023;3166
2202109;PI;Campinas do Piauí;2023;7134
2202117;PI;Campo Alegre do Fidalgo;2023;2439
2202133;PI;Campo Grande do Piauí;2023;2022
2202174;PI;Campo Largo do Piauí;2023;4083
2202208;PI;Campo Maior;2023;21535
2202251;PI;Canavieira;2023;9637
2202307;PI;Canto do Buriti;2023;9015
2202406;PI;Capitão de Campos;2023;4304
2202455;PI;Capitão Gervásio Oliveira;2023;5212
2202505;PI;Caracol;2023;4346
2202539;PI;Caraúbas do Piauí;2023;8414
2202554;PI;Caridade do Piauí;2023;4274
2202604;PI;Castelo do Piauí;2023;10742
2202653;PI;Caxingó;2023;3976
2202703;PI;Cocal;2023;6834
2202711;PI;Cocal de Telha;2023;2595
2202729;PI;Cocal dos Alves;2023;2022
2202737;PI;Coivaras;2023;2755
2202752;PI;Colônia do Gurguéia;2023;5875
2202778;PI;Colônia do Piauí;2023;7478
2202802;PI;Conceição do Canindé;2023;3669
2202851;PI;Coronel José Dias;2023;2723
2202901;PI;Corrente;2023;28199
2203008;PI;Cristalândia do Piauí;2023;19643
2203107;PI;Cristino Castro;2023;5185
2203206;PI;Curimatá;2023;20242
2203230;PI;Currais;2023;13894
2203255;PI;Curralinhos;2023;3452
2203271;PI;Curral Novo do Piauí;2023;2839
2203305;PI;Demerval Lobão;2023;1678
2203354;PI;Dirceu Arcoverde;2023;3509
2203404;PI;Dom Expedito Lopes;2023;1183
2203420;PI;Domingos Mourão;2023;3158
2203453;PI;Dom Inocêncio;2023;7354
2203503;PI;Elesbão Veloso;2023;15895
2203602;PI;Eliseu Martins;2023;6027
2203701;PI;Esperantina;2023;8921
2203750;PI;Fartura do Piauí;2023;3182
2203800;PI;Flores do Piauí;2023;4574
2203859;PI;Floresta do Piauí;2023;2505
2203909;PI;Floriano;2023;10853
2204006;PI;Francinópolis;2023;2982
2204105;PI;Francisco Ayres;2023;3764
2204154;PI;Francisco Macedo;2023;1533
2204204;PI;Francisco Santos;2023;3359
2204303;PI;Fronteiras;2023;5822
2204352;PI;Geminiano;2023;3559
2204402;PI;Gilbués;2023;10441
2204501;PI;Guadalupe;2023;5196
2204550;PI;Guaribas;2023;2120
2204600;PI;Hugo Napoleão;2023;2031
2204659;PI;Ilha Grande;2023;1632
2204709;PI;Inhuma;2023;7325
2204808;PI;Ipiranga do Piauí;2023;2820
2204907;PI;Isaías Coelho;2023;8117
2205003;PI;Itainópolis;2023;6981
2205102;PI;Itaueira;2023;13770
2205151;PI;Jacobina do Piauí;2023;10767
2205201;PI;Jaicós;2023;3995
2205250;PI;Jardim do Mulato;2023;3192
2205276;PI;Jatobá do Piauí;2023;7172
2205300;PI;Jerumenha;2023;6648
2205359;PI;João Costa;2023;3575
2205409;PI;Joaquim Pires;2023;10961
2205458;PI;Joca Marques;2023;4556
2205508;PI;José de Freitas;2023;13805
2205516;PI;Juazeiro do Piauí;2023;4120
2205524;PI;Júlio Borges;2023;11985
2205532;PI;Jurema;2023;2560
2205540;PI;Lagoinha do Piauí;2023;1459
2205557;PI;Lagoa Alegre;2023;1775
2205565;PI;Lagoa do Barro do Piauí;2023;3505
2205573;PI;Lagoa de São Francisco;2023;1318
2205581;PI;Lagoa do Piauí;2023;2929
2205599;PI;Lagoa do Sítio;2023;3560
2205607;PI;Landri Sales;2023;7679
2205706;PI;Luís Correia;2023;8606
2205805;PI;Luzilândia;2023;7787
2205854;PI;Madeiro;2023;4108
2205904;PI;Manoel Emídio;2023;7426
2205953;PI;Marcolândia;2023;705
2206001;PI;Marcos Parente;2023;5462
2206050;PI;Massapê do Piauí;2023;2731
2206100;PI;Matias Olímpio;2023;2198
2206209;PI;Miguel Alves;2023;7124
2206308;PI;Miguel Leão;2023;207
2206357;PI;Milton Brandão;2023;3764
2206407;PI;Monsenhor Gil;2023;2624
2206506;PI;Monsenhor Hipólito;2023;5204
2206605;PI;Monte Alegre do Piauí;2023;23821
2206654;PI;Morro Cabeça no Tempo;2023;6296
2206670;PI;Morro do Chapéu do Piauí;2023;4123
2206696;PI;Murici dos Portelas;2023;4617
2206704;PI;Nazaré do Piauí;2023;6756
2206720;PI;Nazária;2023;4068
2206753;PI;Nossa Senhora de Nazaré;2023;3745
2206803;PI;Nossa Senhora dos Remédios;2023;3983
2206902;PI;Novo Oriente do Piauí;2023;6852
2206951;PI;Novo Santo Antônio;2023;4185
2207009;PI;Oeiras;2023;13376
2207108;PI;Olho D'Água do Piauí;2023;3592
2207207;PI;Padre Marcos;2023;2319
2207306;PI;Paes Landim;2023;3588
2207355;PI;Pajeú do Piauí;2023;4839
2207405;PI;Palmeira do Piauí;2023;7213
2207504;PI;Palmeirais;2023;5998
2207553;PI;Paquetá;2023;2435
2207603;PI;Parnaguá;2023;40960
2207702;PI;Parnaíba;2023;5858
2207751;PI;Passagem Franca do Piauí;2023;4269
2207777;PI;Patos do Piauí;2023;4767
2207793;PI;Pau D'Arco do Piauí;2023;1796
2207801;PI;Paulistana;2023;9132
2207850;PI;Pavussu;2023;2264
2207900;PI;Pedro II;2023;6182
2207934;PI;Pedro Laurentino;2023;5005
2207959;PI;Nova Santa Rita;2023;5725
2208007;PI;Picos;2023;9610
2208106;PI;Pimenteiras;2023;13852
2208205;PI;Pio IX;2023;7054
2208304;PI;Piracuruca;2023;15783
2208403;PI;Piripiri;2023;12961
2208502;PI;Porto;2023;2913
2208551;PI;Porto Alegre do Piauí;2023;6011
2208601;PI;Prata do Piauí;2023;1241
2208650;PI;Queimada Nova;2023;5374
2208700;PI;Redenção do Gurguéia;2023;11767
2208809;PI;Regeneração;2023;5057
2208858;PI;Riacho Frio;2023;15271
2208874;PI;Ribeira do Piauí;2023;6420
2208908;PI;Ribeiro Gonçalves;2023;9053
2209005;PI;Rio Grande do Piauí;2023;5487
2209104;PI;Santa Cruz do Piauí;2023;5483
2209153;PI;Santa Cruz dos Milagres;2023;4450
2209203;PI;Santa Filomena;2023;14118
2209302;PI;Santa Luz;2023;13507
2209351;PI;Santana do Piauí;2023;909
2209377;PI;Santa Rosa do Piauí;2023;5462
2209401;PI;Santo Antônio de Lisboa;2023;2549
2209450;PI;Santo Antônio dos Milagres;2023;264
2209500;PI;Santo Inácio do Piauí;2023;4692
2209559;PI;São Braz do Piauí;2023;1279
2209609;PI;São Félix do Piauí;2023;5886
2209658;PI;São Francisco de Assis do Piauí;2023;4015
2209708;PI;São Francisco do Piauí;2023;5876
2209757;PI;São Gonçalo do Gurguéia;2023;6036
2209807;PI;São Gonçalo do Piauí;2023;2441
2209856;PI;São João da Canabrava;2023;1150
2209872;PI;São João da Fronteira;2023;3295
2209906;PI;São João da Serra;2023;8330
2209955;PI;São João da Varjota;2023;1445
2209971;PI;São João do Arraial;2023;2211
2210003;PI;São João do Piauí;2023;6329
2210052;PI;São José do Divino;2023;9920
2210102;PI;São José do Peixe;2023;5876
2210201;PI;São José do Piauí;2023;3182
2210300;PI;São Julião;2023;2709
2210359;PI;São Lourenço do Piauí;2023;1813
2210375;PI;São Luis do Piauí;2023;1455
2210383;PI;São Miguel da Baixa Grande;2023;2421
2210391;PI;São Miguel do Fidalgo;2023;3314
2210409;PI;São Miguel do Tapuio;2023;15202
2210508;PI;São Pedro do Piauí;2023;6339
2210607;PI;São Raimundo Nonato;2023;4527
2210623;PI;Sebastião Barros;2023;17041
2210631;PI;Sebastião Leal;2023;7910
2210656;PI;Sigefredo Pacheco;2023;6875
2210706;PI;Simões;2023;7473
2210805;PI;Simplício Mendes;2023;9805
2210904;PI;Socorro do Piauí;2023;3632
2210938;PI;Sussuapara;2023;2027
2210953;PI;Tamboril do Piauí;2023;2442
2210979;PI;Tanque do Piauí;2023;1265
2211001;PI;Teresina;2023;10016
2211100;PI;União;2023;9720
2211209;PI;Uruçuí;2023;19891
2211308;PI;Valença do Piauí;2023;6380
2211357;PI;Várzea Branca;2023;2399
2211407;PI;Várzea Grande;2023;1621
2211506;PI;Vera Mendes;2023;2148
2211605;PI;Vila Nova do Piauí;2023;3261
2211704;PI;Wall Ferraz;2023;3505
2300101;CE;Abaiara;2023;8636
2300150;CE;Acarape;2023;2300
2300200;CE;Acaraú;2023;4962
2300309;CE;Acopiara;2023;70894
2300408;CE;Aiuaba;2023;13500
2300507;CE;Alcântaras;2023;877
2300606;CE;Altaneira;2023;3362
2300705;CE;Alto Santo;2023;28482
2300754;CE;Amontada;2023;9994
2300804;CE;Antonina do Norte;2023;4489
2300903;CE;Apuiarés;2023;4912
2301000;CE;Aquiraz;2023;8790
2301109;CE;Aracati;2023;6472
2301208;CE;Aracoiaba;2023;10700
2301257;CE;Ararendá;2023;5060
2301307;CE;Araripe;2023;17500
2301406;CE;Aratuba;2023;1600
2301505;CE;Arneiroz;2023;10670
2301604;CE;Assaré;2023;26000
2301703;CE;Aurora;2023;29700
2301802;CE;Baixio;2023;8740
2301851;CE;Banabuiú;2023;30018
2301901;CE;Barbalha;2023;7443
2301950;CE;Barreira;2023;4500
2302008;CE;Barro;2023;25874
2302057;CE;Barroquinha;2023;1486
2302107;CE;Baturité;2023;1373
2302206;CE;Beberibe;2023;10731
2302305;CE;Bela Cruz;2023;5784
2302404;CE;Boa Viagem;2023;32894
2302503;CE;Brejo Santo;2023;44643
2302602;CE;Camocim;2023;5410
2302701;CE;Campos Sales;2023;18000
2302800;CE;Canindé;2023;22629
2302909;CE;Capistrano;2023;4766
2303006;CE;Caridade;2023;5406
2303105;CE;Cariré;2023;15741
2303204;CE;Caririaçu;2023;16312
2303303;CE;Cariús;2023;27589
2303402;CE;Carnaubal;2023;2534
2303501;CE;Cascavel;2023;6763
2303600;CE;Catarina;2023;12000
2303659;CE;Catunda;2023;6121
2303709;CE;Caucaia;2023;17865
2303808;CE;Cedro;2023;33065
2303907;CE;Chaval;2023;1600
2303931;CE;Choró;2023;9249
2303956;CE;Chorozinho;2023;2989
2304004;CE;Coreaú;2023;10240
2304103;CE;Crateús;2023;42807
2304202;CE;Crato;2023;26700
2304236;CE;Croatá;2023;4850
2304251;CE;Cruz;2023;1519
2304269;CE;Deputado Irapuan Pinheiro;2023;13728
2304277;CE;Ereré;2023;12950
2304285;CE;Eusébio;2023;905
2304301;CE;Farias Brito;2023;19000
2304350;CE;Forquilha;2023;9168
2304400;CE;Fortaleza;2023;1615
2304459;CE;Fortim;2023;1638
2304509;CE;Frecheirinha;2023;4500
2304608;CE;General Sampaio;2023;3567
2304657;CE;Graça;2023;2350
2304707;CE;Granja;2023;16202
2304806;CE;Granjeiro;2023;4019
2304905;CE;Groaíras;2023;4463
2304954;CE;Guaiúba;2023;5042
2305001;CE;Guaraciaba do Norte;2023;8994
2305100;CE;Guaramiranga;2023;354
2305209;CE;Hidrolândia;2023;18920
2305233;CE;Horizonte;2023;3850
2305266;CE;Ibaretama;2023;14143
2305308;CE;Ibiapina;2023;3812
2305332;CE;Ibicuitinga;2023;11580
2305357;CE;Icapuí;2023;2465
2305407;CE;Icó;2023;48115
2305506;CE;Iguatu;2023;74273
2305605;CE;Independência;2023;47371
2305654;CE;Ipaporanga;2023;5850
2305704;CE;Ipaumirim;2023;12730
2305803;CE;Ipu;2023;13010
2305902;CE;Ipueiras;2023;15200
2306009;CE;Iracema;2023;27503
2306108;CE;Irauçuba;2023;18343
2306207;CE;Itaiçaba;2023;2772
2306256;CE;Itaitinga;2023;1935
2306306;CE;Itapajé;2023;8138
2306405;CE;Itapipoca;2023;14000
2306504;CE;Itapiúna;2023;9790
2306553;CE;Itarema;2023;6617
2306603;CE;Itatira;2023;7394
2306702;CE;Jaguaretama;2023;55282
2306801;CE;Jaguaribara;2023;17325
2306900;CE;Jaguaribe;2023;58067
2307007;CE;Jaguaruana;2023;17387
2307106;CE;Jardim;2023;15223
2307205;CE;Jati;2023;8084
2307254;CE;Jijoca de Jericoacoara;2023;763
2307304;CE;Juazeiro do Norte;2023;12320
2307403;CE;Jucás;2023;43634
2307502;CE;Lavras da Mangabeira;2023;27735
2307601;CE;Limoeiro do Norte;2023;30041
2307635;CE;Madalena;2023;13874
2307650;CE;Maracanaú;2023;1294
2307700;CE;Maranguape;2023;14955
2307809;CE;Marco;2023;6755
2307908;CE;Martinópole;2023;2178
2308005;CE;Massapê;2023;7790
2308104;CE;Mauriti;2023;46139
2308203;CE;Meruoca;2023;523
2308302;CE;Milagres;2023;20900
2308351;CE;Milhã;2023;34465
2308377;CE;Miraíma;2023;8045
2308401;CE;Missão Velha;2023;16269
2308500;CE;Mombaça;2023;35358
2308609;CE;Monsenhor Tabosa;2023;10796
2308708;CE;Morada Nova;2023;101048
2308807;CE;Moraújo;2023;3295
2308906;CE;Morrinhos;2023;5116
2309003;CE;Mucambo;2023;3325
2309102;CE;Mulungu;2023;809
2309201;CE;Nova Olinda;2023;12000
2309300;CE;Nova Russas;2023;9013
2309409;CE;Novo Oriente;2023;14920
2309458;CE;Ocara;2023;12121
2309508;CE;Orós;2023;16463
2309607;CE;Pacajus;2023;5080
2309706;CE;Pacatuba;2023;2571
2309805;CE;Pacoti;2023;968
2309904;CE;Pacujá;2023;1689
2310001;CE;Palhano;2023;3408
2310100;CE;Palmácia;2023;3630
2310209;CE;Paracuru;2023;4300
2310258;CE;Paraipaba;2023;3583
2310308;CE;Parambu;2023;24675
2310407;CE;Paramoti;2023;3189
2310506;CE;Pedra Branca;2023;32038
2310605;CE;Penaforte;2023;7074
2310704;CE;Pentecoste;2023;17856
2310803;CE;Pereiro;2023;7543
2310852;CE;Pindoretama;2023;3275
2310902;CE;Piquet Carneiro;2023;21527
2310951;CE;Pires Ferreira;2023;5114
2311009;CE;Poranga;2023;3995
2311108;CE;Porteiras;2023;16658
2311207;CE;Potengi;2023;12800
2311231;CE;Potiretama;2023;12632
2311264;CE;Quiterianópolis;2023;16350
2311306;CE;Quixadá;2023;48624
2311355;CE;Quixelô;2023;44713
2311405;CE;Quixeramobim;2023;93876
2311504;CE;Quixeré;2023;5546
2311603;CE;Redenção;2023;2298
2311702;CE;Reriutaba;2023;5139
2311801;CE;Russas;2023;20230
2311900;CE;Saboeiro;2023;17488
2311959;CE;Salitre;2023;12800
2312007;CE;Santana do Acaraú;2023;20564
2312106;CE;Santana do Cariri;2023;14500
2312205;CE;Santa Quitéria;2023;39923
2312304;CE;São Benedito;2023;6800
2312403;CE;São Gonçalo do Amarante;2023;6254
2312502;CE;São João do Jaguaribe;2023;7140
2312601;CE;São Luís do Curu;2023;2187
2312700;CE;Senador Pompeu;2023;32428
2312809;CE;Senador Sá;2023;3110
2312908;CE;Sobral;2023;34683
2313005;CE;Solonópole;2023;37017
2313104;CE;Tabuleiro do Norte;2023;26197
2313203;CE;Tamboril;2023;22250
2313252;CE;Tarrafas;2023;8000
2313302;CE;Tauá;2023;51071
2313351;CE;Tejuçuoca;2023;7174
2313401;CE;Tianguá;2023;6700
2313500;CE;Trairi;2023;10470
2313559;CE;Tururu;2023;2425
2313609;CE;Ubajara;2023;4510
2313708;CE;Umari;2023;9157
2313757;CE;Umirim;2023;8790
2313807;CE;Uruburetama;2023;1751
2313906;CE;Uruoca;2023;3935
2313955;CE;Varjota;2023;4120
2314003;CE;Várzea Alegre;2023;34389
2314102;CE;Viçosa do Ceará;2023;9800
2400109;RN;Acari;2023;14588
2400208;RN;Assú;2023;14900
2400307;RN;Afonso Bezerra;2023;8000
2400406;RN;Água Nova;2023;1466
2400505;RN;Alexandria;2023;18000
2400604;RN;Almino Afonso;2023;3050
2400703;RN;Alto do Rodrigues;2023;3946
2400802;RN;Angicos;2023;11000
2400901;RN;Antônio Martins;2023;5000
2401008;RN;Apodi;2023;21000
2401107;RN;Areia Branca;2023;550
2401206;RN;Arez;2023;1600
2401305;RN;Campo Grande;2023;21000
2401404;RN;Baía Formosa;2023;400
2401453;RN;Baraúna;2023;6500
2401503;RN;Barcelona;2023;3710
2401602;RN;Bento Fernandes;2023;5623
2401651;RN;Bodó;2023;3281
2401701;RN;Bom Jesus;2023;7317
2401800;RN;Brejinho;2023;7500
2401859;RN;Caiçara do Norte;2023;749
2401909;RN;Caiçara do Rio do Vento;2023;2244
2402006;RN;Caicó;2023;45100
2402105;RN;Campo Redondo;2023;4200
2402204;RN;Canguaretama;2023;4000
2402303;RN;Caraúbas;2023;20585
2402402;RN;Carnaúba dos Dantas;2023;4307
2402501;RN;Carnaubais;2023;7103
2402600;RN;Ceará-Mirim;2023;26082
2402709;RN;Cerro Corá;2023;5029
2402808;RN;Coronel Ezequiel;2023;3306
2402907;RN;Coronel João Pessoa;2023;2250
2403004;RN;Cruzeta;2023;13034
2403103;RN;Currais Novos;2023;15207
2403202;RN;Doutor Severiano;2023;6391
2403251;RN;Parnamirim;2023;1257
2403301;RN;Encanto;2023;4000
2403400;RN;Equador;2023;1790
2403509;RN;Espírito Santo;2023;5000
2403608;RN;Extremoz;2023;1850
2403707;RN;Felipe Guerra;2023;3000
2403756;RN;Fernando Pedroza;2023;2720
2403806;RN;Florânia;2023;12331
2403905;RN;Francisco Dantas;2023;5500
2404002;RN;Frutuoso Gomes;2023;2200
2404101;RN;Galinhos;2023;450
2404200;RN;Goianinha;2023;8300
2404309;RN;Governador Dix-Sept Rosado;2023;3950
2404408;RN;Grossos;2023;620
2404507;RN;Guamaré;2023;1800
2404606;RN;Ielmo Marinho;2023;13100
2404705;RN;Ipanguaçu;2023;7000
2404804;RN;Ipueira;2023;3900
2404853;RN;Itajá;2023;3512
2404903;RN;Itaú;2023;5300
2405009;RN;Jaçanã;2023;1635
2405108;RN;Jandaíra;2023;3406
2405207;RN;Janduís;2023;6075
2405306;RN;Januário Cicco;2023;4800
2405405;RN;Japi;2023;4730
2405504;RN;Jardim de Angicos;2023;8500
2405603;RN;Jardim de Piranhas;2023;19550
2405702;RN;Jardim do Seridó;2023;13450
2405801;RN;João Câmara;2023;16370
2405900;RN;João Dias;2023;1000
2406007;RN;José da Penha;2023;7145
2406106;RN;Jucurutu;2023;29209
2406155;RN;Jundiá;2023;2400
2406205;RN;Lagoa d'Anta;2023;2200
2406304;RN;Lagoa de Pedras;2023;7000
2406403;RN;Lagoa de Velhos;2023;5000
2406502;RN;Lagoa Nova;2023;5995
2406601;RN;Lagoa Salgada;2023;3600
2406700;RN;Lajes;2023;6713
2406809;RN;Lajes Pintadas;2023;2917
2406908;RN;Lucrécia;2023;2130
2407005;RN;Luís Gomes;2023;1090
2407104;RN;Macaíba;2023;26000
2407203;RN;Macau;2023;1980
2407252;RN;Major Sales;2023;2420
2407302;RN;Marcelino Vieira;2023;6740
2407401;RN;Martins;2023;1420
2407500;RN;Maxaranguape;2023;950
2407609;RN;Messias Targino;2023;8300
2407708;RN;Montanhas;2023;7300
2407807;RN;Monte Alegre;2023;13415
2407906;RN;Monte das Gameleiras;2023;900
2408003;RN;Mossoró;2023;25000
2408102;RN;Natal;2023;229
2408201;RN;Nísia Floresta;2023;13500
2408300;RN;Nova Cruz;2023;26000
2408409;RN;Olho d'Água do Borges;2023;5000
2408508;RN;Ouro Branco;2023;8300
2408607;RN;Paraná;2023;2500
2408706;RN;Paraú;2023;6203
2408805;RN;Parazinho;2023;3951
2408904;RN;Parelhas;2023;11530
2408953;RN;Rio do Fogo;2023;1200
2409100;RN;Passa e Fica;2023;3100
2409209;RN;Passagem;2023;2800
2409308;RN;Patu;2023;8800
2409332;RN;Santa Maria;2023;5300
2409407;RN;Pau dos Ferros;2023;10743
2409506;RN;Pedra Grande;2023;2627
2409605;RN;Pedra Preta;2023;3010
2409704;RN;Pedro Avelino;2023;6742
2409803;RN;Pedro Velho;2023;9100
2409902;RN;Pendências;2023;10100
2410009;RN;Pilões;2023;2650
2410108;RN;Poço Branco;2023;9500
2410207;RN;Portalegre;2023;1100
2410256;RN;Porto do Mangue;2023;3000
2410306;RN;Serra Caiada;2023;3300
2410405;RN;Pureza;2023;8000
2410504;RN;Rafael Fernandes;2023;5000
2410603;RN;Rafael Godeiro;2023;5000
2410702;RN;Riacho da Cruz;2023;1600
2410801;RN;Riacho de Santana;2023;2600
2410900;RN;Riachuelo;2023;5600
2411007;RN;Rodolfo Fernandes;2023;4200
2411056;RN;Tibau;2023;840
2411106;RN;Ruy Barbosa;2023;3000
2411205;RN;Santa Cruz;2023;9300
2411403;RN;Santana do Matos;2023;28000
2411429;RN;Santana do Seridó;2023;4300
2411502;RN;Santo Antônio;2023;14500
2411601;RN;São Bento do Norte;2023;2390
2411700;RN;São Bento do Trairí;2023;3800
2411809;RN;São Fernando;2023;13900
2411908;RN;São Francisco do Oeste;2023;4330
2412005;RN;São Gonçalo do Amarante;2023;10700
2412104;RN;São João do Sabugi;2023;10900
2412203;RN;São José de Mipibu;2023;12000
2412302;RN;São José do Campestre;2023;10500
2412401;RN;São José do Seridó;2023;6812
2412500;RN;São Miguel;2023;5200
2412559;RN;São Miguel do Gostoso;2023;4418
2412609;RN;São Paulo do Potengi;2023;10373
2412708;RN;São Pedro;2023;8150
2412807;RN;São Rafael;2023;12212
2412906;RN;São Tomé;2023;3420
2413003;RN;São Vicente;2023;5990
2413102;RN;Senador Elói de Souza;2023;5457
2413201;RN;Senador Georgino Avelino;2023;800
2413300;RN;Serra de São Bento;2023;3500
2413359;RN;Serra do Mel;2023;2000
2413409;RN;Serra Negra do Norte;2023;20000
2413508;RN;Serrinha;2023;9800
2413557;RN;Serrinha dos Pintos;2023;2900
2413607;RN;Severiano Melo;2023;4000
2413706;RN;Sítio Novo;2023;1950
2413805;RN;Taboleiro Grande;2023;2620
2413904;RN;Taipu;2023;17800
2414001;RN;Tangará;2023;4700
2414100;RN;Tenente Ananias;2023;4800
2414159;RN;Tenente Laurentino Cruz;2023;2600
2414209;RN;Tibau do Sul;2023;1600
2414308;RN;Timbaúba dos Batistas;2023;5200
2414407;RN;Touros;2023;11458
2414456;RN;Triunfo Potiguar;2023;4819
2414506;RN;Umarizal;2023;8614
2414605;RN;Upanema;2023;14400
2414704;RN;Várzea;2023;2300
2414753;RN;Venha-Ver;2023;3026
2414803;RN;Vera Cruz;2023;5119
2414902;RN;Viçosa;2023;1530
2415008;RN;Vila Flor;2023;100
2500106;PB;Água Branca;2023;9190
2500205;PB;Aguiar;2023;7034
2500304;PB;Alagoa Grande;2023;19450
2500403;PB;Alagoa Nova;2023;3550
2500502;PB;Alagoinha;2023;6642
2500536;PB;Alcantil;2023;5430
2500577;PB;Algodão de Jandaíra;2023;1550
2500601;PB;Alhandra;2023;2750
2500700;PB;São João do Rio do Peixe;2023;18000
2500734;PB;Amparo;2023;1987
2500775;PB;Aparecida;2023;8390
2500809;PB;Araçagi;2023;16200
2500908;PB;Arara;2023;5000
2501005;PB;Araruna;2023;9180
2501104;PB;Areia;2023;11000
2501153;PB;Areia de Baraúnas;2023;1104
2501203;PB;Areial;2023;1000
2501302;PB;Aroeiras;2023;9500
2501351;PB;Assunção;2023;1412
2501401;PB;Baía da Traição;2023;750
2501500;PB;Bananeiras;2023;15257
2501534;PB;Baraúna;2023;1500
2501575;PB;Barra de Santana;2023;9000
2501609;PB;Barra de Santa Rosa;2023;6450
2501708;PB;Barra de São Miguel;2023;3345
2501807;PB;Bayeux;2023;550
2501906;PB;Belém;2023;7000
2502003;PB;Belém do Brejo do Cruz;2023;10572
2502052;PB;Bernardino Batista;2023;1670
2502102;PB;Boa Ventura;2023;4294
2502151;PB;Boa Vista;2023;5000
2502201;PB;Bom Jesus;2023;2542
2502300;PB;Bom Sucesso;2023;8574
2502409;PB;Bonito de Santa Fé;2023;7392
2502508;PB;Boqueirão;2023;8000
2502607;PB;Igaracy;2023;9593
2502706;PB;Borborema;2023;1330
2502805;PB;Brejo do Cruz;2023;9290
2502904;PB;Brejo dos Santos;2023;3740
2503001;PB;Caaporã;2023;1370
2503100;PB;Cabaceiras;2023;3600
2503308;PB;Cachoeira dos Índios;2023;5222
2503407;PB;Cacimba de Areia;2023;4380
2503506;PB;Cacimba de Dentro;2023;6420
2503555;PB;Cacimbas;2023;1627
2503605;PB;Caiçara;2023;6850
2503704;PB;Cajazeiras;2023;17320
2503753;PB;Cajazeirinhas;2023;9365
2503803;PB;Caldas Brandão;2023;3200
2503902;PB;Camalaú;2023;4580
2504009;PB;Campina Grande;2023;14200
2504033;PB;Capim;2023;1980
2504074;PB;Caraúbas;2023;3599
2504108;PB;Carrapateira;2023;1625
2504157;PB;Casserengue;2023;5745
2504207;PB;Catingueira;2023;5920
2504306;PB;Catolé do Rocha;2023;15696
2504355;PB;Caturité;2023;5800
2504405;PB;Conceição;2023;12740
2504504;PB;Condado;2023;11158
2504603;PB;Conde;2023;2000
2504702;PB;Congo;2023;2557
2504801;PB;Coremas;2023;14684
2504850;PB;Coxixola;2023;1748
2504900;PB;Cruz do Espírito Santo;2023;5300
2505006;PB;Cubati;2023;2500
2505105;PB;Cuité;2023;10600
2505204;PB;Cuitegi;2023;2045
2505238;PB;Cuité de Mamanguape;2023;3200
2505279;PB;Curral de Cima;2023;5500
2505303;PB;Curral Velho;2023;4500
2505352;PB;Damião;2023;4600
2505402;PB;Desterro;2023;3969
2505501;PB;Vista Serrana;2023;1618
2505600;PB;Diamante;2023;5877
2505709;PB;Dona Inês;2023;5800
2505808;PB;Duas Estradas;2023;2875
2505907;PB;Emas;2023;4904
2506004;PB;Esperança;2023;6000
2506103;PB;Fagundes;2023;6150
2506202;PB;Frei Martinho;2023;2800
2506251;PB;Gado Bravo;2023;9000
2506301;PB;Guarabira;2023;14000
2506400;PB;Gurinhém;2023;17500
2506509;PB;Gurjão;2023;3740
2506608;PB;Ibiara;2023;5576
2506707;PB;Imaculada;2023;9000
2506806;PB;Ingá;2023;9424
2506905;PB;Itabaiana;2023;9000
2507002;PB;Itaporanga;2023;13744
2507101;PB;Itapororoca;2023;8045
2507200;PB;Itatuba;2023;15500
2507309;PB;Jacaraú;2023;7000
2507408;PB;Jericó;2023;8645
2507507;PB;João Pessoa;2023;3787
2507606;PB;Juarez Távora;2023;3400
2507705;PB;Juazeirinho;2023;5000
2507804;PB;Junco do Seridó;2023;2753
2507903;PB;Juripiranga;2023;2400
2508000;PB;Juru;2023;15212
2508109;PB;Lagoa;2023;4496
2508208;PB;Lagoa de Dentro;2023;6700
2508307;PB;Lagoa Seca;2023;3400
2508406;PB;Lastro;2023;3275
2508505;PB;Livramento;2023;3969
2508554;PB;Logradouro;2023;3000
2508604;PB;Lucena;2023;305
2508703;PB;Mãe d'Água;2023;2114
2508802;PB;Malta;2023;4884
2508901;PB;Mamanguape;2023;4509
2509008;PB;Manaíra;2023;10546
2509057;PB;Marcação;2023;370
2509107;PB;Mari;2023;12000
2509156;PB;Marizópolis;2023;1000
2509206;PB;Massaranduba;2023;7800
2509305;PB;Mataraca;2023;1200
2509339;PB;Matinhas;2023;1400
2509370;PB;Mato Grosso;2023;2365
2509396;PB;Maturéia;2023;2274
2509404;PB;Mogeiro;2023;10000
2509503;PB;Montadas;2023;1200
2509602;PB;Monte Horebe;2023;1817
2509701;PB;Monteiro;2023;18741
2509800;PB;Mulungu;2023;15420
2509909;PB;Natuba;2023;3282
2510006;PB;Nazarezinho;2023;6676
2510105;PB;Nova Floresta;2023;1400
2510204;PB;Nova Olinda;2023;3562
2510303;PB;Nova Palmeira;2023;2500
2510402;PB;Olho d'Água;2023;11020
2510501;PB;Olivedos;2023;3300
2510600;PB;Ouro Velho;2023;3422
2510659;PB;Parari;2023;1378
2510709;PB;Passagem;2023;1520
2510808;PB;Patos;2023;13333
2510907;PB;Paulista;2023;25238
2511004;PB;Pedra Branca;2023;3832
2511103;PB;Pedra Lavrada;2023;3200
2511202;PB;Pedras de Fogo;2023;3800
2511301;PB;Piancó;2023;21344
2511400;PB;Picuí;2023;9700
2511509;PB;Pilar;2023;5000
2511608;PB;Pilões;2023;3000
2511707;PB;Pilõezinhos;2023;1800
2511806;PB;Pirpirituba;2023;4800
2511905;PB;Pitimbu;2023;800
2512002;PB;Pocinhos;2023;6300
2512036;PB;Poço Dantas;2023;2919
2512077;PB;Poço de José de Moura;2023;4995
2512101;PB;Pombal;2023;30500
2512200;PB;Prata;2023;3932
2512309;PB;Princesa Isabel;2023;16415
2512408;PB;Puxinanã;2023;3100
2512507;PB;Queimadas;2023;14060
2512606;PB;Quixaba;2023;1822
2512705;PB;Remígio;2023;5000
2512721;PB;Pedro Régis;2023;3250
2512747;PB;Riachão;2023;2835
2512754;PB;Riachão do Bacamarte;2023;2100
2512762;PB;Riachão do Poço;2023;3145
2512788;PB;Riacho de Santo Antônio;2023;2800
2512804;PB;Riacho dos Cavalos;2023;11353
2512903;PB;Rio Tinto;2023;2405
2513000;PB;Salgadinho;2023;1338
2513109;PB;Salgado de São Félix;2023;5800
2513158;PB;Santa Cecília;2023;5000
2513208;PB;Santa Cruz;2023;5777
2513307;PB;Santa Helena;2023;10991
2513356;PB;Santa Inês;2023;4175
2513406;PB;Santa Luzia;2023;9496
2513505;PB;Santana de Mangueira;2023;6286
2513604;PB;Santana dos Garrotes;2023;10793
2513653;PB;Joca Claudino;2023;1988
2513703;PB;Santa Rita;2023;4550
2513802;PB;Santa Teresinha;2023;6928
2513851;PB;Santo André;2023;2918
2513901;PB;São Bento;2023;11850
2513927;PB;São Bentinho;2023;6501
2513943;PB;São Domingos do Cariri;2023;942
2513968;PB;São Domingos;2023;7351
2513984;PB;São Francisco;2023;3521
2514008;PB;São João do Cariri;2023;5238
2514107;PB;São João do Tigre;2023;2831
2514206;PB;São José da Lagoa Tapada;2023;7689
2514305;PB;São José de Caiana;2023;4277
2514404;PB;São José de Espinharas;2023;17083
2514453;PB;São José dos Ramos;2023;5550
2514503;PB;São José de Piranhas;2023;16800
2514552;PB;São José de Princesa;2023;7746
2514602;PB;São José do Bonfim;2023;3600
2514651;PB;São José do Brejo do Cruz;2023;6581
2514701;PB;São José do Sabugi;2023;7000
2514800;PB;São José dos Cordeiros;2023;3326
2514909;PB;São Mamede;2023;9752
2515005;PB;São Miguel de Taipu;2023;4800
2515104;PB;São Sebastião de Lagoa de Roça;2023;1700
2515203;PB;São Sebastião do Umbuzeiro;2023;4239
2515302;PB;Sapé;2023;6400
2515401;PB;São Vicente do Seridó;2023;3400
2515500;PB;Serra Branca;2023;4423
2515609;PB;Serra da Raiz;2023;2000
2515708;PB;Serra Grande;2023;1832
2515807;PB;Serra Redonda;2023;3500
2515906;PB;Serraria;2023;4638
2515930;PB;Sertãozinho;2023;1925
2515971;PB;Sobrado;2023;3600
2516003;PB;Solânea;2023;9358
2516102;PB;Soledade;2023;7900
2516151;PB;Sossêgo;2023;3100
2516201;PB;Sousa;2023;26000
2516300;PB;Sumé;2023;8300
2516409;PB;Tacima;2023;15000
2516508;PB;Taperoá;2023;8970
2516607;PB;Tavares;2023;15163
2516706;PB;Teixeira;2023;2735
2516755;PB;Tenório;2023;1669
2516805;PB;Triunfo;2023;9115
2516904;PB;Uiraúna;2023;8390
2517001;PB;Umbuzeiro;2023;5800
2517100;PB;Várzea;2023;5000
2517209;PB;Vieirópolis;2023;5814
2517407;PB;Zabelê;2023;1840
2600054;PE;Abreu e Lima;2023;800
2600104;PE;Afogados da Ingazeira;2023;14500
2600203;PE;Afrânio;2023;23000
2600302;PE;Agrestina;2023;19678
2600401;PE;Água Preta;2023;37021
2600500;PE;Águas Belas;2023;55588
2600609;PE;Alagoinha;2023;14425
2600708;PE;Aliança;2023;4863
2600807;PE;Altinho;2023;28285
2600906;PE;Amaraji;2023;10096
2601003;PE;Angelim;2023;10622
2601052;PE;Araçoiaba;2023;177
2601102;PE;Araripina;2023;23743
2601201;PE;Arcoverde;2023;15690
2601300;PE;Barra de Guabiraba;2023;7300
2601409;PE;Barreiros;2023;13435
2601508;PE;Belém de Maria;2023;6213
2601607;PE;Belém do São Francisco;2023;5405
2601706;PE;Belo Jardim;2023;12930
2601805;PE;Betânia;2023;5000
2601904;PE;Bezerros;2023;20250
2602001;PE;Bodocó;2023;65783
2602100;PE;Bom Conselho;2023;65481
2602209;PE;Bom Jardim;2023;10800
2602308;PE;Bonito;2023;21096
2602407;PE;Brejão;2023;17161
2602506;PE;Brejinho;2023;4470
2602605;PE;Brejo da Madre de Deus;2023;11408
2602704;PE;Buenos Aires;2023;3050
2602803;PE;Buíque;2023;50800
2602902;PE;Cabo de Santo Agostinho;2023;2930
2603009;PE;Cabrobó;2023;13280
2603108;PE;Cachoeirinha;2023;15393
2603207;PE;Caetés;2023;22782
2603306;PE;Calçado;2023;2800
2603405;PE;Calumbi;2023;1900
2603454;PE;Camaragibe;2023;750
2603504;PE;Camocim de São Félix;2023;9353
2603603;PE;Camutanga;2023;1562
2603702;PE;Canhotinho;2023;39100
2603801;PE;Capoeiras;2023;20583
2603900;PE;Carnaíba;2023;13056
2603926;PE;Carnaubeira da Penha;2023;4500
2604007;PE;Carpina;2023;5900
2604106;PE;Caruaru;2023;22904
2604155;PE;Casinhas;2023;7950
2604205;PE;Catende;2023;4268
2604304;PE;Cedro;2023;9486
2604403;PE;Chã de Alegria;2023;837
2604502;PE;Chã Grande;2023;2556
2604601;PE;Condado;2023;1321
2604700;PE;Correntes;2023;37453
2604809;PE;Cortês;2023;1310
2604908;PE;Cumaru;2023;10800
2605004;PE;Cupira;2023;11370
2605103;PE;Custódia;2023;29250
2605152;PE;Dormentes;2023;16500
2605202;PE;Escada;2023;3277
2605301;PE;Exu;2023;56667
2605400;PE;Feira Nova;2023;6438
2605459;PE;Fernando de Noronha;2023;75
2605509;PE;Ferreiros;2023;2707
2605608;PE;Flores;2023;17000
2605707;PE;Floresta;2023;14200
2605806;PE;Frei Miguelinho;2023;7350
2605905;PE;Gameleira;2023;4844
2606002;PE;Garanhuns;2023;32985
2606101;PE;Glória do Goitá;2023;7303
2606200;PE;Goiana;2023;2155
2606309;PE;Granito;2023;22082
2606408;PE;Gravatá;2023;19193
2606507;PE;Iati;2023;31477
2606606;PE;Ibimirim;2023;8450
2606705;PE;Ibirajuba;2023;12276
2606804;PE;Igarassu;2023;1200
2606903;PE;Iguaracy;2023;19000
2607000;PE;Inajá;2023;5975
2607109;PE;Ingazeira;2023;7522
2607208;PE;Ipojuca;2023;2620
2607307;PE;Ipubi;2023;10019
2607406;PE;Itacuruba;2023;776
2607505;PE;Itaíba;2023;76305
2607604;PE;Ilha de Itamaracá;2023;574
2607653;PE;Itambé;2023;4501
2607703;PE;Itapetim;2023;13420
2607752;PE;Itapissuma;2023;227
2607802;PE;Itaquitinga;2023;1632
2607901;PE;Jaboatão dos Guararapes;2023;2700
2607950;PE;Jaqueira;2023;6374
2608008;PE;Jataúba;2023;9936
2608057;PE;Jatobá;2023;1400
2608107;PE;João Alfredo;2023;7550
2608206;PE;Joaquim Nabuco;2023;2600
2608255;PE;Jucati;2023;8135
2608305;PE;Jupi;2023;8378
2608404;PE;Jurema;2023;9619
2608453;PE;Lagoa do Carro;2023;4263
2608503;PE;Lagoa de Itaenga;2023;2750
2608602;PE;Lagoa do Ouro;2023;27917
2608701;PE;Lagoa dos Gatos;2023;8679
2608750;PE;Lagoa Grande;2023;7200
2608800;PE;Lajedo;2023;20918
2608909;PE;Limoeiro;2023;20100
2609006;PE;Macaparana;2023;10074
2609105;PE;Machados;2023;1850
2609154;PE;Manari;2023;10951
2609204;PE;Maraial;2023;10430
2609303;PE;Mirandiba;2023;8224
2609402;PE;Moreno;2023;5090
2609501;PE;Nazaré da Mata;2023;4503
2609600;PE;Olinda;2023;51
2609709;PE;Orobó;2023;6050
2609808;PE;Orocó;2023;4200
2609907;PE;Ouricuri;2023;43555
2610004;PE;Palmares;2023;12550
2610103;PE;Palmeirina;2023;17060
2610202;PE;Panelas;2023;15136
2610301;PE;Paranatama;2023;7771
2610400;PE;Parnamirim;2023;28723
2610509;PE;Passira;2023;13850
2610608;PE;Paudalho;2023;6997
2610707;PE;Paulista;2023;869
2610806;PE;Pedra;2023;47320
2610905;PE;Pesqueira;2023;37280
2611002;PE;Petrolândia;2023;4000
2611101;PE;Petrolina;2023;16200
2611200;PE;Poção;2023;12174
2611309;PE;Pombos;2023;8243
2611408;PE;Primavera;2023;2100
2611507;PE;Quipapá;2023;19929
2611533;PE;Quixaba;2023;8018
2611606;PE;Recife;2023;458
2611705;PE;Riacho das Almas;2023;9411
2611804;PE;Ribeirão;2023;6516
2611903;PE;Rio Formoso;2023;3739
2612000;PE;Sairé;2023;17660
2612109;PE;Salgadinho;2023;2650
2612208;PE;Salgueiro;2023;19735
2612307;PE;Saloá;2023;14853
2612406;PE;Sanharó;2023;17860
2612455;PE;Santa Cruz;2023;7362
2612471;PE;Santa Cruz da Baixa Verde;2023;4600
2612505;PE;Santa Cruz do Capibaribe;2023;4681
2612554;PE;Santa Filomena;2023;5795
2612604;PE;Santa Maria da Boa Vista;2023;11500
2612703;PE;Santa Maria do Cambucá;2023;4380
2612802;PE;Santa Terezinha;2023;6400
2612901;PE;São Benedito do Sul;2023;10458
2613008;PE;São Bento do Una;2023;61925
2613107;PE;São Caitano;2023;21345
2613206;PE;São João;2023;16057
2613305;PE;São Joaquim do Monte;2023;17282
2613404;PE;São José da Coroa Grande;2023;3491
2613503;PE;São José do Belmonte;2023;24903
2613602;PE;São José do Egito;2023;24750
2613701;PE;São Lourenço da Mata;2023;2620
2613800;PE;São Vicente Férrer;2023;5894
2613909;PE;Serra Talhada;2023;44000
2614006;PE;Serrita;2023;28503
2614105;PE;Sertânia;2023;27990
2614204;PE;Sirinhaém;2023;1010
2614303;PE;Moreilândia;2023;13180
2614402;PE;Solidão;2023;4655
2614501;PE;Surubim;2023;17350
2614600;PE;Tabira;2023;21000
2614709;PE;Tacaimbó;2023;9030
2614808;PE;Tacaratu;2023;5260
2614857;PE;Tamandaré;2023;7017
2615003;PE;Taquaritinga do Norte;2023;9614
2615102;PE;Terezinha;2023;11502
2615201;PE;Terra Nova;2023;5455
2615300;PE;Timbaúba;2023;16142
2615409;PE;Toritama;2023;1361
2615508;PE;Tracunhaém;2023;3404
2615607;PE;Trindade;2023;3610
2615706;PE;Triunfo;2023;4400
2615805;PE;Tupanatinga;2023;33580
2615904;PE;Tuparetama;2023;6775
2616001;PE;Venturosa;2023;26290
2616100;PE;Verdejante;2023;4391
2616183;PE;Vertente do Lério;2023;4250
2616209;PE;Vertentes;2023;8500
2616308;PE;Vicência;2023;4738
2616407;PE;Vitória de Santo Antão;2023;9734
2616506;PE;Xexéu;2023;8114
2700102;AL;Água Branca;2023;11300
2700201;AL;Anadia;2023;16730
2700300;AL;Arapiraca;2023;22000
2700409;AL;Atalaia;2023;33400
2700508;AL;Barra de Santo Antônio;2023;850
2700607;AL;Barra de São Miguel;2023;380
2700706;AL;Batalha;2023;17000
2700805;AL;Belém;2023;7000
2700904;AL;Belo Monte;2023;13000
2701001;AL;Boca da Mata;2023;12735
2701100;AL;Branquinha;2023;9000
2701209;AL;Cacimbinhas;2023;18650
2701308;AL;Cajueiro;2023;8700
2701357;AL;Campestre;2023;2900
2701407;AL;Campo Alegre;2023;3495
2701506;AL;Campo Grande;2023;21100
2701605;AL;Canapi;2023;22913
2701704;AL;Capela;2023;19800
2701803;AL;Carneiros;2023;5800
2701902;AL;Chã Preta;2023;31000
2702009;AL;Coité do Nóia;2023;6600
2702108;AL;Colônia Leopoldina;2023;6788
2702207;AL;Coqueiro Seco;2023;118
2702306;AL;Coruripe;2023;6100
2702355;AL;Craíbas;2023;16500
2702405;AL;Delmiro Gouveia;2023;10433
2702504;AL;Dois Riachos;2023;13500
2702553;AL;Estrela de Alagoas;2023;14000
2702603;AL;Feira Grande;2023;13000
2702702;AL;Feliz Deserto;2023;1300
2702801;AL;Flexeiras;2023;16000
2702900;AL;Girau do Ponciano;2023;33000
2703007;AL;Ibateguara;2023;17100
2703106;AL;Igaci;2023;21800
2703205;AL;Igreja Nova;2023;37400
2703304;AL;Inhapi;2023;18800
2703403;AL;Jacaré dos Homens;2023;10000
2703502;AL;Jacuípe;2023;16000
2703601;AL;Japaratinga;2023;2500
2703700;AL;Jaramataia;2023;7300
2703759;AL;Jequiá da Praia;2023;1986
2703809;AL;Joaquim Gomes;2023;23000
2703908;AL;Jundiá;2023;7600
2704005;AL;Junqueiro;2023;10997
2704104;AL;Lagoa da Canoa;2023;6200
2704203;AL;Limoeiro de Anadia;2023;16849
2704302;AL;Maceió;2023;3821
2704401;AL;Major Isidoro;2023;36989
2704500;AL;Maragogi;2023;14000
2704609;AL;Maravilha;2023;13000
2704708;AL;Marechal Deodoro;2023;3679
2704807;AL;Maribondo;2023;19000
2704906;AL;Mar Vermelho;2023;9400
2705002;AL;Mata Grande;2023;21800
2705101;AL;Matriz de Camaragibe;2023;12300
2705200;AL;Messias;2023;3800
2705309;AL;Minador do Negrão;2023;16500
2705408;AL;Monteirópolis;2023;7500
2705507;AL;Murici;2023;26000
2705606;AL;Novo Lino;2023;9557
2705705;AL;Olho d'Água das Flores;2023;12000
2705804;AL;Olho d'Água do Casado;2023;7930
2705903;AL;Olho d'Água Grande;2023;13000
2706000;AL;Olivença;2023;18000
2706109;AL;Ouro Branco;2023;9000
2706208;AL;Palestina;2023;1750
2706307;AL;Palmeira dos Índios;2023;38952
2706406;AL;Pão de Açúcar;2023;23000
2706422;AL;Pariconha;2023;5039
2706448;AL;Paripueira;2023;500
2706505;AL;Passo de Camaragibe;2023;7000
2706604;AL;Paulo Jacinto;2023;12500
2706703;AL;Penedo;2023;20000
2706802;AL;Piaçabuçu;2023;4250
2706901;AL;Pilar;2023;10600
2707008;AL;Pindoba;2023;14600
2707107;AL;Piranhas;2023;14446
2707206;AL;Poço das Trincheiras;2023;14345
2707305;AL;Porto Calvo;2023;29500
2707404;AL;Porto de Pedras;2023;8247
2707503;AL;Porto Real do Colégio;2023;22000
2707602;AL;Quebrangulo;2023;28632
2707701;AL;Rio Largo;2023;5600
2707800;AL;Roteiro;2023;591
2707909;AL;Santa Luzia do Norte;2023;700
2708006;AL;Santana do Ipanema;2023;24450
2708105;AL;Santana do Mundaú;2023;20000
2708204;AL;São Brás;2023;8000
2708303;AL;São José da Laje;2023;15117
2708402;AL;São José da Tapera;2023;26400
2708501;AL;São Luís do Quitunde;2023;14500
2708600;AL;São Miguel dos Campos;2023;5159
2708709;AL;São Miguel dos Milagres;2023;3500
2708808;AL;São Sebastião;2023;22500
2708907;AL;Satuba;2023;2600
2708956;AL;Senador Rui Palmeira;2023;18000
2709004;AL;Tanque d'Arca;2023;13000
2709103;AL;Taquarana;2023;17200
2709152;AL;Teotônio Vilela;2023;8661
2709202;AL;Traipu;2023;30950
2709301;AL;União dos Palmares;2023;37000
2709400;AL;Viçosa;2023;38400
2800100;SE;Amparo do São Francisco;2023;2760
2800209;SE;Aquidabã;2023;27989
2800308;SE;Aracaju;2023;824
2800407;SE;Arauá;2023;19165
2800506;SE;Areia Branca;2023;3123
2800605;SE;Barra dos Coqueiros;2023;799
2800670;SE;Boquim;2023;24021
2800704;SE;Brejo Grande;2023;2890
2801009;SE;Campo do Brito;2023;16890
2801108;SE;Canhoba;2023;13118
2801207;SE;Canindé de São Francisco;2023;28100
2801306;SE;Capela;2023;24200
2801405;SE;Carira;2023;42010
2801504;SE;Carmópolis;2023;2836
2801603;SE;Cedro de São João;2023;6750
2801702;SE;Cristinápolis;2023;14521
2801900;SE;Cumbe;2023;8150
2802007;SE;Divina Pastora;2023;7847
2802106;SE;Estância;2023;31204
2802205;SE;Feira Nova;2023;9250
2802304;SE;Frei Paulo;2023;38689
2802403;SE;Gararu;2023;29000
2802502;SE;General Maynard;2023;1918
2802601;SE;Graccho Cardoso;2023;12050
2802700;SE;Ilha das Flores;2023;2136
2802809;SE;Indiaroba;2023;8450
2802908;SE;Itabaiana;2023;37028
2803005;SE;Itabaianinha;2023;43394
2803104;SE;Itabi;2023;16800
2803203;SE;Itaporanga d'Ajuda;2023;31155
2803302;SE;Japaratuba;2023;11674
2803401;SE;Japoatã;2023;15978
2803500;SE;Lagarto;2023;74795
2803609;SE;Laranjeiras;2023;4395
2803708;SE;Macambira;2023;14845
2803807;SE;Malhada dos Bois;2023;5110
2803906;SE;Malhador;2023;5445
2804003;SE;Maruim;2023;3793
2804102;SE;Moita Bonita;2023;10058
2804201;SE;Monte Alegre de Sergipe;2023;26400
2804300;SE;Muribeca;2023;7512
2804409;SE;Neópolis;2023;9806
2804458;SE;Nossa Senhora Aparecida;2023;21645
2804508;SE;Nossa Senhora da Glória;2023;46200
2804607;SE;Nossa Senhora das Dores;2023;46100
2804706;SE;Nossa Senhora de Lourdes;2023;10200
2804805;SE;Nossa Senhora do Socorro;2023;5177
2804904;SE;Pacatuba;2023;12438
2805000;SE;Pedra Mole;2023;4773
2805109;SE;Pedrinhas;2023;4115
2805208;SE;Pinhão;2023;10108
2805307;SE;Pirambu;2023;1900
2805406;SE;Poço Redondo;2023;51860
2805505;SE;Poço Verde;2023;24466
2805604;SE;Porto da Folha;2023;42700
2805703;SE;Propriá;2023;9132
2805802;SE;Riachão do Dantas;2023;41606
2805901;SE;Riachuelo;2023;2297
2806008;SE;Ribeirópolis;2023;24634
2806107;SE;Rosário do Catete;2023;5201
2806206;SE;Salgado;2023;16859
2806305;SE;Santa Luzia do Itanhy;2023;13600
2806404;SE;Santana do São Francisco;2023;1161
2806503;SE;Santa Rosa de Lima;2023;6326
2806602;SE;Santo Amaro das Brotas;2023;5969
2806701;SE;São Cristóvão;2023;11686
2806800;SE;São Domingos;2023;4418
2806909;SE;São Francisco;2023;6718
2807006;SE;São Miguel do Aleixo;2023;11686
2807105;SE;Simão Dias;2023;43940
2807204;SE;Siriri;2023;9000
2807303;SE;Telha;2023;4298
2807402;SE;Tobias Barreto;2023;63697
2807501;SE;Tomar do Geru;2023;26432
2807600;SE;Umbaúba;2023;7042
2900108;BA;Abaíra;2023;1936
2900207;BA;Abaré;2023;6161
2900306;BA;Acajutiba;2023;12753
2900355;BA;Adustina;2023;23237
2900405;BA;Água Fria;2023;11255
2900504;BA;Érico Cardoso;2023;3254
2900603;BA;Aiquara;2023;15264
2900702;BA;Alagoinhas;2023;25496
2900801;BA;Alcobaça;2023;48553
2900900;BA;Almadina;2023;14872
2901007;BA;Amargosa;2023;36361
2901106;BA;Amélia Rodrigues;2023;9696
2901155;BA;América Dourada;2023;17805
2901205;BA;Anagé;2023;36661
2901304;BA;Andaraí;2023;22215
2901353;BA;Andorinha;2023;18887
2901403;BA;Angical;2023;137428
2901502;BA;Anguera;2023;8770
2901601;BA;Antas;2023;20720
2901700;BA;Antônio Cardoso;2023;15317
2901809;BA;Antônio Gonçalves;2023;6510
2901908;BA;Aporá;2023;34849
2901957;BA;Apuarema;2023;6855
2902005;BA;Aracatu;2023;42120
2902054;BA;Araçás;2023;5756
2902104;BA;Araci;2023;28900
2902203;BA;Aramari;2023;7416
2902252;BA;Arataca;2023;2246
2902302;BA;Aratuípe;2023;4673
2902401;BA;Aurelino Leal;2023;25568
2902500;BA;Baianópolis;2023;48038
2902609;BA;Baixa Grande;2023;42434
2902658;BA;Banzaê;2023;16412
2902708;BA;Barra;2023;53686
2902807;BA;Barra da Estiva;2023;20419
2902906;BA;Barra do Choça;2023;32390
2903003;BA;Barra do Mendes;2023;12255
2903102;BA;Barra do Rocha;2023;5847
2903201;BA;Barreiras;2023;101448
2903235;BA;Barro Alto;2023;10717
2903276;BA;Barrocas;2023;6629
2903300;BA;Barro Preto;2023;12679
2903409;BA;Belmonte;2023;47613
2903508;BA;Belo Campo;2023;17434
2903607;BA;Biritinga;2023;16214
2903706;BA;Boa Nova;2023;23193
2903805;BA;Boa Vista do Tupim;2023;71197
2903904;BA;Bom Jesus da Lapa;2023;77703
2903953;BA;Bom Jesus da Serra;2023;8779
2904001;BA;Boninal;2023;9664
2904050;BA;Bonito;2023;7557
2904100;BA;Boquira;2023;15156
2904209;BA;Botuporã;2023;21682
2904308;BA;Brejões;2023;22407
2904407;BA;Brejolândia;2023;129521
2904506;BA;Brotas de Macaúbas;2023;13761
2904605;BA;Brumado;2023;68992
2904704;BA;Buerarema;2023;10764
2904753;BA;Buritirama;2023;32019
2904803;BA;Caatiba;2023;44701
2904852;BA;Cabaceiras do Paraguaçu;2023;7366
2904902;BA;Cachoeira;2023;13981
2905008;BA;Caculé;2023;23148
2905107;BA;Caém;2023;19848
2905156;BA;Caetanos;2023;13016
2905206;BA;Caetité;2023;33596
2905305;BA;Cafarnaum;2023;14323
2905404;BA;Cairu;2023;60
2905503;BA;Caldeirão Grande;2023;14191
2905602;BA;Camacan;2023;19633
2905701;BA;Camaçari;2023;5529
2905800;BA;Camamu;2023;3244
2905909;BA;Campo Alegre de Lourdes;2023;18370
2906006;BA;Campo Formoso;2023;28016
2906105;BA;Canápolis;2023;27384
2906204;BA;Canarana;2023;11455
2906303;BA;Canavieiras;2023;53768
2906402;BA;Candeal;2023;21655
2906501;BA;Candeias;2023;8556
2906600;BA;Candiba;2023;30079
2906709;BA;Cândido Sales;2023;16412
2906808;BA;Cansanção;2023;19332
2906824;BA;Canudos;2023;12434
2906857;BA;Capela do Alto Alegre;2023;34076
2906873;BA;Capim Grosso;2023;20844
2906899;BA;Caraíbas;2023;17303
2906907;BA;Caravelas;2023;62595
2907004;BA;Cardeal da Silva;2023;5944
2907103;BA;Carinhanha;2023;85514
2907202;BA;Casa Nova;2023;18558
2907301;BA;Castro Alves;2023;47416
2907400;BA;Catolândia;2023;17246
2907509;BA;Catu;2023;18841
2907558;BA;Caturama;2023;20712
2907608;BA;Central;2023;6859
2907707;BA;Chorrochó;2023;8883
2907806;BA;Cícero Dantas;2023;39298
2907905;BA;Cipó;2023;6519
2908002;BA;Coaraci;2023;14230
2908101;BA;Cocos;2023;60734
2908200;BA;Conceição da Feira;2023;9463
2908309;BA;Conceição do Almeida;2023;27939
2908408;BA;Conceição do Coité;2023;32140
2908507;BA;Conceição do Jacuípe;2023;9548
2908606;BA;Conde;2023;18405
2908705;BA;Condeúba;2023;23533
2908804;BA;Contendas do Sincorá;2023;10473
2908903;BA;Coração de Maria;2023;24138
2909000;BA;Cordeiros;2023;10962
2909109;BA;Coribe;2023;106972
2909208;BA;Coronel João Sá;2023;36518
2909307;BA;Correntina;2023;126759
2909406;BA;Cotegipe;2023;138226
2909505;BA;Cravolândia;2023;6587
2909604;BA;Crisópolis;2023;38605
2909703;BA;Cristópolis;2023;38891
2909802;BA;Cruz das Almas;2023;6439
2909901;BA;Curaçá;2023;10531
2910008;BA;Dário Meira;2023;22326
2910057;BA;Dias d'Ávila;2023;979
2910107;BA;Dom Basílio;2023;16363
2910206;BA;Dom Macedo Costa;2023;12826
2910305;BA;Elísio Medrado;2023;15314
2910404;BA;Encruzilhada;2023;44131
2910503;BA;Entre Rios;2023;34249
2910602;BA;Esplanada;2023;27806
2910701;BA;Euclides da Cunha;2023;58030
2910727;BA;Eunápolis;2023;75097
2910750;BA;Fátima;2023;21213
2910776;BA;Feira da Mata;2023;45626
2910800;BA;Feira de Santana;2023;65808
2910859;BA;Filadélfia;2023;22212
2910909;BA;Firmino Alves;2023;22724
2911006;BA;Floresta Azul;2023;33515
2911105;BA;Formosa do Rio Preto;2023;88410
2911204;BA;Gandu;2023;3872
2911253;BA;Gavião;2023;18178
2911303;BA;Gentio do Ouro;2023;6169
2911402;BA;Glória;2023;5140
2911501;BA;Gongogi;2023;37717
2911600;BA;Governador Mangabeira;2023;1542
2911659;BA;Guajeru;2023;20208
2911709;BA;Guanambi;2023;74242
2911808;BA;Guaratinga;2023;146653
2911857;BA;Heliópolis;2023;24132
2911907;BA;Iaçu;2023;58233
2912004;BA;Ibiassucê;2023;18634
2912103;BA;Ibicaraí;2023;19251
2912202;BA;Ibicoara;2023;9692
2912301;BA;Ibicuí;2023;119393
2912400;BA;Ibipeba;2023;14188
2912509;BA;Ibipitanga;2023;15478
2912608;BA;Ibiquera;2023;17987
2912707;BA;Ibirapitanga;2023;2979
2912806;BA;Ibirapuã;2023;62974
2912905;BA;Ibirataia;2023;8398
2913002;BA;Ibitiara;2023;14748
2913101;BA;Ibititá;2023;12041
2913200;BA;Ibotirama;2023;19376
2913309;BA;Ichu;2023;3899
2913408;BA;Igaporã;2023;27186
2913457;BA;Igrapiúna;2023;224
2913507;BA;Iguaí;2023;58784
2913606;BA;Ilhéus;2023;18213
2913705;BA;Inhambupe;2023;40379
2913804;BA;Ipecaetá;2023;14232
2913903;BA;Ipiaú;2023;16596
2914000;BA;Ipirá;2023;113730
2914109;BA;Ipupiara;2023;7049
2914208;BA;Irajuba;2023;10188
2914307;BA;Iramaia;2023;32307
2914406;BA;Iraquara;2023;8985
2914505;BA;Irará;2023;10695
2914604;BA;Irecê;2023;9967
2914653;BA;Itabela;2023;46222
2914703;BA;Itaberaba;2023;68359
2914802;BA;Itabuna;2023;29574
2914901;BA;Itacaré;2023;1451
2915007;BA;Itaeté;2023;33633
2915106;BA;Itagi;2023;10455
2915205;BA;Itagibá;2023;82154
2915304;BA;Itagimirim;2023;67099
2915353;BA;Itaguaçu da Bahia;2023;15205
2915403;BA;Itaju do Colônia;2023;92941
2915502;BA;Itajuípe;2023;7227
2915601;BA;Itamaraju;2023;183168
2915700;BA;Itamari;2023;2290
2915809;BA;Itambé;2023;158958
2915908;BA;Itanagra;2023;8694
2916005;BA;Itanhém;2023;168981
2916104;BA;Itaparica;2023;205
2916203;BA;Itapé;2023;52561
2916302;BA;Itapebi;2023;93353
2916401;BA;Itapetinga;2023;147513
2916500;BA;Itapicuru;2023;38184
2916609;BA;Itapitanga;2023;43526
2916708;BA;Itaquara;2023;8208
2916807;BA;Itarantim;2023;167555
2916856;BA;Itatim;2023;9266
2916906;BA;Itiruçu;2023;10803
2917003;BA;Itiúba;2023;46915
2917102;BA;Itororó;2023;39285
2917201;BA;Ituaçu;2023;9836
2917300;BA;Ituberá;2023;68
2917334;BA;Iuiu;2023;79218
2917359;BA;Jaborandi;2023;105058
2917409;BA;Jacaraci;2023;26483
2917508;BA;Jacobina;2023;48842
2917607;BA;Jaguaquara;2023;33969
2917706;BA;Jaguarari;2023;11702
2917805;BA;Jaguaripe;2023;7182
2917904;BA;Jandaíra;2023;15433
2918001;BA;Jequié;2023;52486
2918100;BA;Jeremoabo;2023;60577
2918209;BA;Jiquiriçá;2023;5646
2918308;BA;Jitaúna;2023;7924
2918357;BA;João Dourado;2023;18363
2918407;BA;Juazeiro;2023;39032
2918456;BA;Jucuruçu;2023;102956
2918506;BA;Jussara;2023;15427
2918555;BA;Jussari;2023;24919
2918605;BA;Jussiape;2023;7603
2918704;BA;Lafaiete Coutinho;2023;15603
2918753;BA;Lagoa Real;2023;17142
2918803;BA;Laje;2023;20105
2918902;BA;Lajedão;2023;51434
2919009;BA;Lajedinho;2023;16861
2919058;BA;Lajedo do Tabocal;2023;12843
2919108;BA;Lamarão;2023;8391
2919157;BA;Lapão;2023;12220
2919207;BA;Lauro de Freitas;2023;175
2919306;BA;Lençóis;2023;5069
2919405;BA;Licínio de Almeida;2023;17554
2919504;BA;Livramento de Nossa Senhora;2023;35045
2919553;BA;Luís Eduardo Magalhães;2023;76370
2919603;BA;Macajuba;2023;23376
2919702;BA;Macarani;2023;118933
2919801;BA;Macaúbas;2023;41144
2919900;BA;Macururé;2023;2361
2919959;BA;Maetinga;2023;7750
2920007;BA;Maiquinique;2023;63111
2920106;BA;Mairi;2023;39191
2920205;BA;Malhada;2023;81901
2920304;BA;Malhada de Pedras;2023;18590
2920403;BA;Manoel Vitorino;2023;54547
2920452;BA;Mansidão;2023;29789
2920502;BA;Maracás;2023;54765
2920601;BA;Maragogipe;2023;6204
2920700;BA;Maraú;2023;4445
2920809;BA;Marcionílio Souza;2023;48414
2920908;BA;Mascote;2023;30038
2921005;BA;Mata de São João;2023;11606
2921054;BA;Matina;2023;33949
2921104;BA;Medeiros Neto;2023;131658
2921203;BA;Miguel Calmon;2023;43870
2921302;BA;Milagres;2023;6822
2921401;BA;Mirangaba;2023;26862
2921450;BA;Mirante;2023;20963
2921500;BA;Monte Santo;2023;41436
2921609;BA;Morpará;2023;29472
2921708;BA;Morro do Chapéu;2023;50185
2921807;BA;Mortugaba;2023;12359
2921906;BA;Mucugê;2023;8898
2922003;BA;Mucuri;2023;46196
2922052;BA;Mulungu do Morro;2023;5138
2922102;BA;Mundo Novo;2023;70641
2922201;BA;Muniz Ferreira;2023;9064
2922250;BA;Muquém do São Francisco;2023;128624
2922300;BA;Muritiba;2023;4089
2922409;BA;Mutuípe;2023;10940
2922508;BA;Nazaré;2023;9241
2922607;BA;Nilo Peçanha;2023;388
2922656;BA;Nordestina;2023;7473
2922706;BA;Nova Canaã;2023;65674
2922730;BA;Nova Fátima;2023;16498
2922755;BA;Nova Ibiá;2023;2103
2922805;BA;Nova Itarana;2023;11129
2922854;BA;Nova Redenção;2023;18130
2922904;BA;Nova Soure;2023;36138
2923001;BA;Nova Viçosa;2023;29552
2923035;BA;Novo Horizonte;2023;9435
2923050;BA;Novo Triunfo;2023;9606
2923100;BA;Olindina;2023;24570
2923209;BA;Oliveira dos Brejinhos;2023;32502
2923308;BA;Ouriçangas;2023;9401
2923357;BA;Ourolândia;2023;19170
2923407;BA;Palmas de Monte Alto;2023;113535
2923506;BA;Palmeiras;2023;3503
2923605;BA;Paramirim;2023;16918
2923704;BA;Paratinga;2023;47592
2923803;BA;Paripiranga;2023;26793
2923902;BA;Pau Brasil;2023;41004
2924009;BA;Paulo Afonso;2023;16451
2924058;BA;Pé de Serra;2023;34072
2924108;BA;Pedrão;2023;9556
2924207;BA;Pedro Alexandre;2023;38613
2924306;BA;Piatã;2023;6740
2924405;BA;Pilão Arcado;2023;23376
2924504;BA;Pindaí;2023;35604
2924603;BA;Pindobaçu;2023;14349
2924652;BA;Pintadas;2023;30821
2924678;BA;Piraí do Norte;2023;2258
2924702;BA;Piripá;2023;8675
2924801;BA;Piritiba;2023;42508
2924900;BA;Planaltino;2023;21835
2925006;BA;Planalto;2023;36879
2925105;BA;Poções;2023;32830
2925204;BA;Pojuca;2023;11997
2925253;BA;Ponto Novo;2023;11780
2925303;BA;Porto Seguro;2023;51810
2925402;BA;Potiraguá;2023;77579
2925501;BA;Prado;2023;80899
2925600;BA;Presidente Dutra;2023;2992
2925709;BA;Presidente Jânio Quadros;2023;25793
2925758;BA;Presidente Tancredo Neves;2023;5933
2925808;BA;Queimadas;2023;52380
2925907;BA;Quijingue;2023;31859
2925931;BA;Quixabeira;2023;11571
2925956;BA;Rafael Jambeiro;2023;37098
2926004;BA;Remanso;2023;29673
2926103;BA;Retirolândia;2023;5491
2926202;BA;Riachão das Neves;2023;123896
2926301;BA;Riachão do Jacuípe;2023;52579
2926400;BA;Riacho de Santana;2023;103209
2926509;BA;Ribeira do Amparo;2023;19149
2926608;BA;Ribeira do Pombal;2023;69000
2926657;BA;Ribeirão do Largo;2023;73204
2926707;BA;Rio de Contas;2023;9131
2926806;BA;Rio do Antônio;2023;20944
2926905;BA;Rio do Pires;2023;10289
2927002;BA;Rio Real;2023;38480
2927101;BA;Rodelas;2023;1647
2927200;BA;Ruy Barbosa;2023;62039
2927309;BA;Salinas da Margarida;2023;171
2927408;BA;Salvador;2023;189
2927507;BA;Santa Bárbara;2023;14954
2927606;BA;Santa Brígida;2023;24983
2927705;BA;Santa Cruz Cabrália;2023;19355
2927804;BA;Santa Cruz da Vitória;2023;26644
2927903;BA;Santa Inês;2023;5568
2928000;BA;Santaluz;2023;39459
2928059;BA;Santa Luzia;2023;13606
2928109;BA;Santa Maria da Vitória;2023;102099
2928208;BA;Santana;2023;95130
2928307;BA;Santanópolis;2023;7324
2928406;BA;Santa Rita de Cássia;2023;188374
2928505;BA;Santa Terezinha;2023;24709
2928604;BA;Santo Amaro;2023;18307
2928703;BA;Santo Antônio de Jesus;2023;19892
2928802;BA;Santo Estêvão;2023;12115
2928901;BA;São Desidério;2023;95067
2928950;BA;São Domingos;2023;8435
2929008;BA;São Félix;2023;4995
2929057;BA;São Félix do Coribe;2023;70998
2929107;BA;São Felipe;2023;16866
2929206;BA;São Francisco do Conde;2023;7357
2929255;BA;São Gabriel;2023;13025
2929305;BA;São Gonçalo dos Campos;2023;15207
2929354;BA;São José da Vitória;2023;3020
2929370;BA;São José do Jacuípe;2023;19034
2929404;BA;São Miguel das Matas;2023;12350
2929503;BA;São Sebastião do Passé;2023;36631
2929602;BA;Sapeaçu;2023;8226
2929701;BA;Sátiro Dias;2023;25229
2929750;BA;Saubara;2023;220
2929800;BA;Saúde;2023;13310
2929909;BA;Seabra;2023;17853
2930006;BA;Sebastião Laranjeiras;2023;41178
2930105;BA;Senhor do Bonfim;2023;23764
2930154;BA;Serra do Ramalho;2023;103949
2930204;BA;Sento Sé;2023;46490
2930303;BA;Serra Dourada;2023;100918
2930402;BA;Serra Preta;2023;32987
2930501;BA;Serrinha;2023;20742
2930600;BA;Serrolândia;2023;13106
2930709;BA;Simões Filho;2023;1812
2930758;BA;Sítio do Mato;2023;58102
2930766;BA;Sítio do Quinto;2023;33064
2930774;BA;Sobradinho;2023;3933
2930808;BA;Souto Soares;2023;3974
2930907;BA;Tabocas do Brejo Velho;2023;46337
2931004;BA;Tanhaçu;2023;34983
2931053;BA;Tanque Novo;2023;13051
2931103;BA;Tanquinho;2023;8583
2931202;BA;Taperoá;2023;895
2931301;BA;Tapiramutá;2023;27475
2931350;BA;Teixeira de Freitas;2023;94293
2931400;BA;Teodoro Sampaio;2023;19294
2931509;BA;Teofilândia;2023;13620
2931608;BA;Teolândia;2023;1893
2931707;BA;Terra Nova;2023;18434
2931806;BA;Tremedal;2023;38351
2931905;BA;Tucano;2023;59323
2932002;BA;Uauá;2023;6879
2932101;BA;Ubaíra;2023;23244
2932200;BA;Ubaitaba;2023;7350
2932309;BA;Ubatã;2023;3983
2932408;BA;Uibaí;2023;5191
2932457;BA;Umburanas;2023;7894
2932507;BA;Una;2023;7115
2932606;BA;Urandi;2023;28098
2932705;BA;Uruçuca;2023;2800
2932804;BA;Utinga;2023;20375
2932903;BA;Valença;2023;6121
2933000;BA;Valente;2023;7710
2933059;BA;Várzea da Roça;2023;19771
2933109;BA;Várzea do Poço;2023;12603
2933158;BA;Várzea Nova;2023;13118
2933174;BA;Varzedo;2023;14294
2933208;BA;Vera Cruz;2023;180
2933257;BA;Vereda;2023;80104
2933307;BA;Vitória da Conquista;2023;136486
2933406;BA;Wagner;2023;5494
2933455;BA;Wanderley;2023;144749
2933505;BA;Wenceslau Guimarães;2023;8503
2933604;BA;Xique-Xique;2023;24339
3100104;MG;Abadia dos Dourados;2023;51876
3100203;MG;Abaeté;2023;100748
3100302;MG;Abre Campo;2023;22764
3100401;MG;Acaiaca;2023;4431
3100500;MG;Açucena;2023;41284
3100609;MG;Água Boa;2023;62741
3100708;MG;Água Comprida;2023;7393
3100807;MG;Aguanil;2023;14704
3100906;MG;Águas Formosas;2023;46394
3101003;MG;Águas Vermelhas;2023;8422
3101102;MG;Aimorés;2023;74011
3101201;MG;Aiuruoca;2023;27375
3101300;MG;Alagoa;2023;7937
3101409;MG;Albertina;2023;1785
3101508;MG;Além Paraíba;2023;31353
3101607;MG;Alfenas;2023;28592
3101631;MG;Alfredo Vasconcelos;2023;6205
3101706;MG;Almenara;2023;71761
3101805;MG;Alpercata;2023;15822
3101904;MG;Alpinópolis;2023;29085
3102001;MG;Alterosa;2023;21818
3102050;MG;Alto Caparaó;2023;833
3102100;MG;Alto Rio Doce;2023;22001
3102209;MG;Alvarenga;2023;14931
3102308;MG;Alvinópolis;2023;20792
3102407;MG;Alvorada de Minas;2023;14260
3102506;MG;Amparo do Serra;2023;7657
3102605;MG;Andradas;2023;18169
3102704;MG;Cachoeira de Pajeú;2023;14303
3102803;MG;Andrelândia;2023;30401
3102852;MG;Angelândia;2023;2594
3102902;MG;Antônio Carlos;2023;18556
3103009;MG;Antônio Dias;2023;12756
3103108;MG;Antônio Prado de Minas;2023;7201
3103207;MG;Araçaí;2023;6453
3103306;MG;Aracitaba;2023;5514
3103405;MG;Araçuaí;2023;36882
3103504;MG;Araguari;2023;155440
3103603;MG;Arantina;2023;3170
3103702;MG;Araponga;2023;6109
3103751;MG;Araporã;2023;5760
3103801;MG;Arapuá;2023;19000
3103900;MG;Araújos;2023;24723
3104007;MG;Araxá;2023;56518
3104106;MG;Arceburgo;2023;13098
3104205;MG;Arcos;2023;31338
3104304;MG;Areado;2023;19504
3104403;MG;Argirita;2023;10574
3104452;MG;Aricanduva;2023;6985
3104502;MG;Arinos;2023;109502
3104601;MG;Astolfo Dutra;2023;11295
3104700;MG;Ataléia;2023;114761
3104809;MG;Augusto de Lima;2023;33732
3104908;MG;Baependi;2023;39713
3105004;MG;Baldim;2023;17250
3105103;MG;Bambuí;2023;86897
3105202;MG;Bandeira;2023;22205
3105301;MG;Bandeira do Sul;2023;2589
3105400;MG;Barão de Cocais;2023;4210
3105509;MG;Barão do Monte Alto;2023;17120
3105608;MG;Barbacena;2023;29712
3105707;MG;Barra Longa;2023;17435
3105905;MG;Barroso;2023;3767
3106002;MG;Bela Vista de Minas;2023;1897
3106101;MG;Belmiro Braga;2023;19060
3106200;MG;Belo Horizonte;2023;282
3106309;MG;Belo Oriente;2023;6433
3106408;MG;Belo Vale;2023;15666
3106507;MG;Berilo;2023;9143
3106606;MG;Bertópolis;2023;30999
3106655;MG;Berizal;2023;17623
3106705;MG;Betim;2023;8112
3106804;MG;Bias Fortes;2023;15183
3106903;MG;Bicas;2023;10129
3107000;MG;Biquinhas;2023;23935
3107109;MG;Boa Esperança;2023;24612
3107208;MG;Bocaina de Minas;2023;13701
3107307;MG;Bocaiúva;2023;78589
3107406;MG;Bom Despacho;2023;81453
3107505;MG;Bom Jardim de Minas;2023;8546
3107604;MG;Bom Jesus da Penha;2023;7509
3107703;MG;Bom Jesus do Amparo;2023;9481
3107802;MG;Bom Jesus do Galho;2023;24772
3107901;MG;Bom Repouso;2023;14533
3108008;MG;Bom Sucesso;2023;41299
3108107;MG;Bonfim;2023;13102
3108206;MG;Bonfinópolis de Minas;2023;45814
3108255;MG;Bonito de Minas;2023;16544
3108305;MG;Borda da Mata;2023;25804
3108404;MG;Botelhos;2023;17110
3108503;MG;Botumirim;2023;10611
3108552;MG;Brasilândia de Minas;2023;61085
3108602;MG;Brasília de Minas;2023;40328
3108701;MG;Brás Pires;2023;4430
3108800;MG;Braúnas;2023;16406
3108909;MG;Brazópolis;2023;26453
3109006;MG;Brumadinho;2023;15153
3109105;MG;Bueno Brandão;2023;27626
3109204;MG;Buenópolis;2023;28064
3109253;MG;Bugre;2023;8376
3109303;MG;Buritis;2023;87176
3109402;MG;Buritizeiro;2023;82791
3109451;MG;Cabeceira Grande;2023;40968
3109501;MG;Cabo Verde;2023;17018
3109600;MG;Cachoeira da Prata;2023;2871
3109709;MG;Cachoeira de Minas;2023;23281
3109808;MG;Cachoeira Dourada;2023;14800
3109907;MG;Caetanópolis;2023;4918
3110004;MG;Caeté;2023;9188
3110103;MG;Caiana;2023;3802
3110202;MG;Cajuri;2023;2874
3110301;MG;Caldas;2023;43842
3110400;MG;Camacho;2023;9042
3110509;MG;Camanducaia;2023;17576
3110608;MG;Cambuí;2023;18492
3110707;MG;Cambuquira;2023;10498
3110806;MG;Campanário;2023;17506
3110905;MG;Campanha;2023;8207
3111002;MG;Campestre;2023;20343
3111101;MG;Campina Verde;2023;347911
3111150;MG;Campo Azul;2023;12550
3111200;MG;Campo Belo;2023;45036
3111309;MG;Campo do Meio;2023;4288
3111408;MG;Campo Florido;2023;54217
3111507;MG;Campos Altos;2023;20140
3111606;MG;Campos Gerais;2023;22525
3111705;MG;Canaã;2023;6405
3111804;MG;Canápolis;2023;34200
3111903;MG;Cana Verde;2023;19549
3112000;MG;Candeias;2023;41510
3112059;MG;Cantagalo;2023;7157
3112109;MG;Caparaó;2023;1491
3112208;MG;Capela Nova;2023;4442
3112307;MG;Capelinha;2023;16942
3112406;MG;Capetinga;2023;10329
3112505;MG;Capim Branco;2023;5423
3112604;MG;Capinópolis;2023;37210
3112653;MG;Capitão Andrade;2023;18398
3112703;MG;Capitão Enéas;2023;46827
3112802;MG;Capitólio;2023;20147
3112901;MG;Caputira;2023;5530
3113008;MG;Caraí;2023;22717
3113107;MG;Caranaíba;2023;7004
3113206;MG;Carandaí;2023;15927
3113305;MG;Carangola;2023;20153
3113404;MG;Caratinga;2023;40858
3113503;MG;Carbonita;2023;4457
3113602;MG;Careaçu;2023;15906
3113701;MG;Carlos Chagas;2023;237919
3113800;MG;Carmésia;2023;5015
3113909;MG;Carmo da Cachoeira;2023;12748
3114006;MG;Carmo da Mata;2023;27213
3114105;MG;Carmo de Minas;2023;20328
3114204;MG;Carmo do Cajuru;2023;34025
3114303;MG;Carmo do Paranaíba;2023;128430
3114402;MG;Carmo do Rio Claro;2023;38971
3114501;MG;Carmópolis de Minas;2023;30790
3114550;MG;Carneirinho;2023;190871
3114600;MG;Carrancas;2023;17847
3114709;MG;Carvalhópolis;2023;3848
3114808;MG;Carvalhos;2023;16481
3114907;MG;Casa Grande;2023;9729
3115003;MG;Cascalho Rico;2023;29241
3115102;MG;Cássia;2023;44354
3115201;MG;Conceição da Barra de Minas;2023;13935
3115300;MG;Cataguases;2023;25609
3115359;MG;Catas Altas;2023;1802
3115409;MG;Catas Altas da Noruega;2023;3013
3115458;MG;Catuji;2023;10563
3115474;MG;Catuti;2023;10568
3115508;MG;Caxambu;2023;6894
3115607;MG;Cedro do Abaeté;2023;10915
3115706;MG;Central de Minas;2023;12023
3115805;MG;Centralina;2023;19600
3115904;MG;Chácara;2023;8276
3116001;MG;Chalé;2023;11897
3116100;MG;Chapada do Norte;2023;10746
3116159;MG;Chapada Gaúcha;2023;22726
3116209;MG;Chiador;2023;12767
3116308;MG;Cipotânea;2023;5748
3116407;MG;Claraval;2023;9534
3116506;MG;Claro dos Poções;2023;24624
3116605;MG;Cláudio;2023;43735
3116704;MG;Coimbra;2023;6015
3116803;MG;Coluna;2023;17170
3116902;MG;Comendador Gomes;2023;75863
3117009;MG;Comercinho;2023;14815
3117108;MG;Conceição da Aparecida;2023;16366
3117207;MG;Conceição das Pedras;2023;5800
3117306;MG;Conceição das Alagoas;2023;36182
3117405;MG;Conceição de Ipanema;2023;17759
3117504;MG;Conceição do Mato Dentro;2023;31399
3117603;MG;Conceição do Pará;2023;15493
3117702;MG;Conceição do Rio Verde;2023;20648
3117801;MG;Conceição dos Ouros;2023;12200
3117836;MG;Cônego Marinho;2023;8977
3117876;MG;Confins;2023;866
3117900;MG;Congonhal;2023;15901
3118007;MG;Congonhas;2023;3066
3118106;MG;Congonhas do Norte;2023;5633
3118205;MG;Conquista;2023;21038
3118304;MG;Conselheiro Lafaiete;2023;14982
3118403;MG;Conselheiro Pena;2023;63556
3118502;MG;Consolação;2023;8471
3118601;MG;Contagem;2023;1301
3118700;MG;Coqueiral;2023;11509
3118809;MG;Coração de Jesus;2023;60456
3118908;MG;Cordisburgo;2023;31528
3119005;MG;Cordislândia;2023;7972
3119104;MG;Corinto;2023;57543
3119203;MG;Coroaci;2023;16788
3119302;MG;Coromandel;2023;114325
3119401;MG;Coronel Fabriciano;2023;997
3119500;MG;Coronel Murta;2023;16677
3119609;MG;Coronel Pacheco;2023;9751
3119708;MG;Coronel Xavier Chaves;2023;7406
3119807;MG;Córrego Danta;2023;29288
3119906;MG;Córrego do Bom Jesus;2023;7216
3119955;MG;Córrego Fundo;2023;5921
3120003;MG;Córrego Novo;2023;10319
3120102;MG;Couto de Magalhães de Minas;2023;2181
3120151;MG;Crisólita;2023;55904
3120201;MG;Cristais;2023;28106
3120300;MG;Cristália;2023;5094
3120409;MG;Cristiano Otoni;2023;9311
3120508;MG;Cristina;2023;23974
3120607;MG;Crucilândia;2023;10300
3120706;MG;Cruzeiro da Fortaleza;2023;24848
3120805;MG;Cruzília;2023;23494
3120839;MG;Cuparaque;2023;15209
3120870;MG;Curral de Dentro;2023;9199
3120904;MG;Curvelo;2023;95412
3121001;MG;Datas;2023;1748
3121100;MG;Delfim Moreira;2023;14398
3121209;MG;Delfinópolis;2023;34520
3121258;MG;Delta;2023;3837
3121308;MG;Descoberto;2023;12123
3121407;MG;Desterro de Entre Rios;2023;15707
3121506;MG;Desterro do Melo;2023;8567
3121605;MG;Diamantina;2023;14203
3121704;MG;Diogo de Vasconcelos;2023;5090
3121803;MG;Dionísio;2023;11967
3121902;MG;Divinésia;2023;5438
3122009;MG;Divino;2023;14028
3122108;MG;Divino das Laranjeiras;2023;18612
3122207;MG;Divinolândia de Minas;2023;4340
3122306;MG;Divinópolis;2023;47707
3122355;MG;Divisa Alegre;2023;530
3122405;MG;Divisa Nova;2023;13121
3122454;MG;Divisópolis;2023;15221
3122470;MG;Dom Bosco;2023;37002
3122504;MG;Dom Cavati;2023;3411
3122603;MG;Dom Joaquim;2023;14112
3122702;MG;Dom Silvério;2023;9499
3122801;MG;Dom Viçoso;2023;5934
3122900;MG;Dona Euzébia;2023;3970
3123007;MG;Dores de Campos;2023;3088
3123106;MG;Dores de Guanhães;2023;16897
3123205;MG;Dores do Indaiá;2023;72396
3123304;MG;Dores do Turvo;2023;10845
3123403;MG;Doresópolis;2023;10342
3123502;MG;Douradoquara;2023;21329
3123528;MG;Durandé;2023;5614
3123601;MG;Elói Mendes;2023;33490
3123700;MG;Engenheiro Caldas;2023;14220
3123809;MG;Engenheiro Navarro;2023;23375
3123858;MG;Entre Folhas;2023;4068
3123908;MG;Entre Rios de Minas;2023;23804
3124005;MG;Ervália;2023;10103
3124104;MG;Esmeraldas;2023;40805
3124203;MG;Espera Feliz;2023;6659
3124302;MG;Espinosa;2023;34659
3124401;MG;Espírito Santo do Dourado;2023;16540
3124500;MG;Estiva;2023;20045
3124609;MG;Estrela Dalva;2023;10989
3124708;MG;Estrela do Indaiá;2023;45079
3124807;MG;Estrela do Sul;2023;54247
3124906;MG;Eugenópolis;2023;21048
3125002;MG;Ewbank da Câmara;2023;4255
3125101;MG;Extrema;2023;10069
3125200;MG;Fama;2023;2490
3125309;MG;Faria Lemos;2023;10831
3125408;MG;Felício dos Santos;2023;5449
3125507;MG;São Gonçalo do Rio Preto;2023;2591
3125606;MG;Felisburgo;2023;20712
3125705;MG;Felixlândia;2023;41407
3125804;MG;Fernandes Tourinho;2023;12530
3125903;MG;Ferros;2023;34724
3125952;MG;Fervedouro;2023;13639
3126000;MG;Florestal;2023;11980
3126109;MG;Formiga;2023;72692
3126208;MG;Formoso;2023;30271
3126307;MG;Fortaleza de Minas;2023;12544
3126406;MG;Fortuna de Minas;2023;12196
3126505;MG;Francisco Badaró;2023;12081
3126604;MG;Francisco Dumont;2023;24003
3126703;MG;Francisco Sá;2023;98362
3126752;MG;Franciscópolis;2023;37747
3126802;MG;Frei Gaspar;2023;32570
3126901;MG;Frei Inocêncio;2023;34266
3126950;MG;Frei Lagonegro;2023;6357
3127008;MG;Fronteira;2023;8698
3127057;MG;Fronteira dos Vales;2023;18900
3127073;MG;Fruta de Leite;2023;4233
3127107;MG;Frutal;2023;181274
3127206;MG;Funilândia;2023;8782
3127305;MG;Galiléia;2023;40068
3127339;MG;Gameleiras;2023;30140
3127354;MG;Glaucilândia;2023;8811
3127370;MG;Goiabeira;2023;7527
3127388;MG;Goianá;2023;10717
3127404;MG;Gonçalves;2023;9779
3127503;MG;Gonzaga;2023;10806
3127602;MG;Gouveia;2023;10147
3127701;MG;Governador Valadares;2023;140323
3127800;MG;Grão Mogol;2023;17750
3127909;MG;Grupiara;2023;9951
3128006;MG;Guanhães;2023;45283
3128105;MG;Guapé;2023;33706
3128204;MG;Guaraciaba;2023;10862
3128253;MG;Guaraciama;2023;7048
3128303;MG;Guaranésia;2023;16627
3128402;MG;Guarani;2023;19271
3128501;MG;Guarará;2023;6135
3128600;MG;Guarda-Mor;2023;65112
3128709;MG;Guaxupé;2023;9018
3128808;MG;Guidoval;2023;9814
3128907;MG;Guimarânia;2023;26256
3129004;MG;Guiricema;2023;23026
3129103;MG;Gurinhatã;2023;183500
3129202;MG;Heliodora;2023;10092
3129301;MG;Iapu;2023;18051
3129400;MG;Ibertioga;2023;18668
3129509;MG;Ibiá;2023;94972
3129608;MG;Ibiaí;2023;24131
3129657;MG;Ibiracatu;2023;5814
3129707;MG;Ibiraci;2023;18144
3129806;MG;Ibirité;2023;628
3129905;MG;Ibitiúra de Minas;2023;2901
3130002;MG;Ibituruna;2023;12040
3130051;MG;Icaraí de Minas;2023;36960
3130101;MG;Igarapé;2023;3381
3130200;MG;Igaratinga;2023;22416
3130309;MG;Iguatama;2023;27057
3130408;MG;Ijaci;2023;6297
3130507;MG;Ilicínea;2023;12969
3130556;MG;Imbé de Minas;2023;5363
3130606;MG;Inconfidentes;2023;10836
3130655;MG;Indaiabira;2023;10045
3130705;MG;Indianópolis;2023;13462
3130804;MG;Ingaí;2023;15511
3130903;MG;Inhapim;2023;41512
3131000;MG;Inhaúma;2023;18996
3131109;MG;Inimutaba;2023;18447
3131158;MG;Ipaba;2023;2520
3131208;MG;Ipanema;2023;29600
3131307;MG;Ipatinga;2023;2137
3131406;MG;Ipiaçu;2023;31240
3131505;MG;Ipuiúna;2023;16588
3131604;MG;Iraí de Minas;2023;24948
3131703;MG;Itabira;2023;34064
3131802;MG;Itabirinha;2023;12546
3131901;MG;Itabirito;2023;4925
3132008;MG;Itacambira;2023;11645
3132107;MG;Itacarambi;2023;25712
3132206;MG;Itaguara;2023;28493
3132305;MG;Itaipé;2023;14300
3132404;MG;Itajubá;2023;19057
3132503;MG;Itamarandiba;2023;33511
3132602;MG;Itamarati de Minas;2023;11732
3132701;MG;Itambacuri;2023;87084
3132800;MG;Itambé do Mato Dentro;2023;9071
3132909;MG;Itamogi;2023;4027
3133006;MG;Itamonte;2023;14408
3133105;MG;Itanhandu;2023;11177
3133204;MG;Itanhomi;2023;30292
3133303;MG;Itaobim;2023;11121
3133402;MG;Itapagipe;2023;161986
3133501;MG;Itapecerica;2023;54981
3133600;MG;Itapeva;2023;10932
3133709;MG;Itatiaiuçu;2023;7465
3133758;MG;Itaú de Minas;2023;6023
3133808;MG;Itaúna;2023;36012
3133907;MG;Itaverava;2023;7520
3134004;MG;Itinga;2023;29453
3134103;MG;Itueta;2023;19357
3134202;MG;Ituiutaba;2023;198000
3134301;MG;Itumirim;2023;13489
3134400;MG;Iturama;2023;102771
3134509;MG;Itutinga;2023;16308
3134608;MG;Jaboticatubas;2023;15628
3134707;MG;Jacinto;2023;63258
3134806;MG;Jacuí;2023;18867
3134905;MG;Jacutinga;2023;17963
3135001;MG;Jaguaraçu;2023;4554
3135050;MG;Jaíba;2023;63550
3135076;MG;Jampruca;2023;27043
3135100;MG;Janaúba;2023;84644
3135209;MG;Januária;2023;88469
3135308;MG;Japaraíba;2023;12333
3135357;MG;Japonvar;2023;9569
3135407;MG;Jeceaba;2023;6961
3135456;MG;Jenipapo de Minas;2023;6998
3135506;MG;Jequeri;2023;25783
3135605;MG;Jequitaí;2023;51853
3135704;MG;Jequitibá;2023;13679
3135803;MG;Jequitinhonha;2023;59678
3135902;MG;Jesuânia;2023;11088
3136009;MG;Joaíma;2023;62900
3136108;MG;Joanésia;2023;12447
3136207;MG;João Monlevade;2023;1747
3136306;MG;João Pinheiro;2023;234242
3136405;MG;Joaquim Felício;2023;15843
3136504;MG;Jordânia;2023;34475
3136520;MG;José Gonçalves de Minas;2023;3417
3136553;MG;José Raydan;2023;11147
3136579;MG;Josenópolis;2023;2762
3136603;MG;Nova União;2023;5841
3136652;MG;Juatuba;2023;2728
3136702;MG;Juiz de Fora;2023;53252
3136801;MG;Juramento;2023;14344
3136900;MG;Juruaia;2023;10238
3136959;MG;Juvenília;2023;36375
3137007;MG;Ladainha;2023;21964
3137106;MG;Lagamar;2023;67461
3137205;MG;Lagoa da Prata;2023;22790
3137304;MG;Lagoa dos Patos;2023;21816
3137403;MG;Lagoa Dourada;2023;20566
3137502;MG;Lagoa Formosa;2023;105864
3137536;MG;Lagoa Grande;2023;67074
3137601;MG;Lagoa Santa;2023;5743
3137700;MG;Lajinha;2023;12123
3137809;MG;Lambari;2023;7992
3137908;MG;Lamim;2023;4137
3138005;MG;Laranjal;2023;16767
3138104;MG;Lassance;2023;42250
3138203;MG;Lavras;2023;26462
3138302;MG;Leandro Ferreira;2023;20758
3138351;MG;Leme do Prado;2023;1976
3138401;MG;Leopoldina;2023;62417
3138500;MG;Liberdade;2023;17407
3138609;MG;Lima Duarte;2023;31920
3138625;MG;Limeira do Oeste;2023;89843
3138658;MG;Lontra;2023;7670
3138674;MG;Luisburgo;2023;1780
3138682;MG;Luislândia;2023;13145
3138708;MG;Luminárias;2023;14906
3138807;MG;Luz;2023;81795
3138906;MG;Machacalis;2023;34408
3139003;MG;Machado;2023;21122
3139102;MG;Madre de Deus de Minas;2023;14964
3139201;MG;Malacacheta;2023;32014
3139250;MG;Mamonas;2023;9035
3139300;MG;Manga;2023;47509
3139409;MG;Manhuaçu;2023;6124
3139508;MG;Manhumirim;2023;1724
3139607;MG;Mantena;2023;33781
3139706;MG;Maravilhas;2023;19577
3139805;MG;Mar de Espanha;2023;21840
3139904;MG;Maria da Fé;2023;13119
3140001;MG;Mariana;2023;15330
3140100;MG;Marilac;2023;11650
3140159;MG;Mário Campos;2023;292
3140209;MG;Maripá de Minas;2023;5922
3140308;MG;Marliéria;2023;7995
3140407;MG;Marmelópolis;2023;4282
3140506;MG;Martinho Campos;2023;60026
3140530;MG;Martins Soares;2023;1282
3140555;MG;Mata Verde;2023;10797
3140605;MG;Materlândia;2023;14378
3140704;MG;Mateus Leme;2023;13936
3140803;MG;Matias Barbosa;2023;7898
3140852;MG;Matias Cardoso;2023;58431
3140902;MG;Matipó;2023;11275
3141009;MG;Mato Verde;2023;18484
3141108;MG;Matozinhos;2023;10960
3141207;MG;Matutina;2023;26375
3141306;MG;Medeiros;2023;41347
3141405;MG;Medina;2023;31849
3141504;MG;Mendes Pimentel;2023;22274
3141603;MG;Mercês;2023;18089
3141702;MG;Mesquita;2023;11776
3141801;MG;Minas Novas;2023;8675
3141900;MG;Minduri;2023;6503
3142007;MG;Mirabela;2023;17182
3142106;MG;Miradouro;2023;31644
3142205;MG;Miraí;2023;22700
3142254;MG;Miravânia;2023;10693
3142304;MG;Moeda;2023;5179
3142403;MG;Moema;2023;17881
3142502;MG;Monjolos;2023;15317
3142601;MG;Monsenhor Paulo;2023;13635
3142700;MG;Montalvânia;2023;43673
3142809;MG;Monte Alegre de Minas;2023;155062
3142908;MG;Monte Azul;2023;33798
3143005;MG;Monte Belo;2023;21499
3143104;MG;Monte Carmelo;2023;53584
3143153;MG;Monte Formoso;2023;9249
3143203;MG;Monte Santo de Minas;2023;23800
3143302;MG;Montes Claros;2023;107160
3143401;MG;Monte Sião;2023;22477
3143450;MG;Montezuma;2023;6102
3143500;MG;Morada Nova de Minas;2023;49523
3143609;MG;Morro da Garça;2023;23821
3143708;MG;Morro do Pilar;2023;10086
3143807;MG;Munhoz;2023;7561
3143906;MG;Muriaé;2023;60020
3144003;MG;Mutum;2023;70229
3144102;MG;Muzambinho;2023;16240
3144201;MG;Nacip Raydan;2023;10398
3144300;MG;Nanuque;2023;117812
3144359;MG;Naque;2023;5912
3144375;MG;Natalândia;2023;19626
3144409;MG;Natércia;2023;16332
3144508;MG;Nazareno;2023;19220
3144607;MG;Nepomuceno;2023;23303
3144656;MG;Ninheira;2023;8757
3144672;MG;Nova Belém;2023;4141
3144706;MG;Nova Era;2023;9582
3144805;MG;Nova Lima;2023;1306
3144904;MG;Nova Módica;2023;25397
3145000;MG;Nova Ponte;2023;35919
3145059;MG;Nova Porteirinha;2023;3369
3145109;MG;Nova Resende;2023;9555
3145208;MG;Nova Serrana;2023;15225
3145307;MG;Novo Cruzeiro;2023;27700
3145356;MG;Novo Oriente de Minas;2023;33539
3145372;MG;Novorizonte;2023;2412
3145406;MG;Olaria;2023;8992
3145455;MG;Olhos-d'Água;2023;12488
3145505;MG;Olímpio Noronha;2023;3075
3145604;MG;Oliveira;2023;41341
3145703;MG;Oliveira Fortes;2023;6653
3145802;MG;Onça de Pitangui;2023;14438
3145851;MG;Oratórios;2023;3976
3145877;MG;Orizânia;2023;1917
3145901;MG;Ouro Branco;2023;3259
3146008;MG;Ouro Fino;2023;32516
3146107;MG;Ouro Preto;2023;8680
3146206;MG;Ouro Verde de Minas;2023;12971
3146255;MG;Padre Carvalho;2023;2159
3146305;MG;Padre Paraíso;2023;7720
3146404;MG;Paineiras;2023;36097
3146503;MG;Pains;2023;33064
3146552;MG;Pai Pedro;2023;23864
3146602;MG;Paiva;2023;4244
3146701;MG;Palma;2023;23743
3146750;MG;Palmópolis;2023;23133
3146909;MG;Papagaios;2023;28327
3147006;MG;Paracatu;2023;219897
3147105;MG;Pará de Minas;2023;43217
3147204;MG;Paraguaçu;2023;13483
3147303;MG;Paraisópolis;2023;27116
3147402;MG;Paraopeba;2023;32071
3147501;MG;Passabém;2023;3736
3147600;MG;Passa Quatro;2023;17259
3147709;MG;Passa Tempo;2023;23495
3147808;MG;Passa Vinte;2023;11080
3147907;MG;Passos;2023;119474
3147956;MG;Patis;2023;13289
3148004;MG;Patos de Minas;2023;222624
3148103;MG;Patrocínio;2023;107982
3148202;MG;Patrocínio do Muriaé;2023;9440
3148301;MG;Paula Cândido;2023;9282
3148400;MG;Paulistas;2023;10946
3148509;MG;Pavão;2023;38551
3148608;MG;Peçanha;2023;33000
3148707;MG;Pedra Azul;2023;34950
3148756;MG;Pedra Bonita;2023;2482
3148806;MG;Pedra do Anta;2023;9444
3148905;MG;Pedra do Indaiá;2023;23642
3149002;MG;Pedra Dourada;2023;2677
3149101;MG;Pedralva;2023;14042
3149150;MG;Pedras de Maria da Cruz;2023;46742
3149200;MG;Pedrinópolis;2023;16365
3149309;MG;Pedro Leopoldo;2023;12335
3149408;MG;Pedro Teixeira;2023;6125
3149507;MG;Pequeri;2023;6780
3149606;MG;Pequi;2023;14693
3149705;MG;Perdigão;2023;14468
3149804;MG;Perdizes;2023;88644
3149903;MG;Perdões;2023;20779
3149952;MG;Periquito;2023;8975
3150000;MG;Pescador;2023;17521
3150109;MG;Piau;2023;9520
3150158;MG;Piedade de Caratinga;2023;1735
3150208;MG;Piedade de Ponte Nova;2023;5425
3150307;MG;Piedade do Rio Grande;2023;11581
3150406;MG;Piedade dos Gerais;2023;12449
3150505;MG;Pimenta;2023;32155
3150539;MG;Pingo-d'Água;2023;1857
3150570;MG;Pintópolis;2023;31446
3150604;MG;Piracema;2023;22934
3150703;MG;Pirajuba;2023;5051
3150802;MG;Piranga;2023;20417
3150901;MG;Piranguçu;2023;10608
3151008;MG;Piranguinho;2023;12416
3151107;MG;Pirapetinga;2023;12860
3151206;MG;Pirapora;2023;7409
3151305;MG;Piraúba;2023;6782
3151404;MG;Pitangui;2023;34786
3151503;MG;Piumhi;2023;47391
3151602;MG;Planura;2023;9151
3151701;MG;Poço Fundo;2023;29752
3151800;MG;Poços de Caldas;2023;15864
3151909;MG;Pocrane;2023;35375
3152006;MG;Pompéu;2023;105971
3152105;MG;Ponte Nova;2023;26482
3152131;MG;Ponto Chique;2023;19036
3152170;MG;Ponto dos Volantes;2023;16366
3152204;MG;Porteirinha;2023;58702
3152303;MG;Porto Firme;2023;10202
3152402;MG;Poté;2023;23867
3152501;MG;Pouso Alegre;2023;32871
3152600;MG;Pouso Alto;2023;22804
3152709;MG;Prados;2023;10234
3152808;MG;Prata;2023;393658
3152907;MG;Pratápolis;2023;17246
3153004;MG;Pratinha;2023;21686
3153103;MG;Presidente Bernardes;2023;7725
3153202;MG;Presidente Juscelino;2023;20525
3153301;MG;Presidente Kubitschek;2023;1602
3153400;MG;Presidente Olegário;2023;132882
3153509;MG;Alto Jequitibá;2023;2251
3153608;MG;Prudente de Morais;2023;7004
3153707;MG;Quartel Geral;2023;30597
3153806;MG;Queluzito;2023;9013
3153905;MG;Raposos;2023;89
3154002;MG;Raul Soares;2023;46400
3154101;MG;Recreio;2023;15046
3154150;MG;Reduto;2023;3151
3154200;MG;Resende Costa;2023;24346
3154309;MG;Resplendor;2023;62589
3154408;MG;Ressaquinha;2023;8894
3154457;MG;Riachinho;2023;58200
3154507;MG;Riacho dos Machados;2023;13258
3154606;MG;Ribeirão das Neves;2023;2282
3154705;MG;Ribeirão Vermelho;2023;3558
3154804;MG;Rio Acima;2023;723
3154903;MG;Rio Casca;2023;23561
3155009;MG;Rio Doce;2023;6073
3155108;MG;Rio do Prado;2023;22226
3155207;MG;Rio Espera;2023;12998
3155306;MG;Rio Manso;2023;11062
3155405;MG;Rio Novo;2023;15641
3155504;MG;Rio Paranaíba;2023;71987
3155603;MG;Rio Pardo de Minas;2023;17803
3155702;MG;Rio Piracicaba;2023;12752
3155801;MG;Rio Pomba;2023;17613
3155900;MG;Rio Preto;2023;12518
3156007;MG;Rio Vermelho;2023;31543
3156106;MG;Ritápolis;2023;13896
3156205;MG;Rochedo de Minas;2023;4792
3156304;MG;Rodeiro;2023;5378
3156403;MG;Romaria;2023;8912
3156452;MG;Rosário da Limeira;2023;5250
3156502;MG;Rubelita;2023;18603
3156601;MG;Rubim;2023;45427
3156700;MG;Sabará;2023;2082
3156809;MG;Sabinópolis;2023;37706
3156908;MG;Sacramento;2023;117317
3157005;MG;Salinas;2023;42959
3157104;MG;Salto da Divisa;2023;57759
3157203;MG;Santa Bárbara;2023;4720
3157252;MG;Santa Bárbara do Leste;2023;1425
3157278;MG;Santa Bárbara do Monte Verde;2023;17029
3157302;MG;Santa Bárbara do Tugúrio;2023;14023
3157336;MG;Santa Cruz de Minas;2023;60
3157377;MG;Santa Cruz de Salinas;2023;10556
3157401;MG;Santa Cruz do Escalvado;2023;16003
3157500;MG;Santa Efigênia de Minas;2023;6200
3157609;MG;Santa Fé de Minas;2023;39110
3157658;MG;Santa Helena de Minas;2023;15504
3157708;MG;Santa Juliana;2023;30018
3157807;MG;Santa Luzia;2023;4924
3157906;MG;Santa Margarida;2023;3663
3158003;MG;Santa Maria de Itabira;2023;15774
3158102;MG;Santa Maria do Salto;2023;14496
3158201;MG;Santa Maria do Suaçuí;2023;31290
3158300;MG;Santana da Vargem;2023;3010
3158409;MG;Santana de Cataguases;2023;11129
3158508;MG;Santana de Pirapama;2023;25467
3158607;MG;Santana do Deserto;2023;7303
3158706;MG;Santana do Garambéu;2023;6139
3158805;MG;Santana do Jacaré;2023;7826
3158904;MG;Santana do Manhuaçu;2023;11370
3158953;MG;Santana do Paraíso;2023;5131
3159001;MG;Santana do Riacho;2023;4375
3159100;MG;Santana dos Montes;2023;7015
3159209;MG;Santa Rita de Caldas;2023;38077
3159308;MG;Santa Rita de Jacutinga;2023;23313
3159357;MG;Santa Rita de Minas;2023;1649
3159407;MG;Santa Rita de Ibitipoca;2023;14273
3159506;MG;Santa Rita do Itueto;2023;15495
3159605;MG;Santa Rita do Sapucaí;2023;25122
3159704;MG;Santa Rosa da Serra;2023;12529
3159803;MG;Santa Vitória;2023;297000
3159902;MG;Santo Antônio do Amparo;2023;15747
3160009;MG;Santo Antônio do Aventureiro;2023;13772
3160108;MG;Santo Antônio do Grama;2023;8048
3160207;MG;Santo Antônio do Itambé;2023;11228
3160306;MG;Santo Antônio do Jacinto;2023;28199
3160405;MG;Santo Antônio do Monte;2023;86558
3160454;MG;Santo Antônio do Retiro;2023;4168
3160504;MG;Santo Antônio do Rio Abaixo;2023;6263
3160603;MG;Santo Hipólito;2023;22449
3160702;MG;Santos Dumont;2023;28062
3160801;MG;São Bento Abade;2023;1890
3160900;MG;São Brás do Suaçuí;2023;3763
3160959;MG;São Domingos das Dores;2023;401
3161007;MG;São Domingos do Prata;2023;29512
3161056;MG;São Félix de Minas;2023;10051
3161106;MG;São Francisco;2023;143636
3161205;MG;São Francisco de Paula;2023;16171
3161304;MG;São Francisco de Sales;2023;86537
3161403;MG;São Francisco do Glória;2023;12616
3161502;MG;São Geraldo;2023;9365
3161601;MG;São Geraldo da Piedade;2023;10041
3161650;MG;São Geraldo do Baixio;2023;15591
3161700;MG;São Gonçalo do Abaeté;2023;43210
3161809;MG;São Gonçalo do Pará;2023;17680
3161908;MG;São Gonçalo do Rio Abaixo;2023;12176
3162005;MG;São Gonçalo do Sapucaí;2023;29583
3162104;MG;São Gotardo;2023;57788
3162203;MG;São João Batista do Glória;2023;24724
3162252;MG;São João da Lagoa;2023;25027
3162302;MG;São João da Mata;2023;8011
3162401;MG;São João da Ponte;2023;192163
3162450;MG;São João das Missões;2023;13672
3162500;MG;São João del Rei;2023;41254
3162559;MG;São João do Manhuaçu;2023;1504
3162575;MG;São João do Manteninha;2023;10885
3162609;MG;São João do Oriente;2023;9418
3162658;MG;São João do Pacuí;2023;18287
3162708;MG;São João do Paraíso;2023;13046
3162807;MG;São João Evangelista;2023;25685
3162906;MG;São João Nepomuceno;2023;28335
3162922;MG;São Joaquim de Bicas;2023;1547
3162948;MG;São José da Barra;2023;11891
3162955;MG;São José da Lapa;2023;1176
3163003;MG;São José da Safira;2023;8372
3163102;MG;São José da Varginha;2023;19912
3163201;MG;São José do Alegre;2023;8424
3163300;MG;São José do Divino;2023;22175
3163409;MG;São José do Goiabal;2023;12230
3163508;MG;São José do Jacuri;2023;15632
3163607;MG;São José do Mantimento;2023;2647
3163706;MG;São Lourenço;2023;2760
3163805;MG;São Miguel do Anta;2023;7963
3163904;MG;São Pedro da União;2023;13368
3164001;MG;São Pedro dos Ferros;2023;19582
3164100;MG;São Pedro do Suaçuí;2023;14800
3164209;MG;São Romão;2023;33178
3164308;MG;São Roque de Minas;2023;62203
3164407;MG;São Sebastião da Bela Vista;2023;10085
3164431;MG;São Sebastião da Vargem Alegre;2023;5943
3164472;MG;São Sebastião do Anta;2023;2087
3164506;MG;São Sebastião do Maranhão;2023;22869
3164605;MG;São Sebastião do Oeste;2023;29914
3164704;MG;São Sebastião do Paraíso;2023;35642
3164803;MG;São Sebastião do Rio Preto;2023;5630
3164902;MG;São Sebastião do Rio Verde;2023;7165
3165008;MG;São Tiago;2023;30362
3165107;MG;São Tomás de Aquino;2023;7693
3165206;MG;São Tomé das Letras;2023;14411
3165305;MG;São Vicente de Minas;2023;16813
3165404;MG;Sapucaí-Mirim;2023;5446
3165503;MG;Sardoá;2023;4610
3165537;MG;Sarzedo;2023;853
3165552;MG;Setubinha;2023;6799
3165560;MG;Sem-Peixe;2023;10857
3165578;MG;Senador Amaral;2023;4933
3165602;MG;Senador Cortes;2023;6225
3165701;MG;Senador Firmino;2023;5806
3165800;MG;Senador José Bento;2023;7700
3165909;MG;Senador Modestino Gonçalves;2023;8832
3166006;MG;Senhora de Oliveira;2023;4436
3166105;MG;Senhora do Porto;2023;15320
3166204;MG;Senhora dos Remédios;2023;15851
3166303;MG;Sericita;2023;5273
3166402;MG;Seritinga;2023;6025
3166501;MG;Serra Azul de Minas;2023;8862
3166600;MG;Serra da Saudade;2023;19436
3166709;MG;Serra dos Aimorés;2023;17174
3166808;MG;Serra do Salitre;2023;56346
3166907;MG;Serrania;2023;9654
3166956;MG;Serranópolis de Minas;2023;10988
3167004;MG;Serranos;2023;12278
3167103;MG;Serro;2023;31236
3167202;MG;Sete Lagoas;2023;18924
3167301;MG;Silveirânia;2023;9533
3167400;MG;Silvianópolis;2023;27538
3167509;MG;Simão Pereira;2023;6832
3167608;MG;Simonésia;2023;8081
3167707;MG;Sobrália;2023;15356
3167806;MG;Soledade de Minas;2023;14739
3167905;MG;Tabuleiro;2023;12491
3168002;MG;Taiobeiras;2023;15040
3168051;MG;Taparuba;2023;12589
3168101;MG;Tapira;2023;43641
3168200;MG;Tapiraí;2023;19158
3168309;MG;Taquaraçu de Minas;2023;8581
3168408;MG;Tarumirim;2023;44323
3168507;MG;Teixeiras;2023;8277
3168606;MG;Teófilo Otoni;2023;144404
3168705;MG;Timóteo;2023;1031
3168804;MG;Tiradentes;2023;2868
3168903;MG;Tiros;2023;104012
3169000;MG;Tocantins;2023;11327
3169059;MG;Tocos do Moji;2023;9986
3169109;MG;Toledo;2023;7114
3169208;MG;Tombos;2023;20237
3169307;MG;Três Corações;2023;39214
3169356;MG;Três Marias;2023;25954
3169406;MG;Três Pontas;2023;18246
3169505;MG;Tumiritinga;2023;25351
3169604;MG;Tupaciguara;2023;102166
3169703;MG;Turmalina;2023;4044
3169802;MG;Turvolândia;2023;14628
3169901;MG;Ubá;2023;18639
3170008;MG;Ubaí;2023;30415
3170057;MG;Ubaporanga;2023;5280
3170107;MG;Uberaba;2023;168406
3170206;MG;Uberlândia;2023;201049
3170305;MG;Umburatiba;2023;24421
3170404;MG;Unaí;2023;274369
3170438;MG;União de Minas;2023;117312
3170479;MG;Uruana de Minas;2023;15868
3170503;MG;Urucânia;2023;4879
3170529;MG;Urucuia;2023;43165
3170578;MG;Vargem Alegre;2023;7285
3170602;MG;Vargem Bonita;2023;14174
3170651;MG;Vargem Grande do Rio Pardo;2023;3519
3170701;MG;Varginha;2023;15777
3170750;MG;Varjão de Minas;2023;32951
3170800;MG;Várzea da Palma;2023;81205
3170909;MG;Varzelândia;2023;22288
3171006;MG;Vazante;2023;85465
3171030;MG;Verdelândia;2023;46557
3171071;MG;Veredinha;2023;2920
3171105;MG;Veríssimo;2023;49632
3171154;MG;Vermelho Novo;2023;3992
3171204;MG;Vespasiano;2023;874
3171303;MG;Viçosa;2023;10261
3171402;MG;Vieiras;2023;15239
3171501;MG;Mathias Lobato;2023;12847
3171600;MG;Virgem da Lapa;2023;15571
3171709;MG;Virgínia;2023;24769
3171808;MG;Virginópolis;2023;16555
3171907;MG;Virgolândia;2023;15584
3172004;MG;Visconde do Rio Branco;2023;16677
3172103;MG;Volta Grande;2023;14365
3172202;MG;Wenceslau Braz;2023;8387
3200102;ES;Afonso Cláudio;2023;31705
3200136;ES;Águia Branca;2023;19111
3200169;ES;Água Doce do Norte;2023;27829
3200201;ES;Alegre;2023;71797
3200300;ES;Alfredo Chaves;2023;18624
3200359;ES;Alto Rio Novo;2023;9943
3200409;ES;Anchieta;2023;29494
3200508;ES;Apiacá;2023;19250
3200607;ES;Aracruz;2023;43565
3200706;ES;Atílio Vivácqua;2023;21151
3200805;ES;Baixo Guandu;2023;51743
3200904;ES;Barra de São Francisco;2023;72721
3201001;ES;Boa Esperança;2023;18386
3201100;ES;Bom Jesus do Norte;2023;7946
3201159;ES;Brejetuba;2023;2633
3201209;ES;Cachoeiro de Itapemirim;2023;67257
3201308;ES;Cariacica;2023;6081
3201407;ES;Castelo;2023;36649
3201506;ES;Colatina;2023;60047
3201605;ES;Conceição da Barra;2023;9945
3201704;ES;Conceição do Castelo;2023;8653
3201803;ES;Divino de São Lourenço;2023;8236
3201902;ES;Domingos Martins;2023;7367
3202009;ES;Dores do Rio Preto;2023;6358
3202108;ES;Ecoporanga;2023;226147
3202207;ES;Fundão;2023;13289
3202256;ES;Governador Lindenberg;2023;5691
3202306;ES;Guaçuí;2023;30131
3202405;ES;Guarapari;2023;20517
3202454;ES;Ibatiba;2023;2243
3202504;ES;Ibiraçu;2023;7073
3202553;ES;Ibitirama;2023;11097
3202603;ES;Iconha;2023;15441
3202652;ES;Irupi;2023;1665
3202702;ES;Itaguaçu;2023;18310
3202801;ES;Itapemirim;2023;51758
3202900;ES;Itarana;2023;8101
3203007;ES;Iúna;2023;7989
3203056;ES;Jaguaré;2023;8274
3203106;ES;Jerônimo Monteiro;2023;20921
3203130;ES;João Neiva;2023;16217
3203163;ES;Laranja da Terra;2023;16766
3203205;ES;Linhares;2023;141658
3203304;ES;Mantenópolis;2023;12044
3203320;ES;Marataízes;2023;2577
3203346;ES;Marechal Floriano;2023;669
3203353;ES;Marilândia;2023;5127
3203403;ES;Mimoso do Sul;2023;62174
3203502;ES;Montanha;2023;95936
3203601;ES;Mucurici;2023;84918
3203700;ES;Muniz Freire;2023;28540
3203809;ES;Muqui;2023;24913
3203908;ES;Nova Venécia;2023;80728
3204005;ES;Pancas;2023;28725
3204054;ES;Pedro Canário;2023;23812
3204104;ES;Pinheiros;2023;45811
3204203;ES;Piúma;2023;6289
3204252;ES;Ponto Belo;2023;47110
3204302;ES;Presidente Kennedy;2023;62082
3204351;ES;Rio Bananal;2023;8221
3204401;ES;Rio Novo do Sul;2023;17272
3204500;ES;Santa Leopoldina;2023;14486
3204559;ES;Santa Maria de Jetibá;2023;6835
3204609;ES;Santa Teresa;2023;10544
3204658;ES;São Domingos do Norte;2023;10392
3204708;ES;São Gabriel da Palha;2023;14306
3204807;ES;São José do Calçado;2023;23314
3204906;ES;São Mateus;2023;81904
3204955;ES;São Roque do Canaã;2023;11163
3205002;ES;Serra;2023;18545
3205010;ES;Sooretama;2023;7190
3205036;ES;Vargem Alta;2023;9314
3205069;ES;Venda Nova do Imigrante;2023;3048
3205101;ES;Viana;2023;18385
3205150;ES;Vila Pavão;2023;18626
3205176;ES;Vila Valério;2023;6002
3205200;ES;Vila Velha;2023;8203
3205309;ES;Vitória;2023;98
3300100;RJ;Angra dos Reis;2023;6580
3300159;RJ;Aperibé;2023;8090
3300209;RJ;Araruama;2023;29870
3300225;RJ;Areal;2023;4114
3300233;RJ;Armação dos Búzios;2023;1710
3300308;RJ;Barra do Piraí;2023;43363
3300407;RJ;Barra Mansa;2023;43532
3300456;RJ;Belford Roxo;2023;477
3300506;RJ;Bom Jardim;2023;18630
3300605;RJ;Bom Jesus do Itabapoana;2023;84875
3300704;RJ;Cabo Frio;2023;24390
3300803;RJ;Cachoeiras de Macacu;2023;36243
3300902;RJ;Cambuci;2023;72852
3300936;RJ;Carapebus;2023;26500
3300951;RJ;Comendador Levy Gasparian;2023;6907
3301009;RJ;Campos dos Goytacazes;2023;285223
3301108;RJ;Cantagalo;2023;78340
3301157;RJ;Cardoso Moreira;2023;56483
3301207;RJ;Carmo;2023;34231
3301306;RJ;Casimiro de Abreu;2023;26693
3301405;RJ;Conceição de Macabu;2023;42770
3301504;RJ;Cordeiro;2023;11120
3301603;RJ;Duas Barras;2023;23364
3301702;RJ;Duque de Caxias;2023;8600
3301801;RJ;Engenheiro Paulo de Frontin;2023;847
3301850;RJ;Guapimirim;2023;25350
3301876;RJ;Iguaba Grande;2023;2820
3301900;RJ;Itaboraí;2023;28011
3302007;RJ;Itaguaí;2023;12115
3302056;RJ;Italva;2023;28350
3302106;RJ;Itaocara;2023;43808
3302205;RJ;Itaperuna;2023;146760
3302254;RJ;Itatiaia;2023;4439
3302270;RJ;Japeri;2023;3286
3302304;RJ;Laje do Muriaé;2023;25800
3302403;RJ;Macaé;2023;99154
3302452;RJ;Macuco;2023;10986
3302502;RJ;Magé;2023;6658
3302601;RJ;Mangaratiba;2023;4934
3302700;RJ;Maricá;2023;6993
3302809;RJ;Mendes;2023;1180
3302858;RJ;Mesquita;2023;15
3302908;RJ;Miguel Pereira;2023;10930
3303005;RJ;Miracema;2023;32160
3303104;RJ;Natividade;2023;49469
3303302;RJ;Niterói;2023;372
3303401;RJ;Nova Friburgo;2023;6632
3303500;RJ;Nova Iguaçu;2023;4036
3303609;RJ;Paracambi;2023;7230
3303708;RJ;Paraíba do Sul;2023;39141
3303807;RJ;Paraty;2023;2600
3303856;RJ;Paty do Alferes;2023;19589
3303906;RJ;Petrópolis;2023;5337
3303955;RJ;Pinheiral;2023;4680
3304003;RJ;Piraí;2023;25885
3304102;RJ;Porciúncula;2023;24315
3304110;RJ;Porto Real;2023;6391
3304128;RJ;Quatis;2023;32892
3304144;RJ;Queimados;2023;2522
3304151;RJ;Quissamã;2023;52747
3304201;RJ;Resende;2023;56768
3304300;RJ;Rio Bonito;2023;37213
3304409;RJ;Rio Claro;2023;48626
3304508;RJ;Rio das Flores;2023;28817
3304524;RJ;Rio das Ostras;2023;16558
3304557;RJ;Rio de Janeiro;2023;2809
3304607;RJ;Santa Maria Madalena;2023;49962
3304706;RJ;Santo Antônio de Pádua;2023;63174
3304755;RJ;São Francisco de Itabapoana;2023;73030
3304805;RJ;São Fidélis;2023;108055
3304904;RJ;São Gonçalo;2023;2762
3305000;RJ;São João da Barra;2023;25241
3305133;RJ;São José de Ubá;2023;39285
3305158;RJ;São José do Vale do Rio Preto;2023;4006
3305208;RJ;São Pedro da Aldeia;2023;22500
3305307;RJ;São Sebastião do Alto;2023;45360
3305406;RJ;Sapucaia;2023;34935
3305505;RJ;Saquarema;2023;10457
3305554;RJ;Seropédica;2023;12900
3305604;RJ;Silva Jardim;2023;64450
3305703;RJ;Sumidouro;2023;25086
3305752;RJ;Tanguá;2023;10562
3305802;RJ;Teresópolis;2023;8452
3305901;RJ;Trajano de Moraes;2023;27849
3306008;RJ;Três Rios;2023;16859
3306107;RJ;Valença;2023;107028
3306156;RJ;Varre-Sai;2023;17500
3306206;RJ;Vassouras;2023;46107
3306305;RJ;Volta Redonda;2023;5382
3500105;SP;Adamantina;2023;41150
3500204;SP;Adolfo;2023;3569
3500303;SP;Aguaí;2023;4350
3500402;SP;Águas da Prata;2023;12800
3500501;SP;Águas de Lindóia;2023;4519
3500550;SP;Águas de Santa Bárbara;2023;9652
3500709;SP;Agudos;2023;30400
3500758;SP;Alambari;2023;8365
3500808;SP;Alfredo Marcondes;2023;24739
3500907;SP;Altair;2023;38520
3501004;SP;Altinópolis;2023;18000
3501103;SP;Alto Alegre;2023;24381
3501152;SP;Alumínio;2023;780
3501202;SP;Álvares Florence;2023;44203
3501301;SP;Álvares Machado;2023;52647
3501400;SP;Álvaro de Carvalho;2023;11115
3501509;SP;Alvinlândia;2023;6225
3501608;SP;Americana;2023;815
3501707;SP;Américo Brasiliense;2023;235
3501806;SP;Américo de Campos;2023;22957
3501905;SP;Amparo;2023;27131
3502002;SP;Analândia;2023;11300
3502101;SP;Andradina;2023;51990
3502200;SP;Angatuba;2023;44366
3502309;SP;Anhembi;2023;32250
3502408;SP;Anhumas;2023;26925
3502507;SP;Aparecida;2023;4586
3502606;SP;Aparecida d'Oeste;2023;22100
3502705;SP;Apiaí;2023;5965
3502754;SP;Araçariguama;2023;2000
3502804;SP;Araçatuba;2023;62401
3502903;SP;Araçoiaba da Serra;2023;4600
3503000;SP;Aramina;2023;1753
3503109;SP;Arandu;2023;9456
3503158;SP;Arapeí;2023;7600
3503208;SP;Araraquara;2023;9977
3503307;SP;Araras;2023;7992
3503356;SP;Arco-Íris;2023;20776
3503406;SP;Arealva;2023;37583
3503505;SP;Areias;2023;16500
3503604;SP;Areiópolis;2023;277
3503703;SP;Ariranha;2023;295
3503802;SP;Artur Nogueira;2023;6712
3503901;SP;Arujá;2023;225
3503950;SP;Aspásia;2023;7050
3504008;SP;Assis;2023;16600
3504107;SP;Atibaia;2023;12500
3504206;SP;Auriflama;2023;53842
3504305;SP;Avaí;2023;35558
3504404;SP;Avanhandava;2023;9008
3504503;SP;Avaré;2023;34135
3504602;SP;Bady Bassitt;2023;9875
3504701;SP;Balbinos;2023;2728
3504800;SP;Bálsamo;2023;9850
3504909;SP;Bananal;2023;31100
3505005;SP;Barão de Antonina;2023;9800
3505104;SP;Barbosa;2023;8867
3505203;SP;Bariri;2023;17322
3505302;SP;Barra Bonita;2023;401
3505351;SP;Barra do Chapéu;2023;2238
3505401;SP;Barra do Turvo;2023;8670
3505500;SP;Barretos;2023;47781
3505609;SP;Barrinha;2023;365
3505807;SP;Bastos;2023;19623
3505906;SP;Batatais;2023;22000
3506003;SP;Bauru;2023;41524
3506102;SP;Bebedouro;2023;12750
3506201;SP;Bento de Abreu;2023;13867
3506300;SP;Bernardino de Campos;2023;7617
3506409;SP;Bilac;2023;13354
3506508;SP;Birigui;2023;42379
3506607;SP;Biritiba Mirim;2023;732
3506706;SP;Boa Esperança do Sul;2023;12957
3506805;SP;Bocaina;2023;13140
3506904;SP;Bofete;2023;36050
3507001;SP;Boituva;2023;14500
3507100;SP;Bom Jesus dos Perdões;2023;2400
3507159;SP;Bom Sucesso de Itararé;2023;950
3507209;SP;Borá;2023;6000
3507308;SP;Boracéia;2023;2590
3507407;SP;Borborema;2023;12900
3507456;SP;Borebi;2023;3291
3507506;SP;Botucatu;2023;35860
3507605;SP;Bragança Paulista;2023;29000
3507704;SP;Braúna;2023;10183
3507753;SP;Brejo Alegre;2023;5014
3507803;SP;Brodowski;2023;14000
3507902;SP;Brotas;2023;24456
3508009;SP;Buri;2023;20471
3508108;SP;Buritama;2023;28190
3508207;SP;Buritizal;2023;11102
3508306;SP;Cabrália Paulista;2023;12950
3508405;SP;Cabreúva;2023;7300
3508504;SP;Caçapava;2023;25000
3508603;SP;Cachoeira Paulista;2023;29215
3508702;SP;Caconde;2023;30500
3508801;SP;Cafelândia;2023;37617
3508900;SP;Caiabu;2023;22412
3509007;SP;Caieiras;2023;13
3509106;SP;Caiuá;2023;69048
3509205;SP;Cajamar;2023;138
3509254;SP;Cajati;2023;6200
3509304;SP;Cajobi;2023;3200
3509403;SP;Cajuru;2023;27000
3509452;SP;Campina do Monte Alegre;2023;4558
3509502;SP;Campinas;2023;29000
3509601;SP;Campo Limpo Paulista;2023;259
3509700;SP;Campos do Jordão;2023;598
3509809;SP;Campos Novos Paulista;2023;12200
3509908;SP;Cananéia;2023;780
3509957;SP;Canas;2023;3877
3510005;SP;Cândido Mota;2023;4800
3510104;SP;Cândido Rodrigues;2023;536
3510153;SP;Canitar;2023;1400
3510203;SP;Capão Bonito;2023;21265
3510302;SP;Capela do Alto;2023;9400
3510401;SP;Capivari;2023;5227
3510500;SP;Caraguatatuba;2023;7421
3510708;SP;Cardoso;2023;50944
3510807;SP;Casa Branca;2023;15190
3510906;SP;Cássia dos Coqueiros;2023;15000
3511003;SP;Castilho;2023;62053
3511102;SP;Catanduva;2023;3220
3511201;SP;Catiguá;2023;1020
3511300;SP;Cedral;2023;14167
3511409;SP;Cerqueira César;2023;18599
3511508;SP;Cerquilho;2023;9300
3511607;SP;Cesário Lange;2023;10400
3511706;SP;Charqueada;2023;7410
3511904;SP;Clementina;2023;17665
3512001;SP;Colina;2023;14687
3512100;SP;Colômbia;2023;13287
3512209;SP;Conchal;2023;1975
3512308;SP;Conchas;2023;66980
3512407;SP;Cordeirópolis;2023;768
3512506;SP;Coroados;2023;11500
3512605;SP;Coronel Macedo;2023;14900
3512704;SP;Corumbataí;2023;17850
3512803;SP;Cosmópolis;2023;1600
3512902;SP;Cosmorama;2023;28238
3513108;SP;Cravinhos;2023;5000
3513207;SP;Cristais Paulista;2023;21700
3513306;SP;Cruzália;2023;850
3513405;SP;Cruzeiro;2023;17825
3513603;SP;Cunha;2023;129708
3513702;SP;Descalvado;2023;25950
3513850;SP;Dirce Reis;2023;11020
3513900;SP;Divinolândia;2023;23200
3514007;SP;Dobrada;2023;735
3514106;SP;Dois Córregos;2023;14630
3514205;SP;Dolcinópolis;2023;5380
3514304;SP;Dourado;2023;11300
3514403;SP;Dracena;2023;27000
3514502;SP;Duartina;2023;23500
3514601;SP;Dumont;2023;332
3514700;SP;Echaporã;2023;36000
3514809;SP;Eldorado;2023;11060
3514908;SP;Elias Fausto;2023;12500
3514924;SP;Elisiário;2023;1520
3514957;SP;Embaúba;2023;850
3515129;SP;Emilianópolis;2023;26100
3515152;SP;Engenheiro Coelho;2023;4075
3515186;SP;Espírito Santo do Pinhal;2023;16500
3515194;SP;Espírito Santo do Turvo;2023;15200
3515202;SP;Estrela d'Oeste;2023;36293
3515301;SP;Estrela do Norte;2023;12208
3515350;SP;Euclides da Cunha Paulista;2023;55746
3515400;SP;Fartura;2023;42361
3515509;SP;Fernandópolis;2023;42829
3515608;SP;Fernando Prestes;2023;3066
3515657;SP;Fernão;2023;5908
3515707;SP;Ferraz de Vasconcelos;2023;66
3515806;SP;Flora Rica;2023;21270
3515905;SP;Floreal;2023;18544
3516002;SP;Flórida Paulista;2023;47865
3516101;SP;Florínea;2023;630
3516200;SP;Franca;2023;18200
3516309;SP;Francisco Morato;2023;120
3516408;SP;Franco da Rocha;2023;74
3516507;SP;Gabriel Monteiro;2023;12674
3516606;SP;Gália;2023;16550
3516705;SP;Garça;2023;41031
3516804;SP;Gastão Vidigal;2023;14144
3516853;SP;Gavião Peixoto;2023;1810
3516903;SP;General Salgado;2023;45258
3517000;SP;Getulina;2023;38212
3517109;SP;Glicério;2023;14996
3517208;SP;Guaiçara;2023;23942
3517307;SP;Guaimbê;2023;17129
3517406;SP;Guaíra;2023;21832
3517505;SP;Guapiaçu;2023;12950
3517604;SP;Guapiara;2023;6717
3517703;SP;Guará;2023;2970
3517802;SP;Guaraçaí;2023;45035
3517901;SP;Guaraci;2023;18974
3518008;SP;Guarani d'Oeste;2023;10051
3518107;SP;Guarantã;2023;38231
3518206;SP;Guararapes;2023;46181
3518305;SP;Guararema;2023;9320
3518404;SP;Guaratinguetá;2023;58084
3518503;SP;Guareí;2023;41222
3518602;SP;Guariba;2023;707
3518859;SP;Guatapará;2023;3800
3518909;SP;Guzolândia;2023;32278
3519006;SP;Herculândia;2023;32986
3519055;SP;Holambra;2023;1290
3519105;SP;Iacanga;2023;17088
3519204;SP;Iacri;2023;26635
3519253;SP;Iaras;2023;7168
3519303;SP;Ibaté;2023;4700
3519402;SP;Ibirá;2023;13818
3519501;SP;Ibirarema;2023;3700
3519600;SP;Ibitinga;2023;10750
3519709;SP;Ibiúna;2023;2150
3519808;SP;Icém;2023;9153
3519907;SP;Iepê;2023;14511
3520004;SP;Igaraçu do Tietê;2023;253
3520103;SP;Igarapava;2023;9095
3520202;SP;Igaratá;2023;9000
3520301;SP;Iguape;2023;4700
3520400;SP;Ilhabela;2023;31
3520442;SP;Ilha Solteira;2023;21121
3520509;SP;Indaiatuba;2023;9780
3520608;SP;Indiana;2023;15945
3520707;SP;Indiaporã;2023;27673
3520806;SP;Inúbia Paulista;2023;10128
3520905;SP;Ipaussu;2023;4500
3521002;SP;Iperó;2023;5250
3521101;SP;Ipeúna;2023;12551
3521150;SP;Ipiguá;2023;9828
3521200;SP;Iporanga;2023;2100
3521309;SP;Ipuã;2023;3398
3521408;SP;Iracemápolis;2023;33
3521507;SP;Irapuã;2023;12750
3521606;SP;Irapuru;2023;21785
3521705;SP;Itaberá;2023;21900
3521804;SP;Itaí;2023;20168
3521903;SP;Itajobi;2023;8280
3522000;SP;Itaju;2023;11293
3522109;SP;Itanhaém;2023;300
3522158;SP;Itaoca;2023;7740
3522307;SP;Itapetininga;2023;55980
3522406;SP;Itapeva;2023;24746
3522604;SP;Itapira;2023;35680
3522653;SP;Itapirapuã Paulista;2023;2447
3522703;SP;Itápolis;2023;28540
3522802;SP;Itaporanga;2023;26000
3522901;SP;Itapuí;2023;1307
3523008;SP;Itapura;2023;10757
3523107;SP;Itaquaquecetuba;2023;480
3523206;SP;Itararé;2023;24250
3523305;SP;Itariri;2023;378
3523404;SP;Itatiba;2023;21120
3523503;SP;Itatinga;2023;19300
3523602;SP;Itirapina;2023;21445
3523701;SP;Itirapuã;2023;9200
3523800;SP;Itobi;2023;16000
3523909;SP;Itu;2023;30140
3524006;SP;Itupeva;2023;8960
3524105;SP;Ituverava;2023;16896
3524204;SP;Jaborandi;2023;2248
3524303;SP;Jaboticabal;2023;5281
3524402;SP;Jacareí;2023;20730
3524501;SP;Jaci;2023;7980
3524600;SP;Jacupiranga;2023;7000
3524709;SP;Jaguariúna;2023;3300
3524808;SP;Jales;2023;40200
3524907;SP;Jambeiro;2023;14631
3525102;SP;Jardinópolis;2023;8000
3525201;SP;Jarinu;2023;4640
3525300;SP;Jaú;2023;10074
3525409;SP;Jeriquara;2023;1500
3525508;SP;Joanópolis;2023;21000
3525607;SP;João Ramalho;2023;18109
3525706;SP;José Bonifácio;2023;63500
3525805;SP;Júlio Mesquita;2023;9611
3525854;SP;Jumirim;2023;10000
3525904;SP;Jundiaí;2023;3720
3526001;SP;Junqueirópolis;2023;33000
3526100;SP;Juquiá;2023;6750
3526308;SP;Lagoinha;2023;22050
3526407;SP;Laranjal Paulista;2023;41472
3526506;SP;Lavínia;2023;47785
3526605;SP;Lavrinhas;2023;10600
3526704;SP;Leme;2023;2400
3526803;SP;Lençóis Paulista;2023;4500
3526902;SP;Limeira;2023;12554
3527009;SP;Lindóia;2023;3492
3527108;SP;Lins;2023;20051
3527207;SP;Lorena;2023;31038
3527256;SP;Lourdes;2023;7761
3527306;SP;Louveira;2023;1200
3527405;SP;Lucélia;2023;32430
3527504;SP;Lucianópolis;2023;8800
3527603;SP;Luís Antônio;2023;8000
3527702;SP;Luiziânia;2023;10598
3527801;SP;Lupércio;2023;11437
3527900;SP;Lutécia;2023;35500
3528007;SP;Macatuba;2023;826
3528106;SP;Macaubal;2023;26580
3528205;SP;Macedônia;2023;33743
3528304;SP;Magda;2023;12500
3528403;SP;Mairinque;2023;3150
3528502;SP;Mairiporã;2023;187
3528601;SP;Manduri;2023;8221
3528700;SP;Marabá Paulista;2023;101363
3528809;SP;Maracaí;2023;6400
3528858;SP;Marapoama;2023;1960
3528908;SP;Mariápolis;2023;31852
3529005;SP;Marília;2023;113012
3529104;SP;Marinópolis;2023;13650
3529203;SP;Martinópolis;2023;83950
3529302;SP;Matão;2023;4960
3529401;SP;Mauá;2023;45
3529500;SP;Mendonça;2023;8690
3529609;SP;Meridiano;2023;15331
3529658;SP;Mesópolis;2023;6670
3529708;SP;Miguelópolis;2023;4778
3529807;SP;Mineiros do Tietê;2023;3901
3529906;SP;Miracatu;2023;3200
3530003;SP;Mira Estrela;2023;21674
3530102;SP;Mirandópolis;2023;76327
3530201;SP;Mirante do Paranapanema;2023;135475
3530300;SP;Mirassol;2023;17650
3530409;SP;Mirassolândia;2023;10580
3530508;SP;Mococa;2023;52000
3530607;SP;Mogi das Cruzes;2023;4000
3530706;SP;Mogi Guaçu;2023;15385
3530805;SP;Mogi Mirim;2023;17080
3530904;SP;Mombuca;2023;2817
3531001;SP;Monções;2023;6690
3531100;SP;Mongaguá;2023;13
3531209;SP;Monte Alegre do Sul;2023;4814
3531308;SP;Monte Alto;2023;15340
3531407;SP;Monte Aprazível;2023;32794
3531506;SP;Monte Azul Paulista;2023;6660
3531605;SP;Monte Castelo;2023;11420
3531704;SP;Monteiro Lobato;2023;13697
3531803;SP;Monte Mor;2023;8500
3531902;SP;Morro Agudo;2023;12292
3532009;SP;Morungaba;2023;7545
3532058;SP;Motuca;2023;998
3532108;SP;Murutinga do Sul;2023;28812
3532157;SP;Nantes;2023;7364
3532207;SP;Narandiba;2023;6775
3532306;SP;Natividade da Serra;2023;22910
3532405;SP;Nazaré Paulista;2023;5600
3532504;SP;Neves Paulista;2023;16680
3532603;SP;Nhandeara;2023;35194
3532702;SP;Nipoã;2023;6795
3532801;SP;Nova Aliança;2023;11550
3532827;SP;Nova Campina;2023;1957
3532843;SP;Nova Canaã Paulista;2023;17120
3532868;SP;Nova Castilho;2023;16087
3532900;SP;Nova Europa;2023;828
3533007;SP;Nova Granada;2023;39890
3533106;SP;Nova Guataporanga;2023;3800
3533205;SP;Nova Independência;2023;9884
3533254;SP;Novais;2023;1110
3533304;SP;Nova Luzitânia;2023;10232
3533403;SP;Nova Odessa;2023;280
3533502;SP;Novo Horizonte;2023;21450
3533601;SP;Nuporanga;2023;3542
3533700;SP;Ocauçu;2023;21641
3533809;SP;Óleo;2023;8395
3533908;SP;Olímpia;2023;16378
3534005;SP;Onda Verde;2023;4850
3534104;SP;Oriente;2023;14589
3534203;SP;Orindiúva;2023;5949
3534302;SP;Orlândia;2023;4539
3534500;SP;Oscar Bressane;2023;29256
3534609;SP;Osvaldo Cruz;2023;30745
3534708;SP;Ourinhos;2023;6400
3534757;SP;Ouroeste;2023;16752
3534807;SP;Ouro Verde;2023;17000
3534906;SP;Pacaembu;2023;42978
3535002;SP;Palestina;2023;37363
3535101;SP;Palmares Paulista;2023;70
3535200;SP;Palmeira d'Oeste;2023;52230
3535309;SP;Palmital;2023;4000
3535408;SP;Panorama;2023;14200
3535507;SP;Paraguaçu Paulista;2023;32600
3535606;SP;Paraibuna;2023;32060
3535705;SP;Paraíso;2023;1260
3535804;SP;Paranapanema;2023;29545
3535903;SP;Paranapuã;2023;7704
3536000;SP;Parapuã;2023;30239
3536109;SP;Pardinho;2023;10975
3536208;SP;Pariquera-Açu;2023;2350
3536257;SP;Parisi;2023;10955
3536307;SP;Patrocínio Paulista;2023;23000
3536406;SP;Paulicéia;2023;12500
3536505;SP;Paulínia;2023;320
3536570;SP;Paulistânia;2023;7000
3536604;SP;Paulo de Faria;2023;29550
3536703;SP;Pederneiras;2023;26552
3536802;SP;Pedra Bela;2023;12000
3536901;SP;Pedranópolis;2023;43203
3537008;SP;Pedregulho;2023;8000
3537107;SP;Pedreira;2023;4000
3537156;SP;Pedrinhas Paulista;2023;1300
3537206;SP;Pedro de Toledo;2023;1180
3537305;SP;Penápolis;2023;23745
3537404;SP;Pereira Barreto;2023;43500
3537503;SP;Pereiras;2023;38770
3537602;SP;Peruíbe;2023;300
3537701;SP;Piacatu;2023;22017
3537800;SP;Piedade;2023;10000
3537909;SP;Pilar do Sul;2023;12884
3538006;SP;Pindamonhangaba;2023;59726
3538105;SP;Pindorama;2023;3280
3538204;SP;Pinhalzinho;2023;8400
3538303;SP;Piquerobi;2023;67947
3538501;SP;Piquete;2023;8286
3538600;SP;Piracaia;2023;16000
3538709;SP;Piracicaba;2023;51769
3538808;SP;Piraju;2023;23840
3538907;SP;Pirajuí;2023;54960
3539004;SP;Pirangi;2023;1800
3539202;SP;Pirapozinho;2023;30135
3539301;SP;Pirassununga;2023;8550
3539400;SP;Piratininga;2023;28995
3539509;SP;Pitangueiras;2023;5305
3539608;SP;Planalto;2023;9480
3539707;SP;Platina;2023;8300
3539806;SP;Poá;2023;42
3539905;SP;Poloni;2023;15106
3540002;SP;Pompéia;2023;67142
3540101;SP;Pongaí;2023;18739
3540200;SP;Pontal;2023;368
3540259;SP;Pontalinda;2023;18010
3540309;SP;Pontes Gestal;2023;9485
3540408;SP;Populina;2023;17900
3540507;SP;Porangaba;2023;33680
3540606;SP;Porto Feliz;2023;20700
3540705;SP;Porto Ferreira;2023;3410
3540754;SP;Potim;2023;5649
3540804;SP;Potirendaba;2023;38176
3540853;SP;Pracinha;2023;7235
3540903;SP;Pradópolis;2023;314
3541059;SP;Pratânia;2023;4125
3541109;SP;Presidente Alves;2023;20797
3541208;SP;Presidente Bernardes;2023;143093
3541307;SP;Presidente Epitácio;2023;91523
3541406;SP;Presidente Prudente;2023;62339
3541505;SP;Presidente Venceslau;2023;103352
3541604;SP;Promissão;2023;52114
3541653;SP;Quadra;2023;9000
3541703;SP;Quatá;2023;25464
3541802;SP;Queiroz;2023;9797
3541901;SP;Queluz;2023;11200
3542008;SP;Quintana;2023;30798
3542107;SP;Rafard;2023;3937
3542206;SP;Rancharia;2023;94950
3542305;SP;Redenção da Serra;2023;16280
3542404;SP;Regente Feijó;2023;28799
3542503;SP;Reginópolis;2023;20746
3542602;SP;Registro;2023;10500
3542701;SP;Restinga;2023;6400
3542800;SP;Ribeira;2023;4652
3542909;SP;Ribeirão Bonito;2023;11500
3543006;SP;Ribeirão Branco;2023;10361
3543105;SP;Ribeirão Corrente;2023;3700
3543204;SP;Ribeirão do Sul;2023;3920
3543238;SP;Ribeirão dos Índios;2023;24150
3543253;SP;Ribeirão Grande;2023;4011
3543303;SP;Ribeirão Pires;2023;40
3543402;SP;Ribeirão Preto;2023;3600
3543501;SP;Riversul;2023;25980
3543600;SP;Rifaina;2023;6700
3543709;SP;Rincão;2023;4910
3543808;SP;Rinópolis;2023;41037
3543907;SP;Rio Claro;2023;17757
3544004;SP;Rio das Pedras;2023;2193
3544103;SP;Rio Grande da Serra;2023;30
3544202;SP;Riolândia;2023;38290
3544251;SP;Rosana;2023;62687
3544301;SP;Roseira;2023;7798
3544400;SP;Rubiácea;2023;19490
3544509;SP;Rubinéia;2023;18715
3544608;SP;Sabino;2023;10101
3544707;SP;Sagres;2023;12100
3544806;SP;Sales;2023;26500
3544905;SP;Sales Oliveira;2023;5353
3545001;SP;Salesópolis;2023;4620
3545100;SP;Salmourão;2023;13950
3545159;SP;Saltinho;2023;6663
3545209;SP;Salto;2023;3760
3545308;SP;Salto de Pirapora;2023;7300
3545407;SP;Salto Grande;2023;4250
3545506;SP;Sandovalina;2023;21812
3545605;SP;Santa Adélia;2023;3670
3545704;SP;Santa Albertina;2023;24810
3545803;SP;Santa Bárbara d'Oeste;2023;1735
3546009;SP;Santa Branca;2023;11150
3546108;SP;Santa Clara d'Oeste;2023;18480
3546207;SP;Santa Cruz da Conceição;2023;7330
3546256;SP;Santa Cruz da Esperança;2023;1600
3546306;SP;Santa Cruz das Palmeiras;2023;1290
3546405;SP;Santa Cruz do Rio Pardo;2023;46000
3546504;SP;Santa Ernestina;2023;391
3546603;SP;Santa Fé do Sul;2023;26897
3546702;SP;Santa Gertrudes;2023;546
3546801;SP;Santa Isabel;2023;6500
3546900;SP;Santa Lúcia;2023;474
3547007;SP;Santa Maria da Serra;2023;12489
3547106;SP;Santa Mercedes;2023;9000
3547205;SP;Santana da Ponte Pensa;2023;18970
3547304;SP;Santana de Parnaíba;2023;1200
3547403;SP;Santa Rita d'Oeste;2023;20905
3547502;SP;Santa Rita do Passa Quatro;2023;23450
3547601;SP;Santa Rosa de Viterbo;2023;8900
3547650;SP;Santa Salete;2023;11305
3547700;SP;Santo Anastácio;2023;82481
3547908;SP;Santo Antônio da Alegria;2023;23000
3548005;SP;Santo Antônio de Posse;2023;4422
3548054;SP;Santo Antônio do Aracanguá;2023;95603
3548104;SP;Santo Antônio do Jardim;2023;5800
3548203;SP;Santo Antônio do Pinhal;2023;3971
3548302;SP;Santo Expedito;2023;13091
3548401;SP;Santópolis do Aguapeí;2023;7064
3548609;SP;São Bento do Sapucaí;2023;12489
3548906;SP;São Carlos;2023;38300
3549003;SP;São Francisco;2023;13203
3549102;SP;São João da Boa Vista;2023;43800
3549201;SP;São João das Duas Pontes;2023;10155
3549250;SP;São João de Iracema;2023;7660
3549300;SP;São João do Pau d'Alho;2023;3200
3549409;SP;São Joaquim da Barra;2023;4383
3549508;SP;São José da Bela Vista;2023;5100
3549607;SP;São José do Barreiro;2023;14800
3549706;SP;São José do Rio Pardo;2023;40000
3549805;SP;São José do Rio Preto;2023;28902
3549904;SP;São José dos Campos;2023;83000
3550001;SP;São Luiz do Paraitinga;2023;41739
3550100;SP;São Manuel;2023;8935
3550209;SP;São Miguel Arcanjo;2023;15333
3550308;SP;São Paulo;2023;465
3550407;SP;São Pedro;2023;35205
3550506;SP;São Pedro do Turvo;2023;30800
3550605;SP;São Roque;2023;2200
3550704;SP;São Sebastião;2023;31
3550803;SP;São Sebastião da Grama;2023;16100
3550902;SP;São Simão;2023;8800
3551108;SP;Sarapuí;2023;16961
3551207;SP;Sarutaiá;2023;3843
3551306;SP;Sebastianópolis do Sul;2023;10058
3551405;SP;Serra Azul;2023;2400
3551504;SP;Serrana;2023;1550
3551603;SP;Serra Negra;2023;9937
3551702;SP;Sertãozinho;2023;11467
3551801;SP;Sete Barras;2023;7000
3551900;SP;Severínia;2023;1750
3552007;SP;Silveiras;2023;21500
3552106;SP;Socorro;2023;43000
3552205;SP;Sorocaba;2023;8500
3552304;SP;Sud Mennucci;2023;42504
3552403;SP;Sumaré;2023;2500
3552502;SP;Suzano;2023;1101
3552551;SP;Suzanápolis;2023;26990
3552601;SP;Tabapuã;2023;5680
3552700;SP;Tabatinga;2023;7081
3552908;SP;Taciba;2023;25772
3553005;SP;Taguaí;2023;16043
3553104;SP;Taiaçu;2023;1650
3553203;SP;Taiúva;2023;680
3553302;SP;Tambaú;2023;9230
3553401;SP;Tanabi;2023;41520
3553500;SP;Tapiraí;2023;1115
3553609;SP;Tapiratiba;2023;17200
3553658;SP;Taquaral;2023;40
3553708;SP;Taquaritinga;2023;5406
3553807;SP;Taquarituba;2023;18387
3553856;SP;Taquarivaí;2023;2466
3553906;SP;Tarabai;2023;21272
3553955;SP;Tarumã;2023;3400
3554003;SP;Tatuí;2023;18000
3554102;SP;Taubaté;2023;40050
3554201;SP;Tejupá;2023;11612
3554300;SP;Teodoro Sampaio;2023;78595
3554409;SP;Terra Roxa;2023;1400
3554508;SP;Tietê;2023;30600
3554607;SP;Timburi;2023;10967
3554656;SP;Torre de Pedra;2023;7600
3554706;SP;Torrinha;2023;20741
3554755;SP;Trabiju;2023;1868
3554805;SP;Tremembé;2023;8290
3554904;SP;Três Fronteiras;2023;21140
3554953;SP;Tuiuti;2023;10500
3555000;SP;Tupã;2023;50602
3555109;SP;Tupi Paulista;2023;14500
3555208;SP;Turiúba;2023;14689
3555307;SP;Turmalina;2023;11890
3555356;SP;Ubarana;2023;3450
3555406;SP;Ubatuba;2023;122
3555505;SP;Ubirajara;2023;15300
3555604;SP;Uchoa;2023;9150
3555703;SP;União Paulista;2023;3050
3555802;SP;Urânia;2023;23880
3555901;SP;Uru;2023;9622
3556008;SP;Urupês;2023;9170
3556107;SP;Valentim Gentil;2023;14144
3556206;SP;Valinhos;2023;2050
3556305;SP;Valparaíso;2023;28782
3556354;SP;Vargem;2023;7000
3556404;SP;Vargem Grande do Sul;2023;20380
3556503;SP;Várzea Paulista;2023;98
3556602;SP;Vera Cruz;2023;22951
3556701;SP;Vinhedo;2023;2200
3556800;SP;Viradouro;2023;1410
3556909;SP;Vista Alegre do Alto;2023;836
3556958;SP;Vitória Brasil;2023;3700
3557006;SP;Votorantim;2023;1740
3557105;SP;Votuporanga;2023;33299
3557154;SP;Zacarias;2023;12607
3557204;SP;Chavantes;2023;1900
3557303;SP;Estiva Gerbi;2023;2280
4100103;PR;Abatiá;2023;13675
4100202;PR;Adrianópolis;2023;14593
4100301;PR;Agudos do Sul;2023;1575
4100400;PR;Almirante Tamandaré;2023;520
4100459;PR;Altamira do Paraná;2023;70249
4100509;PR;Altônia;2023;62335
4100608;PR;Alto Paraná;2023;40776
4100707;PR;Alto Piquiri;2023;7674
4100806;PR;Alvorada do Sul;2023;5914
4100905;PR;Amaporã;2023;36924
4101002;PR;Ampére;2023;31143
4101051;PR;Anahy;2023;4458
4101101;PR;Andirá;2023;1962
4101150;PR;Ângulo;2023;8017
4101200;PR;Antonina;2023;301
4101309;PR;Antônio Olinto;2023;3667
4101408;PR;Apucarana;2023;16994
4101507;PR;Arapongas;2023;5009
4101606;PR;Arapoti;2023;48829
4101655;PR;Arapuã;2023;18624
4101705;PR;Araruna;2023;18367
4101804;PR;Araucária;2023;4820
4101853;PR;Ariranha do Ivaí;2023;8189
4101903;PR;Assaí;2023;10094
4102000;PR;Assis Chateaubriand;2023;7418
4102109;PR;Astorga;2023;27900
4102208;PR;Atalaia;2023;6002
4102307;PR;Balsa Nova;2023;8320
4102406;PR;Bandeirantes;2023;10968
4102505;PR;Barbosa Ferraz;2023;46984
4102604;PR;Barracão;2023;12980
4102703;PR;Barra do Jacaré;2023;4115
4102752;PR;Bela Vista da Caroba;2023;12484
4102802;PR;Bela Vista do Paraíso;2023;4480
4102901;PR;Bituruna;2023;17900
4103008;PR;Boa Esperança;2023;3043
4103024;PR;Boa Esperança do Iguaçu;2023;11820
4103040;PR;Boa Ventura de São Roque;2023;26910
4103057;PR;Boa Vista da Aparecida;2023;26907
4103107;PR;Bocaiúva do Sul;2023;3980
4103156;PR;Bom Jesus do Sul;2023;17523
4103206;PR;Bom Sucesso;2023;18063
4103222;PR;Bom Sucesso do Sul;2023;2567
4103305;PR;Borrazópolis;2023;16140
4103354;PR;Braganey;2023;19667
4103370;PR;Brasilândia do Sul;2023;3342
4103404;PR;Cafeara;2023;11713
4103453;PR;Cafelândia;2023;3946
4103479;PR;Cafezal do Sul;2023;29511
4103503;PR;Califórnia;2023;6439
4103602;PR;Cambará;2023;4392
4103701;PR;Cambé;2023;2369
4103800;PR;Cambira;2023;7901
4103909;PR;Campina da Lagoa;2023;62422
4103958;PR;Campina do Simão;2023;10170
4104006;PR;Campina Grande do Sul;2023;3140
4104055;PR;Campo Bonito;2023;19317
4104105;PR;Campo do Tenente;2023;3531
4104204;PR;Campo Largo;2023;10750
4104253;PR;Campo Magro;2023;2518
4104303;PR;Campo Mourão;2023;12751
4104402;PR;Cândido de Abreu;2023;90827
4104428;PR;Candói;2023;81030
4104451;PR;Cantagalo;2023;33580
4104501;PR;Capanema;2023;23229
4104600;PR;Capitão Leônidas Marques;2023;22269
4104659;PR;Carambeí;2023;56715
4104709;PR;Carlópolis;2023;31180
4104808;PR;Cascavel;2023;70464
4104907;PR;Castro;2023;142758
4105003;PR;Catanduvas;2023;36436
4105102;PR;Centenário do Sul;2023;13847
4105201;PR;Cerro Azul;2023;31346
4105300;PR;Céu Azul;2023;15923
4105409;PR;Chopinzinho;2023;50414
4105508;PR;Cianorte;2023;59661
4105607;PR;Cidade Gaúcha;2023;36096
4105706;PR;Clevelândia;2023;13049
4105805;PR;Colombo;2023;777
4105904;PR;Colorado;2023;21739
4106001;PR;Congonhinhas;2023;26091
4106100;PR;Conselheiro Mairinck;2023;20573
4106209;PR;Contenda;2023;2096
4106308;PR;Corbélia;2023;10099
4106407;PR;Cornélio Procópio;2023;24017
4106456;PR;Coronel Domingos Soares;2023;47583
4106506;PR;Coronel Vivida;2023;34616
4106555;PR;Corumbataí do Sul;2023;18095
4106571;PR;Cruzeiro do Iguaçu;2023;10572
4106605;PR;Cruzeiro do Oeste;2023;59684
4106704;PR;Cruzeiro do Sul;2023;12955
4106803;PR;Cruz Machado;2023;11200
4106852;PR;Cruzmaltina;2023;11749
4106902;PR;Curitiba;2023;890
4107009;PR;Curiúva;2023;36544
4107108;PR;Diamante do Norte;2023;21090
4107124;PR;Diamante do Sul;2023;35500
4107157;PR;Diamante D'Oeste;2023;28560
4107207;PR;Dois Vizinhos;2023;28408
4107256;PR;Douradina;2023;48794
4107306;PR;Doutor Camargo;2023;1354
4107405;PR;Enéas Marques;2023;21882
4107504;PR;Engenheiro Beltrão;2023;6870
4107520;PR;Esperança Nova;2023;29985
4107538;PR;Entre Rios do Oeste;2023;4777
4107546;PR;Espigão Alto do Iguaçu;2023;23500
4107553;PR;Farol;2023;8186
4107603;PR;Faxinal;2023;34742
4107652;PR;Fazenda Rio Grande;2023;719
4107702;PR;Fênix;2023;3303
4107736;PR;Fernandes Pinheiro;2023;5144
4107751;PR;Figueira;2023;8309
4107801;PR;Floraí;2023;3038
4107850;PR;Flor da Serra do Sul;2023;13870
4107900;PR;Floresta;2023;630
4108007;PR;Florestópolis;2023;2637
4108106;PR;Flórida;2023;7107
4108205;PR;Formosa do Oeste;2023;11014
4108304;PR;Foz do Iguaçu;2023;2780
4108320;PR;Francisco Alves;2023;15645
4108403;PR;Francisco Beltrão;2023;39685
4108452;PR;Foz do Jordão;2023;5340
4108502;PR;General Carneiro;2023;11500
4108551;PR;Godoy Moreira;2023;11171
4108601;PR;Goioerê;2023;12238
4108650;PR;Goioxim;2023;34950
4108700;PR;Grandes Rios;2023;42541
4108809;PR;Guaíra;2023;3515
4108908;PR;Guairaçá;2023;45623
4108957;PR;Guamiranga;2023;7075
4109005;PR;Guapirama;2023;20503
4109104;PR;Guaporema;2023;11869
4109203;PR;Guaraci;2023;24171
4109302;PR;Guaraniaçu;2023;124200
4109401;PR;Guarapuava;2023;50120
4109500;PR;Guaraqueçaba;2023;490
4109609;PR;Guaratuba;2023;1615
4109658;PR;Honório Serpa;2023;27972
4109708;PR;Ibaiti;2023;73652
4109757;PR;Ibema;2023;9965
4109807;PR;Ibiporã;2023;6371
4109906;PR;Icaraíma;2023;84545
4110003;PR;Iguaraçu;2023;6402
4110052;PR;Iguatu;2023;4458
4110078;PR;Imbaú;2023;4327
4110102;PR;Imbituva;2023;9200
4110201;PR;Inácio Martins;2023;8300
4110300;PR;Inajá;2023;8258
4110409;PR;Indianópolis;2023;10452
4110508;PR;Ipiranga;2023;10048
4110607;PR;Iporã;2023;43365
4110656;PR;Iracema do Oeste;2023;1463
4110706;PR;Irati;2023;11477
4110805;PR;Iretama;2023;47996
4110904;PR;Itaguajé;2023;12656
4110953;PR;Itaipulândia;2023;5100
4111001;PR;Itambaracá;2023;2010
4111100;PR;Itambé;2023;1814
4111209;PR;Itapejara d'Oeste;2023;7501
4111258;PR;Itaperuçu;2023;3893
4111308;PR;Itaúna do Sul;2023;15010
4111407;PR;Ivaí;2023;17837
4111506;PR;Ivaiporã;2023;19681
4111555;PR;Ivaté;2023;25100
4111605;PR;Ivatuba;2023;97
4111704;PR;Jaboti;2023;15010
4111803;PR;Jacarezinho;2023;41555
4111902;PR;Jaguapitã;2023;26627
4112009;PR;Jaguariaíva;2023;30476
4112108;PR;Jandaia do Sul;2023;11217
4112207;PR;Janiópolis;2023;18321
4112306;PR;Japira;2023;16063
4112405;PR;Japurá;2023;3845
4112504;PR;Jardim Alegre;2023;25832
4112603;PR;Jardim Olinda;2023;7265
4112702;PR;Jataizinho;2023;9609
4112751;PR;Jesuítas;2023;10022
4112801;PR;Joaquim Távora;2023;39970
4112900;PR;Jundiaí do Sul;2023;34588
4112959;PR;Juranda;2023;2628
4113007;PR;Jussara;2023;1180
4113106;PR;Kaloré;2023;7258
4113205;PR;Lapa;2023;36092
4113254;PR;Laranjal;2023;78033
4113304;PR;Laranjeiras do Sul;2023;51200
4113403;PR;Leópolis;2023;17946
4113429;PR;Lidianópolis;2023;9148
4113452;PR;Lindoeste;2023;31149
4113502;PR;Loanda;2023;88144
4113601;PR;Lobato;2023;8866
4113700;PR;Londrina;2023;44182
4113734;PR;Luiziana;2023;34665
4113759;PR;Lunardelli;2023;9796
4113809;PR;Lupionópolis;2023;7216
4113908;PR;Mallet;2023;4366
4114005;PR;Mamborê;2023;7928
4114104;PR;Mandaguaçu;2023;7928
4114203;PR;Mandaguari;2023;26422
4114302;PR;Mandirituba;2023;2847
4114351;PR;Manfrinópolis;2023;22049
4114401;PR;Mangueirinha;2023;41616
4114500;PR;Manoel Ribas;2023;37442
4114609;PR;Marechal Cândido Rondon;2023;35603
4114708;PR;Maria Helena;2023;60155
4114807;PR;Marialva;2023;11513
4114906;PR;Marilândia do Sul;2023;8651
4115002;PR;Marilena;2023;23278
4115101;PR;Mariluz;2023;14591
4115200;PR;Maringá;2023;4391
4115309;PR;Mariópolis;2023;5765
4115358;PR;Maripá;2023;6876
4115408;PR;Marmeleiro;2023;16603
4115457;PR;Marquinho;2023;57200
4115507;PR;Marumbi;2023;11374
4115606;PR;Matelândia;2023;27200
4115705;PR;Matinhos;2023;5
4115739;PR;Mato Rico;2023;29830
4115754;PR;Mauá da Serra;2023;3091
4115804;PR;Medianeira;2023;25500
4115853;PR;Mercedes;2023;10488
4115903;PR;Mirador;2023;13298
4116000;PR;Miraselva;2023;5257
4116059;PR;Missal;2023;23450
4116109;PR;Moreira Sales;2023;28274
4116208;PR;Morretes;2023;1482
4116307;PR;Munhoz de Melo;2023;10891
4116406;PR;Nossa Senhora das Graças;2023;12001
4116505;PR;Nova Aliança do Ivaí;2023;15200
4116604;PR;Nova América da Colina;2023;5744
4116703;PR;Nova Aurora;2023;11453
4116802;PR;Nova Cantu;2023;39377
4116901;PR;Nova Esperança;2023;33337
4116950;PR;Nova Esperança do Sudoeste;2023;28671
4117008;PR;Nova Fátima;2023;12456
4117057;PR;Nova Laranjeiras;2023;107700
4117107;PR;Nova Londrina;2023;29399
4117206;PR;Nova Olímpia;2023;16155
4117214;PR;Nova Santa Bárbara;2023;729
4117222;PR;Nova Santa Rosa;2023;9070
4117255;PR;Nova Prata do Iguaçu;2023;24987
4117271;PR;Nova Tebas;2023;58800
4117297;PR;Novo Itacolomi;2023;18082
4117305;PR;Ortigueira;2023;153100
4117404;PR;Ourizona;2023;710
4117453;PR;Ouro Verde do Oeste;2023;19703
4117503;PR;Paiçandu;2023;1230
4117602;PR;Palmas;2023;30987
4117701;PR;Palmeira;2023;28733
4117800;PR;Palmital;2023;108935
4117909;PR;Palotina;2023;7989
4118006;PR;Paraíso do Norte;2023;6633
4118105;PR;Paranacity;2023;6908
4118204;PR;Paranaguá;2023;661
4118303;PR;Paranapoema;2023;11633
4118402;PR;Paranavaí;2023;127654
4118451;PR;Pato Bragado;2023;6837
4118501;PR;Pato Branco;2023;18917
4118600;PR;Paula Freitas;2023;4500
4118709;PR;Paulo Frontin;2023;4504
4118808;PR;Peabiru;2023;12718
4118857;PR;Perobal;2023;27860
4118907;PR;Pérola;2023;42387
4119004;PR;Pérola d'Oeste;2023;7998
4119103;PR;Piên;2023;2000
4119152;PR;Pinhais;2023;480
4119202;PR;Pinhalão;2023;7240
4119251;PR;Pinhal de São Bento;2023;12338
4119301;PR;Pinhão;2023;65640
4119400;PR;Piraí do Sul;2023;29722
4119509;PR;Piraquara;2023;2301
4119608;PR;Pitanga;2023;83815
4119657;PR;Pitangueiras;2023;1236
4119707;PR;Planaltina do Paraná;2023;41183
4119806;PR;Planalto;2023;24450
4119905;PR;Ponta Grossa;2023;29878
4119954;PR;Pontal do Paraná;2023;26
4120002;PR;Porecatu;2023;2837
4120101;PR;Porto Amazonas;2023;4675
4120150;PR;Porto Barreiro;2023;31000
4120200;PR;Porto Rico;2023;24616
4120309;PR;Porto Vitória;2023;5739
4120333;PR;Prado Ferreira;2023;1837
4120358;PR;Pranchita;2023;5000
4120408;PR;Presidente Castelo Branco;2023;4942
4120507;PR;Primeiro de Maio;2023;4900
4120606;PR;Prudentópolis;2023;82930
4120655;PR;Quarto Centenário;2023;2821
4120705;PR;Quatiguá;2023;16211
4120804;PR;Quatro Barras;2023;490
4120853;PR;Quatro Pontes;2023;7884
4120903;PR;Quedas do Iguaçu;2023;49100
4121000;PR;Querência do Norte;2023;80982
4121109;PR;Quinta do Sol;2023;4890
4121208;PR;Quitandinha;2023;3000
4121257;PR;Ramilândia;2023;24000
4121307;PR;Rancho Alegre;2023;467
4121356;PR;Rancho Alegre D'Oeste;2023;2366
4121406;PR;Realeza;2023;21484
4121505;PR;Rebouças;2023;4782
4121604;PR;Renascença;2023;9564
4121703;PR;Reserva;2023;88979
4121752;PR;Reserva do Iguaçu;2023;27710
4121802;PR;Ribeirão Claro;2023;63608
4121901;PR;Ribeirão do Pinhal;2023;22679
4122008;PR;Rio Azul;2023;6895
4122107;PR;Rio Bom;2023;14841
4122156;PR;Rio Bonito do Iguaçu;2023;44500
4122172;PR;Rio Branco do Ivaí;2023;16086
4122206;PR;Rio Branco do Sul;2023;22465
4122305;PR;Rio Negro;2023;3960
4122404;PR;Rolândia;2023;4593
4122503;PR;Roncador;2023;39103
4122602;PR;Rondon;2023;31328
4122651;PR;Rosário do Ivaí;2023;50742
4122701;PR;Sabáudia;2023;6214
4122800;PR;Salgado Filho;2023;21514
4122909;PR;Salto do Itararé;2023;18249
4123006;PR;Salto do Lontra;2023;24355
4123105;PR;Santa Amélia;2023;1536
4123204;PR;Santa Cecília do Pavão;2023;3621
4123303;PR;Santa Cruz de Monte Castelo;2023;56710
4123402;PR;Santa Fé;2023;20713
4123501;PR;Santa Helena;2023;29360
4123600;PR;Santa Inês;2023;5207
4123709;PR;Santa Isabel do Ivaí;2023;41043
4123808;PR;Santa Izabel do Oeste;2023;22923
4123824;PR;Santa Lúcia;2023;10840
4123857;PR;Santa Maria do Oeste;2023;43600
4123907;PR;Santa Mariana;2023;3020
4123956;PR;Santa Mônica;2023;19319
4124004;PR;Santana do Itararé;2023;15100
4124020;PR;Santa Tereza do Oeste;2023;7942
4124053;PR;Santa Terezinha de Itaipu;2023;4800
4124103;PR;Santo Antônio da Platina;2023;68478
4124202;PR;Santo Antônio do Caiuá;2023;25568
4124301;PR;Santo Antônio do Paraíso;2023;3071
4124400;PR;Santo Antônio do Sudoeste;2023;19693
4124509;PR;Santo Inácio;2023;16419
4124608;PR;São Carlos do Ivaí;2023;2956
4124707;PR;São Jerônimo da Serra;2023;39599
4124806;PR;São João;2023;20773
4124905;PR;São João do Caiuá;2023;36435
4125001;PR;São João do Ivaí;2023;12561
4125100;PR;São João do Triunfo;2023;4139
4125209;PR;São Jorge d'Oeste;2023;34037
4125308;PR;São Jorge do Ivaí;2023;898
4125357;PR;São Jorge do Patrocínio;2023;38555
4125407;PR;São José da Boa Vista;2023;16066
4125456;PR;São José das Palmeiras;2023;23707
4125506;PR;São José dos Pinhais;2023;9806
4125555;PR;São Manoel do Paraná;2023;2657
4125605;PR;São Mateus do Sul;2023;13869
4125704;PR;São Miguel do Iguaçu;2023;17000
4125753;PR;São Pedro do Iguaçu;2023;15961
4125803;PR;São Pedro do Ivaí;2023;9057
4125902;PR;São Pedro do Paraná;2023;29464
4126009;PR;São Sebastião da Amoreira;2023;1945
4126108;PR;São Tomé;2023;7622
4126207;PR;Sapopema;2023;55711
4126256;PR;Sarandi;2023;1200
4126272;PR;Saudade do Iguaçu;2023;16401
4126306;PR;Sengés;2023;22463
4126355;PR;Serranópolis do Iguaçu;2023;5650
4126405;PR;Sertaneja;2023;1981
4126504;PR;Sertanópolis;2023;11434
4126603;PR;Siqueira Campos;2023;34467
4126652;PR;Sulina;2023;16639
4126678;PR;Tamarana;2023;15441
4126702;PR;Tamboara;2023;13624
4126801;PR;Tapejara;2023;45198
4126900;PR;Tapira;2023;56753
4127007;PR;Teixeira Soares;2023;13062
4127106;PR;Telêmaco Borba;2023;1381
4127205;PR;Terra Boa;2023;6892
4127304;PR;Terra Rica;2023;72273
4127403;PR;Terra Roxa;2023;14486
4127502;PR;Tibagi;2023;36471
4127601;PR;Tijucas do Sul;2023;5112
4127700;PR;Toledo;2023;38585
4127809;PR;Tomazina;2023;54203
4127858;PR;Três Barras do Paraná;2023;44996
4127882;PR;Tunas do Paraná;2023;1426
4127908;PR;Tuneiras do Oeste;2023;37374
4127957;PR;Tupãssi;2023;2564
4127965;PR;Turvo;2023;38260
4128005;PR;Ubiratã;2023;13938
4128104;PR;Umuarama;2023;137796
4128203;PR;União da Vitória;2023;6600
4128302;PR;Uniflor;2023;5783
4128401;PR;Uraí;2023;6762
4128500;PR;Wenceslau Braz;2023;16918
4128534;PR;Ventania;2023;10064
4128559;PR;Vera Cruz do Oeste;2023;18307
4128609;PR;Verê;2023;15261
4128625;PR;Alto Paraíso;2023;95021
4128633;PR;Doutor Ulysses;2023;10127
4128658;PR;Virmond;2023;11820
4128708;PR;Vitorino;2023;9080
4128807;PR;Xambrê;2023;48548
4200051;SC;Abdon Batista;2023;15342
4200101;SC;Abelardo Luz;2023;35564
4200200;SC;Agrolândia;2023;10018
4200309;SC;Agronômica;2023;5170
4200408;SC;Água Doce;2023;64500
4200507;SC;Águas de Chapecó;2023;15340
4200556;SC;Águas Frias;2023;12072
4200606;SC;Águas Mornas;2023;7594
4200705;SC;Alfredo Wagner;2023;27989
4200754;SC;Alto Bela Vista;2023;10309
4200804;SC;Anchieta;2023;35565
4200903;SC;Angelina;2023;15664
4201000;SC;Anita Garibaldi;2023;36100
4201109;SC;Anitápolis;2023;10601
4201208;SC;Antônio Carlos;2023;7014
4201257;SC;Apiúna;2023;7691
4201273;SC;Arabutã;2023;14200
4201307;SC;Araquari;2023;11751
4201406;SC;Araranguá;2023;18420
4201505;SC;Armazém;2023;23902
4201604;SC;Arroio Trinta;2023;6320
4201653;SC;Arvoredo;2023;9986
4201703;SC;Ascurra;2023;1817
4201802;SC;Atalanta;2023;4110
4201901;SC;Aurora;2023;8100
4201950;SC;Balneário Arroio do Silva;2023;1307
4202008;SC;Balneário Camboriú;2023;120
4202057;SC;Balneário Barra do Sul;2023;784
4202073;SC;Balneário Gaivota;2023;6208
4202081;SC;Bandeirante;2023;18324
4202099;SC;Barra Bonita;2023;13525
4202107;SC;Barra Velha;2023;4327
4202131;SC;Bela Vista do Toldo;2023;12180
4202156;SC;Belmonte;2023;9784
4202206;SC;Benedito Novo;2023;8213
4202305;SC;Biguaçu;2023;16225
4202404;SC;Blumenau;2023;7693
4202438;SC;Bocaina do Sul;2023;18600
4202453;SC;Bombinhas;2023;177
4202503;SC;Bom Jardim da Serra;2023;36200
4202537;SC;Bom Jesus;2023;2631
4202578;SC;Bom Jesus do Oeste;2023;6579
4202602;SC;Bom Retiro;2023;29000
4202701;SC;Botuverá;2023;2140
4202800;SC;Braço do Norte;2023;49911
4202859;SC;Braço do Trombudo;2023;9240
4202875;SC;Brunópolis;2023;15387
4202909;SC;Brusque;2023;4100
4203006;SC;Caçador;2023;15803
4203105;SC;Caibi;2023;24513
4203154;SC;Calmon;2023;10700
4203204;SC;Camboriú;2023;5786
4203253;SC;Capão Alto;2023;31000
4203303;SC;Campo Alegre;2023;14694
4203402;SC;Campo Belo do Sul;2023;32000
4203501;SC;Campo Erê;2023;30840
4203600;SC;Campos Novos;2023;60870
4203709;SC;Canelinha;2023;7741
4203808;SC;Canoinhas;2023;27198
4203907;SC;Capinzal;2023;16290
4203956;SC;Capivari de Baixo;2023;3047
4204004;SC;Catanduvas;2023;6089
4204103;SC;Caxambu do Sul;2023;9260
4204152;SC;Celso Ramos;2023;13685
4204178;SC;Cerro Negro;2023;18000
4204194;SC;Chapadão do Lageado;2023;5210
4204202;SC;Chapecó;2023;33494
4204251;SC;Cocal do Sul;2023;4635
4204301;SC;Concórdia;2023;72320
4204350;SC;Cordilheira Alta;2023;9072
4204400;SC;Coronel Freitas;2023;37206
4204459;SC;Coronel Martins;2023;9418
4204509;SC;Corupá;2023;2301
4204558;SC;Correia Pinto;2023;28000
4204608;SC;Criciúma;2023;8426
4204707;SC;Cunha Porã;2023;21647
4204756;SC;Cunhataí;2023;9973
4204806;SC;Curitibanos;2023;40141
4204905;SC;Descanso;2023;34861
4205001;SC;Dionísio Cerqueira;2023;31476
4205100;SC;Dona Emma;2023;9070
4205159;SC;Doutor Pedrinho;2023;2748
4205175;SC;Entre Rios;2023;5898
4205191;SC;Ermo;2023;2560
4205209;SC;Erval Velho;2023;18906
4205308;SC;Faxinal dos Guedes;2023;12797
4205357;SC;Flor do Sertão;2023;5725
4205407;SC;Florianópolis;2023;7014
4205431;SC;Formosa do Sul;2023;14547
4205456;SC;Forquilhinha;2023;6870
4205506;SC;Fraiburgo;2023;18182
4205555;SC;Frei Rogério;2023;6802
4205605;SC;Galvão;2023;9909
4205704;SC;Garopaba;2023;3153
4205803;SC;Garuva;2023;4368
4205902;SC;Gaspar;2023;12603
4206009;SC;Governador Celso Ramos;2023;9000
4206108;SC;Grão-Pará;2023;27925
4206207;SC;Gravatal;2023;29178
4206306;SC;Guabiruba;2023;3000
4206405;SC;Guaraciaba;2023;39710
4206504;SC;Guaramirim;2023;8027
4206603;SC;Guarujá do Sul;2023;10916
4206652;SC;Guatambú;2023;12994
4206702;SC;Herval d'Oeste;2023;16420
4206751;SC;Ibiam;2023;10140
4206801;SC;Ibicaré;2023;12215
4206900;SC;Ibirama;2023;5030
4207007;SC;Içara;2023;17532
4207106;SC;Ilhota;2023;13682
4207205;SC;Imaruí;2023;26439
4207304;SC;Imbituba;2023;12540
4207403;SC;Imbuia;2023;7200
4207502;SC;Indaial;2023;6585
4207577;SC;Iomerê;2023;12138
4207601;SC;Ipira;2023;15154
4207650;SC;Iporã do Oeste;2023;27230
4207684;SC;Ipuaçu;2023;9872
4207700;SC;Ipumirim;2023;18950
4207759;SC;Iraceminha;2023;19284
4207809;SC;Irani;2023;18247
4207858;SC;Irati;2023;8763
4207908;SC;Irineópolis;2023;13047
4208005;SC;Itá;2023;16370
4208104;SC;Itaiópolis;2023;30827
4208203;SC;Itajaí;2023;11863
4208302;SC;Itapema;2023;1635
4208401;SC;Itapiranga;2023;38269
4208450;SC;Itapoá;2023;723
4208500;SC;Ituporanga;2023;14650
4208609;SC;Jaborá;2023;15650
4208708;SC;Jacinto Machado;2023;11280
4208807;SC;Jaguaruna;2023;20045
4208906;SC;Jaraguá do Sul;2023;11465
4208955;SC;Jardinópolis;2023;8039
4209003;SC;Joaçaba;2023;15980
4209102;SC;Joinville;2023;17214
4209151;SC;José Boiteux;2023;4325
4209177;SC;Jupiá;2023;10580
4209201;SC;Lacerdópolis;2023;8950
4209300;SC;Lages;2023;88000
4209409;SC;Laguna;2023;15673
4209458;SC;Lajeado Grande;2023;6295
4209508;SC;Laurentino;2023;6033
4209607;SC;Lauro Müller;2023;15689
4209706;SC;Lebon Régis;2023;22625
4209805;SC;Leoberto Leal;2023;9150
4209854;SC;Lindóia do Sul;2023;18900
4209904;SC;Lontras;2023;8400
4210001;SC;Luiz Alves;2023;7664
4210035;SC;Luzerna;2023;8781
4210050;SC;Macieira;2023;5610
4210100;SC;Mafra;2023;36845
4210209;SC;Major Gercino;2023;5631
4210308;SC;Major Vieira;2023;15202
4210407;SC;Maracajá;2023;6955
4210506;SC;Maravilha;2023;11997
4210555;SC;Marema;2023;14690
4210605;SC;Massaranduba;2023;6610
4210704;SC;Matos Costa;2023;6639
4210803;SC;Meleiro;2023;4850
4210852;SC;Mirim Doce;2023;10212
4210902;SC;Modelo;2023;9311
4211009;SC;Mondaí;2023;24335
4211058;SC;Monte Carlo;2023;5292
4211108;SC;Monte Castelo;2023;11977
4211207;SC;Morro da Fumaça;2023;8002
4211256;SC;Morro Grande;2023;3260
4211306;SC;Navegantes;2023;8301
4211405;SC;Nova Erechim;2023;9977
4211454;SC;Nova Itaberaba;2023;17237
4211504;SC;Nova Trento;2023;3298
4211603;SC;Nova Veneza;2023;8948
4211652;SC;Novo Horizonte;2023;11355
4211702;SC;Orleans;2023;35283
4211751;SC;Otacílio Costa;2023;15600
4211801;SC;Ouro;2023;25290
4211850;SC;Ouro Verde;2023;7167
4211876;SC;Paial;2023;6450
4211892;SC;Painel;2023;32150
4211900;SC;Palhoça;2023;8872
4212007;SC;Palma Sola;2023;21111
4212056;SC;Palmeira;2023;13000
4212106;SC;Palmitos;2023;54543
4212205;SC;Papanduva;2023;25946
4212239;SC;Paraíso;2023;19481
4212254;SC;Passo de Torres;2023;4100
4212270;SC;Passos Maia;2023;20900
4212304;SC;Paulo Lopes;2023;11384
4212403;SC;Pedras Grandes;2023;9973
4212502;SC;Penha;2023;4490
4212601;SC;Peritiba;2023;9142
4212650;SC;Pescaria Brava;2023;7696
4212700;SC;Petrolândia;2023;16950
4212809;SC;Balneário Piçarras;2023;6974
4212908;SC;Pinhalzinho;2023;13919
4213005;SC;Pinheiro Preto;2023;4000
4213104;SC;Piratuba;2023;15290
4213153;SC;Planalto Alegre;2023;7489
4213203;SC;Pomerode;2023;8760
4213302;SC;Ponte Alta;2023;20143
4213351;SC;Ponte Alta do Norte;2023;4419
4213401;SC;Ponte Serrada;2023;10560
4213500;SC;Porto Belo;2023;3419
4213609;SC;Porto União;2023;19076
4213708;SC;Pouso Redondo;2023;27187
4213807;SC;Praia Grande;2023;7290
4213906;SC;Presidente Castello Branco;2023;7125
4214003;SC;Presidente Getúlio;2023;20300
4214102;SC;Presidente Nereu;2023;6250
4214151;SC;Princesa;2023;11139
4214201;SC;Quilombo;2023;29968
4214300;SC;Rancho Queimado;2023;11116
4214409;SC;Rio das Antas;2023;15470
4214508;SC;Rio do Campo;2023;19705
4214607;SC;Rio do Oeste;2023;19400
4214706;SC;Rio dos Cedros;2023;10039
4214805;SC;Rio do Sul;2023;9225
4214904;SC;Rio Fortuna;2023;29223
4215000;SC;Rio Negrinho;2023;15427
4215059;SC;Rio Rufino;2023;10120
4215075;SC;Riqueza;2023;23552
4215109;SC;Rodeio;2023;3401
4215208;SC;Romelândia;2023;32412
4215307;SC;Salete;2023;13751
4215356;SC;Saltinho;2023;20745
4215406;SC;Salto Veloso;2023;7509
4215455;SC;Sangão;2023;10010
4215505;SC;Santa Cecília;2023;21200
4215554;SC;Santa Helena;2023;10164
4215604;SC;Santa Rosa de Lima;2023;9218
4215653;SC;Santa Rosa do Sul;2023;11940
4215679;SC;Santa Terezinha;2023;14982
4215687;SC;Santa Terezinha do Progresso;2023;18161
4215695;SC;Santiago do Sul;2023;9356
4215703;SC;Santo Amaro da Imperatriz;2023;11477
4215752;SC;São Bernardino;2023;19818
4215802;SC;São Bento do Sul;2023;9997
4215901;SC;São Bonifácio;2023;14455
4216008;SC;São Carlos;2023;31322
4216057;SC;São Cristóvão do Sul;2023;8621
4216107;SC;São Domingos;2023;14420
4216206;SC;São Francisco do Sul;2023;1291
4216255;SC;São João do Oeste;2023;27232
4216305;SC;São João Batista;2023;8457
4216354;SC;São João do Itaperiú;2023;7476
4216404;SC;São João do Sul;2023;13650
4216503;SC;São Joaquim;2023;78000
4216602;SC;São José;2023;3392
4216701;SC;São José do Cedro;2023;35813
4216800;SC;São José do Cerrito;2023;46000
4216909;SC;São Lourenço do Oeste;2023;31208
4217006;SC;São Ludgero;2023;21743
4217105;SC;São Martinho;2023;16582
4217154;SC;São Miguel da Boa Vista;2023;10966
4217204;SC;São Miguel do Oeste;2023;23615
4217253;SC;São Pedro de Alcântara;2023;3035
4217303;SC;Saudades;2023;26379
4217402;SC;Schroeder;2023;1840
4217501;SC;Seara;2023;30320
4217550;SC;Serra Alta;2023;8427
4217600;SC;Siderópolis;2023;7792
4217709;SC;Sombrio;2023;9345
4217758;SC;Sul Brasil;2023;13103
4217808;SC;Taió;2023;38812
4217907;SC;Tangará;2023;15933
4217956;SC;Tigrinhos;2023;6883
4218004;SC;Tijucas;2023;20121
4218103;SC;Timbé do Sul;2023;5380
4218202;SC;Timbó;2023;4805
4218251;SC;Timbó Grande;2023;13738
4218301;SC;Três Barras;2023;3799
4218350;SC;Treviso;2023;4761
4218400;SC;Treze de Maio;2023;11974
4218509;SC;Treze Tílias;2023;20205
4218608;SC;Trombudo Central;2023;5800
4218707;SC;Tubarão;2023;25650
4218756;SC;Tunápolis;2023;22160
4218806;SC;Turvo;2023;6300
4218855;SC;União do Oeste;2023;11132
4218905;SC;Urubici;2023;41000
4218954;SC;Urupema;2023;18490
4219002;SC;Urussanga;2023;14910
4219101;SC;Vargeão;2023;8104
4219150;SC;Vargem;2023;15650
4219176;SC;Vargem Bonita;2023;9950
4219200;SC;Vidal Ramos;2023;8920
4219309;SC;Videira;2023;32000
4219358;SC;Vitor Meireles;2023;8200
4219408;SC;Witmarsum;2023;11770
4219507;SC;Xanxerê;2023;28420
4219606;SC;Xavantina;2023;29900
4219705;SC;Xaxim;2023;24521
4219853;SC;Zortéa;2023;8300
4220000;SC;Balneário Rincão;2023;999
4300034;RS;Aceguá;2023;105509
4300059;RS;Água Santa;2023;9787
4300109;RS;Agudo;2023;15622
4300208;RS;Ajuricaba;2023;12570
4300307;RS;Alecrim;2023;29383
4300406;RS;Alegrete;2023;572865
4300455;RS;Alegria;2023;8386
4300471;RS;Almirante Tamandaré do Sul;2023;5270
4300505;RS;Alpestre;2023;26680
4300554;RS;Alto Alegre;2023;4656
4300570;RS;Alto Feliz;2023;2448
4300604;RS;Alvorada;2023;1592
4300638;RS;Amaral Ferrador;2023;19853
4300646;RS;Ametista do Sul;2023;4914
4300661;RS;André da Rocha;2023;9768
4300703;RS;Anta Gorda;2023;10661
4300802;RS;Antônio Prado;2023;13260
4300851;RS;Arambaré;2023;11300
4300877;RS;Araricá;2023;1675
4300901;RS;Aratiba;2023;25386
4301008;RS;Arroio do Meio;2023;11408
4301057;RS;Arroio do Sal;2023;3036
4301073;RS;Arroio do Padre;2023;3643
4301107;RS;Arroio dos Ratos;2023;12150
4301206;RS;Arroio do Tigre;2023;10061
4301305;RS;Arroio Grande;2023;100023
4301404;RS;Arvorezinha;2023;2862
4301503;RS;Augusto Pestana;2023;22040
4301552;RS;Áurea;2023;3026
4301602;RS;Bagé;2023;243185
4301636;RS;Balneário Pinhal;2023;962
4301651;RS;Barão;2023;4781
4301701;RS;Barão de Cotegipe;2023;12505
4301750;RS;Barão do Triunfo;2023;5900
4301800;RS;Barracão;2023;24462
4301859;RS;Barra do Guarita;2023;2758
4301875;RS;Barra do Quaraí;2023;59884
4301909;RS;Barra do Ribeiro;2023;24450
4301925;RS;Barra do Rio Azul;2023;13794
4301958;RS;Barra Funda;2023;2088
4302006;RS;Barros Cassal;2023;21017
4302055;RS;Benjamin Constant do Sul;2023;4588
4302105;RS;Bento Gonçalves;2023;2063
4302154;RS;Boa Vista das Missões;2023;2650
4302204;RS;Boa Vista do Buricá;2023;10144
4302220;RS;Boa Vista do Cadeado;2023;10844
4302238;RS;Boa Vista do Incra;2023;8036
4302253;RS;Boa Vista do Sul;2023;5222
4302303;RS;Bom Jesus;2023;110463
4302352;RS;Bom Princípio;2023;4574
4302378;RS;Bom Progresso;2023;2286
4302402;RS;Bom Retiro do Sul;2023;9000
4302451;RS;Boqueirão do Leão;2023;6549
4302501;RS;Bossoroca;2023;92857
4302584;RS;Bozano;2023;5220
4302600;RS;Braga;2023;2091
4302659;RS;Brochier;2023;3985
4302709;RS;Butiá;2023;19602
4302808;RS;Caçapava do Sul;2023;169563
4302907;RS;Cacequi;2023;118462
4303004;RS;Cachoeira do Sul;2023;132269
4303103;RS;Cachoeirinha;2023;136
4303202;RS;Cacique Doble;2023;7040
4303301;RS;Caibaté;2023;8392
4303400;RS;Caiçara;2023;15810
4303509;RS;Camaquã;2023;46338
4303558;RS;Camargo;2023;5883
4303608;RS;Cambará do Sul;2023;32117
4303673;RS;Campestre da Serra;2023;9893
4303707;RS;Campina das Missões;2023;19907
4303806;RS;Campinas do Sul;2023;5782
4303905;RS;Campo Bom;2023;956
4304002;RS;Campo Novo;2023;2231
4304101;RS;Campos Borges;2023;8211
4304200;RS;Candelária;2023;30490
4304309;RS;Cândido Godói;2023;20849
4304358;RS;Candiota;2023;36963
4304408;RS;Canela;2023;905
4304507;RS;Canguçu;2023;116690
4304606;RS;Canoas;2023;601
4304614;RS;Canudos do Vale;2023;4915
4304622;RS;Capão Bonito do Sul;2023;14447
4304630;RS;Capão da Canoa;2023;3630
4304655;RS;Capão do Cipó;2023;42391
4304663;RS;Capão do Leão;2023;31301
4304671;RS;Capivari do Sul;2023;15587
4304689;RS;Capela de Santana;2023;9432
4304697;RS;Capitão;2023;5288
4304705;RS;Carazinho;2023;7619
4304713;RS;Caraá;2023;9654
4304804;RS;Carlos Barbosa;2023;13278
4304853;RS;Carlos Gomes;2023;3360
4304903;RS;Casca;2023;12701
4304952;RS;Caseiros;2023;7557
4305009;RS;Catuípe;2023;17090
4305108;RS;Caxias do Sul;2023;42026
4305116;RS;Centenário;2023;4986
4305124;RS;Cerrito;2023;24008
4305132;RS;Cerro Branco;2023;2911
4305157;RS;Cerro Grande;2023;2659
4305173;RS;Cerro Grande do Sul;2023;2861
4305207;RS;Cerro Largo;2023;10976
4305306;RS;Chapada;2023;22040
4305355;RS;Charqueadas;2023;5209
4305371;RS;Charrua;2023;3573
4305405;RS;Chiapetta;2023;7570
4305439;RS;Chuí;2023;11197
4305447;RS;Chuvisca;2023;5275
4305454;RS;Cidreira;2023;6609
4305504;RS;Ciríaco;2023;6593
4305587;RS;Colinas;2023;3974
4305603;RS;Colorado;2023;4735
4305702;RS;Condor;2023;11207
4305801;RS;Constantina;2023;8297
4305835;RS;Coqueiro Baixo;2023;5538
4305850;RS;Coqueiros do Sul;2023;7851
4305871;RS;Coronel Barros;2023;5140
4305900;RS;Coronel Bicaco;2023;4585
4305934;RS;Coronel Pilar;2023;2505
4305959;RS;Cotiporã;2023;4481
4305975;RS;Coxilha;2023;4843
4306007;RS;Crissiumal;2023;22621
4306056;RS;Cristal;2023;33382
4306072;RS;Cristal do Sul;2023;5143
4306106;RS;Cruz Alta;2023;15180
4306130;RS;Cruzaltense;2023;4951
4306205;RS;Cruzeiro do Sul;2023;9021
4306304;RS;David Canabarro;2023;5274
4306320;RS;Derrubadas;2023;6999
4306353;RS;Dezesseis de Novembro;2023;17149
4306379;RS;Dilermando de Aguiar;2023;41512
4306403;RS;Dois Irmãos;2023;1578
4306429;RS;Dois Irmãos das Missões;2023;5136
4306452;RS;Dois Lajeados;2023;4764
4306502;RS;Dom Feliciano;2023;22774
4306551;RS;Dom Pedro de Alcântara;2023;3048
4306601;RS;Dom Pedrito;2023;330454
4306700;RS;Dona Francisca;2023;4123
4306734;RS;Doutor Maurício Cardoso;2023;6812
4306759;RS;Doutor Ricardo;2023;2188
4306767;RS;Eldorado do Sul;2023;13898
4306809;RS;Encantado;2023;4795
4306908;RS;Encruzilhada do Sul;2023;101450
4306924;RS;Engenho Velho;2023;1489
4306932;RS;Entre-Ijuís;2023;15445
4306957;RS;Entre Rios do Sul;2023;3727
4306973;RS;Erebango;2023;3059
4307005;RS;Erechim;2023;11565
4307054;RS;Ernestina;2023;6297
4307104;RS;Herval;2023;88700
4307203;RS;Erval Grande;2023;16632
4307302;RS;Erval Seco;2023;13140
4307401;RS;Esmeralda;2023;23361
4307450;RS;Esperança do Sul;2023;6013
4307500;RS;Espumoso;2023;22014
4307559;RS;Estação;2023;2237
4307609;RS;Estância Velha;2023;1120
4307708;RS;Esteio;2023;20
4307807;RS;Estrela;2023;15933
4307815;RS;Estrela Velha;2023;6643
4307831;RS;Eugênio de Castro;2023;10518
4307864;RS;Fagundes Varela;2023;6693
4307906;RS;Farroupilha;2023;9295
4308003;RS;Faxinal do Soturno;2023;6590
4308052;RS;Faxinalzinho;2023;8077
4308078;RS;Fazenda Vilanova;2023;6738
4308102;RS;Feliz;2023;3223
4308201;RS;Flores da Cunha;2023;3417
4308250;RS;Floriano Peixoto;2023;2796
4308300;RS;Fontoura Xavier;2023;11151
4308409;RS;Formigueiro;2023;34133
4308433;RS;Forquetinha;2023;5743
4308458;RS;Fortaleza dos Valos;2023;9834
4308508;RS;Frederico Westphalen;2023;18157
4308607;RS;Garibaldi;2023;2958
4308656;RS;Garruchos;2023;52470
4308706;RS;Gaurama;2023;5208
4308805;RS;General Câmara;2023;19224
4308854;RS;Gentil;2023;5698
4308904;RS;Getúlio Vargas;2023;5330
4309001;RS;Giruá;2023;14690
4309050;RS;Glorinha;2023;25427
4309100;RS;Gramado;2023;2752
4309126;RS;Gramado dos Loureiros;2023;3243
4309159;RS;Gramado Xavier;2023;4073
4309209;RS;Gravataí;2023;19779
4309258;RS;Guabiju;2023;6518
4309308;RS;Guaíba;2023;13798
4309407;RS;Guaporé;2023;8332
4309506;RS;Guarani das Missões;2023;11809
4309555;RS;Harmonia;2023;4012
4309571;RS;Herveiras;2023;2972
4309605;RS;Horizontina;2023;9956
4309654;RS;Hulha Negra;2023;42195
4309704;RS;Humaitá;2023;7805
4309753;RS;Ibarama;2023;3099
4309803;RS;Ibiaçá;2023;7995
4309902;RS;Ibiraiaras;2023;11032
4309951;RS;Ibirapuitã;2023;10979
4310009;RS;Ibirubá;2023;19110
4310108;RS;Igrejinha;2023;4090
4310207;RS;Ijuí;2023;22360
4310306;RS;Ilópolis;2023;2115
4310330;RS;Imbé;2023;739
4310363;RS;Imigrante;2023;4636
4310405;RS;Independência;2023;8040
4310413;RS;Inhacorá;2023;2620
4310439;RS;Ipê;2023;25210
4310462;RS;Ipiranga do Sul;2023;2500
4310504;RS;Iraí;2023;13410
4310538;RS;Itaara;2023;3283
4310553;RS;Itacurubi;2023;83243
4310579;RS;Itapuca;2023;3310
4310603;RS;Itaqui;2023;177719
4310652;RS;Itati;2023;3900
4310702;RS;Itatiba do Sul;2023;11386
4310751;RS;Ivorá;2023;5018
4310801;RS;Ivoti;2023;2087
4310850;RS;Jaboticaba;2023;5652
4310876;RS;Jacuizinho;2023;9777
4310900;RS;Jacutinga;2023;3457
4311007;RS;Jaguarão;2023;98099
4311106;RS;Jaguari;2023;52763
4311122;RS;Jaquirana;2023;38021
4311130;RS;Jari;2023;44154
4311155;RS;Jóia;2023;46940
4311205;RS;Júlio de Castilhos;2023;53139
4311239;RS;Lagoa Bonita do Sul;2023;1760
4311254;RS;Lagoão;2023;13040
4311270;RS;Lagoa dos Três Cantos;2023;2814
4311304;RS;Lagoa Vermelha;2023;32580
4311403;RS;Lajeado;2023;2451
4311429;RS;Lajeado do Bugre;2023;2315
4311502;RS;Lavras do Sul;2023;182519
4311601;RS;Liberato Salzano;2023;6815
4311627;RS;Lindolfo Collor;2023;794
4311643;RS;Linha Nova;2023;1330
4311700;RS;Machadinho;2023;18436
4311718;RS;Maçambará;2023;82832
4311734;RS;Mampituba;2023;3041
4311759;RS;Manoel Viana;2023;79704
4311775;RS;Maquiné;2023;8460
4311791;RS;Maratá;2023;2815
4311809;RS;Marau;2023;19332
4311908;RS;Marcelino Ramos;2023;10530
4311981;RS;Mariana Pimentel;2023;7463
4312005;RS;Mariano Moro;2023;7755
4312054;RS;Marques de Souza;2023;7915
4312104;RS;Mata;2023;20014
4312138;RS;Mato Castelhano;2023;4685
4312153;RS;Mato Leitão;2023;4119
4312179;RS;Mato Queimado;2023;5848
4312203;RS;Maximiliano de Almeida;2023;7891
4312252;RS;Minas do Leão;2023;15919
4312302;RS;Miraguaí;2023;8817
4312351;RS;Montauri;2023;4667
4312377;RS;Monte Alegre dos Campos;2023;21890
4312385;RS;Monte Belo do Sul;2023;885
4312401;RS;Montenegro;2023;15763
4312427;RS;Mormaço;2023;2216
4312443;RS;Morrinhos do Sul;2023;5074
4312450;RS;Morro Redondo;2023;12684
4312476;RS;Morro Reuter;2023;1739
4312500;RS;Mostardas;2023;54882
4312609;RS;Muçum;2023;1623
4312617;RS;Muitos Capões;2023;28416
4312625;RS;Muliterno;2023;3490
4312658;RS;Não-Me-Toque;2023;4477
4312674;RS;Nicolau Vergueiro;2023;5916
4312708;RS;Nonoai;2023;6799
4312757;RS;Nova Alvorada;2023;5934
4312807;RS;Nova Araçá;2023;6277
4312906;RS;Nova Bassano;2023;14340
4312955;RS;Nova Boa Vista;2023;4324
4313003;RS;Nova Bréscia;2023;4623
4313011;RS;Nova Candelária;2023;10571
4313037;RS;Nova Esperança do Sul;2023;18398
4313060;RS;Nova Hartz;2023;1309
4313086;RS;Nova Pádua;2023;1812
4313102;RS;Nova Palma;2023;17023
4313201;RS;Nova Petrópolis;2023;7056
4313300;RS;Nova Prata;2023;9216
4313334;RS;Nova Ramada;2023;6580
4313359;RS;Nova Roma do Sul;2023;7618
4313375;RS;Nova Santa Rita;2023;9949
4313391;RS;Novo Cabrais;2023;5091
4313409;RS;Novo Hamburgo;2023;8250
4313425;RS;Novo Machado;2023;5881
4313441;RS;Novo Tiradentes;2023;3944
4313466;RS;Novo Xingu;2023;3352
4313490;RS;Novo Barreiro;2023;3825
4313508;RS;Osório;2023;20313
4313607;RS;Paim Filho;2023;8721
4313656;RS;Palmares do Sul;2023;31200
4313706;RS;Palmeira das Missões;2023;16877
4313805;RS;Palmitinho;2023;12754
4313904;RS;Panambi;2023;13937
4313953;RS;Pantano Grande;2023;30281
4314001;RS;Paraí;2023;7743
4314027;RS;Paraíso do Sul;2023;9062
4314035;RS;Pareci Novo;2023;1941
4314050;RS;Parobé;2023;6378
4314068;RS;Passa Sete;2023;5347
4314076;RS;Passo do Sobrado;2023;17101
4314100;RS;Passo Fundo;2023;9459
4314134;RS;Paulo Bento;2023;4364
4314159;RS;Paverama;2023;7150
4314175;RS;Pedras Altas;2023;69587
4314209;RS;Pedro Osório;2023;34786
4314308;RS;Pejuçara;2023;7655
4314407;RS;Pelotas;2023;47605
4314423;RS;Picada Café;2023;1933
4314456;RS;Pinhal;2023;6705
4314464;RS;Pinhal da Serra;2023;18561
4314472;RS;Pinhal Grande;2023;15948
4314498;RS;Pinheirinho do Vale;2023;9197
4314506;RS;Pinheiro Machado;2023;122463
4314548;RS;Pinto Bandeira;2023;1068
4314555;RS;Pirapó;2023;21272
4314605;RS;Piratini;2023;128242
4314704;RS;Planalto;2023;11112
4314753;RS;Poço das Antas;2023;1890
4314779;RS;Pontão;2023;7094
4314787;RS;Ponte Preta;2023;4662
4314803;RS;Portão;2023;8956
4314902;RS;Porto Alegre;2023;5329
4315008;RS;Porto Lucena;2023;21028
4315057;RS;Porto Mauá;2023;6221
4315073;RS;Porto Vera Cruz;2023;10626
4315107;RS;Porto Xavier;2023;23923
4315131;RS;Pouso Novo;2023;4042
4315149;RS;Presidente Lucena;2023;2354
4315156;RS;Progresso;2023;9040
4315172;RS;Protásio Alves;2023;6770
4315206;RS;Putinga;2023;6944
4315305;RS;Quaraí;2023;254054
4315313;RS;Quatro Irmãos;2023;3501
4315321;RS;Quevedos;2023;25553
4315354;RS;Quinze de Novembro;2023;10540
4315404;RS;Redentora;2023;6415
4315453;RS;Relvado;2023;4970
4315503;RS;Restinga Sêca;2023;40127
4315552;RS;Rio dos Índios;2023;11619
4315602;RS;Rio Grande;2023;143290
4315701;RS;Rio Pardo;2023;90000
4315750;RS;Riozinho;2023;2000
4315800;RS;Roca Sales;2023;6823
4315909;RS;Rodeio Bonito;2023;6226
4315958;RS;Rolador;2023;10113
4316006;RS;Rolante;2023;12467
4316105;RS;Ronda Alta;2023;7438
4316204;RS;Rondinha;2023;12539
4316303;RS;Roque Gonzales;2023;29600
4316402;RS;Rosário do Sul;2023;311786
4316428;RS;Sagrada Família;2023;2305
4316436;RS;Saldanha Marinho;2023;5495
4316451;RS;Salto do Jacuí;2023;6014
4316477;RS;Salvador das Missões;2023;7880
4316501;RS;Salvador do Sul;2023;7208
4316600;RS;Sananduva;2023;15013
4316709;RS;Santa Bárbara do Sul;2023;11607
4316733;RS;Santa Cecília do Sul;2023;4450
4316758;RS;Santa Clara do Sul;2023;4843
4316808;RS;Santa Cruz do Sul;2023;25956
4316907;RS;Santa Maria;2023;88726
4316956;RS;Santa Maria do Herval;2023;3385
4316972;RS;Santa Margarida do Sul;2023;44312
4317004;RS;Santana da Boa Vista;2023;69352
4317103;RS;Sant'Ana do Livramento;2023;528844
4317202;RS;Santa Rosa;2023;19380
4317251;RS;Santa Tereza;2023;905
4317301;RS;Santa Vitória do Palmar;2023;170133
4317400;RS;Santiago;2023;181504
4317509;RS;Santo Ângelo;2023;20855
4317558;RS;Santo Antônio do Palma;2023;3684
4317608;RS;Santo Antônio da Patrulha;2023;61423
4317707;RS;Santo Antônio das Missões;2023;102545
4317756;RS;Santo Antônio do Planalto;2023;3189
4317806;RS;Santo Augusto;2023;8050
4317905;RS;Santo Cristo;2023;44868
4317954;RS;Santo Expedito do Sul;2023;6254
4318002;RS;São Borja;2023;125028
4318051;RS;São Domingos do Sul;2023;3590
4318101;RS;São Francisco de Assis;2023;170885
4318200;RS;São Francisco de Paula;2023;133846
4318309;RS;São Gabriel;2023;270290
4318408;RS;São Jerônimo;2023;28547
4318424;RS;São João da Urtiga;2023;8632
4318432;RS;São João do Polêsine;2023;4043
4318440;RS;São Jorge;2023;7626
4318457;RS;São José das Missões;2023;2600
4318465;RS;São José do Herval;2023;2617
4318481;RS;São José do Hortêncio;2023;2760
4318499;RS;São José do Inhacorá;2023;5654
4318507;RS;São José do Norte;2023;52000
4318606;RS;São José do Ouro;2023;15854
4318614;RS;São José do Sul;2023;3320
4318622;RS;São José dos Ausentes;2023;64109
4318705;RS;São Leopoldo;2023;1219
4318804;RS;São Lourenço do Sul;2023;99556
4318903;RS;São Luiz Gonzaga;2023;43146
4319000;RS;São Marcos;2023;7981
4319109;RS;São Martinho;2023;7378
4319125;RS;São Martinho da Serra;2023;29176
4319158;RS;São Miguel das Missões;2023;42036
4319208;RS;São Nicolau;2023;21563
4319307;RS;São Paulo das Missões;2023;22058
4319356;RS;São Pedro da Serra;2023;2748
4319364;RS;São Pedro das Missões;2023;2010
4319372;RS;São Pedro do Butiá;2023;7918
4319406;RS;São Pedro do Sul;2023;61363
4319505;RS;São Sebastião do Caí;2023;5527
4319604;RS;São Sepé;2023;103925
4319703;RS;São Valentim;2023;6695
4319711;RS;São Valentim do Sul;2023;2579
4319737;RS;São Valério do Sul;2023;2060
4319752;RS;São Vendelino;2023;1027
4319802;RS;São Vicente do Sul;2023;67613
4319901;RS;Sapiranga;2023;3364
4320008;RS;Sapucaia do Sul;2023;205
4320107;RS;Sarandi;2023;8094
4320206;RS;Seberi;2023;15310
4320230;RS;Sede Nova;2023;6305
4320263;RS;Segredo;2023;6159
4320305;RS;Selbach;2023;8144
4320321;RS;Senador Salgado Filho;2023;6560
4320354;RS;Sentinela do Sul;2023;9484
4320404;RS;Serafina Corrêa;2023;7675
4320453;RS;Sério;2023;3326
4320503;RS;Sertão;2023;7894
4320552;RS;Sertão Santana;2023;4260
4320578;RS;Sete de Setembro;2023;4995
4320602;RS;Severiano de Almeida;2023;10343
4320651;RS;Silveira Martins;2023;3492
4320677;RS;Sinimbu;2023;8155
4320701;RS;Sobradinho;2023;4074
4320800;RS;Soledade;2023;48057
4320859;RS;Tabaí;2023;3818
4320909;RS;Tapejara;2023;6131
4321006;RS;Tapera;2023;4471
4321105;RS;Tapes;2023;18232
4321204;RS;Taquara;2023;22330
4321303;RS;Taquari;2023;13772
4321329;RS;Taquaruçu do Sul;2023;7173
4321352;RS;Tavares;2023;29846
4321402;RS;Tenente Portela;2023;11447
4321436;RS;Terra de Areia;2023;7423
4321451;RS;Teutônia;2023;16410
4321469;RS;Tio Hugo;2023;2529
4321477;RS;Tiradentes do Sul;2023;13058
4321493;RS;Toropi;2023;13971
4321501;RS;Torres;2023;7002
4321600;RS;Tramandaí;2023;3925
4321626;RS;Travesseiro;2023;5279
4321634;RS;Três Arroios;2023;5428
4321667;RS;Três Cachoeiras;2023;7732
4321709;RS;Três Coroas;2023;2912
4321808;RS;Três de Maio;2023;13025
4321832;RS;Três Forquilhas;2023;4638
4321857;RS;Três Palmeiras;2023;6722
4321907;RS;Três Passos;2023;17234
4321956;RS;Trindade do Sul;2023;8715
4322004;RS;Triunfo;2023;36700
4322103;RS;Tucunduva;2023;5146
4322152;RS;Tunas;2023;7185
4322186;RS;Tupanci do Sul;2023;5483
4322202;RS;Tupanciretã;2023;65596
4322251;RS;Tupandi;2023;6358
4322301;RS;Tuparendi;2023;19096
4322327;RS;Turuçu;2023;15664
4322343;RS;Ubiretama;2023;8939
4322350;RS;União da Serra;2023;3774
4322376;RS;Unistalda;2023;51656
4322400;RS;Uruguaiana;2023;368169
4322509;RS;Vacaria;2023;64250
4322525;RS;Vale Verde;2023;16930
4322533;RS;Vale do Sol;2023;10000
4322541;RS;Vale Real;2023;897
4322558;RS;Vanini;2023;2027
4322608;RS;Venâncio Aires;2023;35500
4322707;RS;Vera Cruz;2023;16665
4322806;RS;Veranópolis;2023;8909
4322855;RS;Vespasiano Corrêa;2023;7740
4322905;RS;Viadutos;2023;9060
4323002;RS;Viamão;2023;71006
4323101;RS;Vicente Dutra;2023;13290
4323200;RS;Victor Graeff;2023;6076
4323309;RS;Vila Flores;2023;5049
4323358;RS;Vila Lângaro;2023;4408
4323408;RS;Vila Maria;2023;8624
4323457;RS;Vila Nova do Sul;2023;28627
4323507;RS;Vista Alegre;2023;9373
4323606;RS;Vista Alegre do Prata;2023;4501
4323705;RS;Vista Gaúcha;2023;5556
4323754;RS;Vitória das Missões;2023;10711
4323770;RS;Westfália;2023;6972
4323804;RS;Xangri-lá;2023;2089
5000203;MS;Água Clara;2023;438072
5000252;MS;Alcinópolis;2023;323313
5000609;MS;Amambai;2023;264386
5000708;MS;Anastácio;2023;251825
5000807;MS;Anaurilândia;2023;227106
5000856;MS;Angélica;2023;51554
5000906;MS;Antônio João;2023;34365
5001003;MS;Aparecida do Taboado;2023;165099
5001102;MS;Aquidauana;2023;853842
5001243;MS;Aral Moreira;2023;24946
5001508;MS;Bandeirantes;2023;180121
5001904;MS;Bataguassu;2023;177015
5002001;MS;Batayporã;2023;142707
5002100;MS;Bela Vista;2023;367504
5002159;MS;Bodoquena;2023;156986
5002209;MS;Bonito;2023;315432
5002308;MS;Brasilândia;2023;357130
5002407;MS;Caarapó;2023;53667
5002605;MS;Camapuã;2023;517192
5002704;MS;Campo Grande;2023;428639
5002803;MS;Caracol;2023;254018
5002902;MS;Cassilândia;2023;236608
5002951;MS;Chapadão do Sul;2023;106574
5003108;MS;Corguinho;2023;214525
5003157;MS;Coronel Sapucaia;2023;56879
5003207;MS;Corumbá;2023;2150382
5003256;MS;Costa Rica;2023;154041
5003306;MS;Coxim;2023;532107
5003454;MS;Deodápolis;2023;65385
5003488;MS;Dois Irmãos do Buriti;2023;190490
5003504;MS;Douradina;2023;9933
5003702;MS;Dourados;2023;96106
5003751;MS;Eldorado;2023;67879
5003801;MS;Fátima do Sul;2023;17862
5003900;MS;Figueirão;2023;301572
5004007;MS;Glória de Dourados;2023;59495
5004106;MS;Guia Lopes da Laguna;2023;93287
5004304;MS;Iguatemi;2023;232307
5004403;MS;Inocência;2023;361037
5004502;MS;Itaporã;2023;24418
5004601;MS;Itaquiraí;2023;148978
5004700;MS;Ivinhema;2023;118947
5004809;MS;Japorã;2023;34914
5004908;MS;Jaraguari;2023;158025
5005004;MS;Jardim;2023;168381
5005103;MS;Jateí;2023;103309
5005152;MS;Juti;2023;77063
5005202;MS;Ladário;2023;8955
5005251;MS;Laguna Carapã;2023;32403
5005400;MS;Maracaju;2023;133757
5005608;MS;Miranda;2023;343257
5005681;MS;Mundo Novo;2023;27318
5005707;MS;Naviraí;2023;119968
5005806;MS;Nioaque;2023;379972
5006002;MS;Nova Alvorada do Sul;2023;144975
5006200;MS;Nova Andradina;2023;326092
5006259;MS;Novo Horizonte do Sul;2023;52361
5006275;MS;Paraíso das Águas;2023;299208
5006309;MS;Paranaíba;2023;462050
5006358;MS;Paranhos;2023;83915
5006408;MS;Pedro Gomes;2023;295055
5006606;MS;Ponta Porã;2023;79241
5006903;MS;Porto Murtinho;2023;708463
5007109;MS;Ribas do Rio Pardo;2023;826757
5007208;MS;Rio Brilhante;2023;76078
5007307;MS;Rio Negro;2023;137240
5007406;MS;Rio Verde de Mato Grosso;2023;612177
5007505;MS;Rochedo;2023;139724
5007554;MS;Santa Rita do Pardo;2023;440513
5007695;MS;São Gabriel do Oeste;2023;212601
5007703;MS;Sete Quedas;2023;50738
5007802;MS;Selvíria;2023;151725
5007901;MS;Sidrolândia;2023;199429
5007935;MS;Sonora;2023;167079
5007950;MS;Tacuru;2023;170841
5007976;MS;Taquarussu;2023;81121
5008008;MS;Terenos;2023;246446
5008305;MS;Três Lagoas;2023;499017
5008404;MS;Vicentina;2023;18017
5100102;MT;Acorizal;2023;59363
5100201;MT;Água Boa;2023;340330
5100250;MT;Alta Floresta;2023;753449
5100300;MT;Alto Araguaia;2023;176574
5100359;MT;Alto Boa Vista;2023;53872
5100409;MT;Alto Garças;2023;94184
5100508;MT;Alto Paraguai;2023;93638
5100607;MT;Alto Taquari;2023;12560
5100805;MT;Apiacás;2023;335275
5101001;MT;Araguaiana;2023;316356
5101209;MT;Araguainha;2023;28573
5101258;MT;Araputanga;2023;253436
5101308;MT;Arenápolis;2023;33352
5101407;MT;Aripuanã;2023;609108
5101605;MT;Barão de Melgaço;2023;222413
5101704;MT;Barra do Bugres;2023;311647
5101803;MT;Barra do Garças;2023;410058
5101852;MT;Bom Jesus do Araguaia;2023;195517
5101902;MT;Brasnorte;2023;515136
5102504;MT;Cáceres;2023;1399931
5102603;MT;Campinápolis;2023;259185
5102637;MT;Campo Novo do Parecis;2023;164349
5102678;MT;Campo Verde;2023;137084
5102686;MT;Campos de Júlio;2023;110176
5102694;MT;Canabrava do Norte;2023;150823
5102702;MT;Canarana;2023;211389
5102793;MT;Carlinda;2023;290045
5102850;MT;Castanheira;2023;464222
5103007;MT;Chapada dos Guimarães;2023;156957
5103056;MT;Cláudia;2023;50799
5103106;MT;Cocalinho;2023;485903
5103205;MT;Colíder;2023;401742
5103254;MT;Colniza;2023;863182
5103304;MT;Comodoro;2023;324305
5103353;MT;Confresa;2023;399624
5103361;MT;Conquista D'Oeste;2023;79169
5103379;MT;Cotriguaçu;2023;456770
5103403;MT;Cuiabá;2023;128181
5103437;MT;Curvelândia;2023;65354
5103452;MT;Denise;2023;69644
5103502;MT;Diamantino;2023;122583
5103601;MT;Dom Aquino;2023;131933
5103700;MT;Feliz Natal;2023;38168
5103809;MT;Figueirópolis D'Oeste;2023;173970
5103858;MT;Gaúcha do Norte;2023;206381
5103908;MT;General Carneiro;2023;101299
5103957;MT;Glória D'Oeste;2023;119729
5104104;MT;Guarantã do Norte;2023;347789
5104203;MT;Guiratinga;2023;165818
5104500;MT;Indiavaí;2023;103516
5104526;MT;Ipiranga do Norte;2023;21090
5104542;MT;Itanhangá;2023;60539
5104559;MT;Itaúba;2023;75200
5104609;MT;Itiquira;2023;390608
5104807;MT;Jaciara;2023;107153
5104906;MT;Jangada;2023;56571
5105002;MT;Jauru;2023;252914
5105101;MT;Juara;2023;963851
5105150;MT;Juína;2023;827774
5105176;MT;Juruena;2023;226687
5105200;MT;Juscimeira;2023;199668
5105234;MT;Lambari D'Oeste;2023;177888
5105259;MT;Lucas do Rio Verde;2023;53127
5105309;MT;Luciara;2023;71816
5105507;MT;Vila Bela da Santíssima Trindade;2023;1134427
5105580;MT;Marcelândia;2023;219490
5105606;MT;Matupá;2023;234667
5105622;MT;Mirassol d'Oeste;2023;188979
5105903;MT;Nobres;2023;118053
5106000;MT;Nortelândia;2023;61194
5106109;MT;Nossa Senhora do Livramento;2023;246573
5106158;MT;Nova Bandeirantes;2023;674937
5106174;MT;Nova Nazaré;2023;91761
5106182;MT;Nova Lacerda;2023;242911
5106190;MT;Nova Santa Helena;2023;109575
5106208;MT;Nova Brasilândia;2023;154168
5106216;MT;Nova Canaã do Norte;2023;424411
5106224;MT;Nova Mutum;2023;125887
5106232;MT;Nova Olímpia;2023;93058
5106240;MT;Nova Ubiratã;2023;115310
5106257;MT;Nova Xavantina;2023;387450
5106265;MT;Novo Mundo;2023;357822
5106273;MT;Novo Horizonte do Norte;2023;109996
5106281;MT;Novo São Joaquim;2023;270445
5106299;MT;Paranaíta;2023;494069
5106307;MT;Paranatinga;2023;399258
5106315;MT;Novo Santo Antônio;2023;85938
5106372;MT;Pedra Preta;2023;370140
5106422;MT;Peixoto de Azevedo;2023;386284
5106455;MT;Planalto da Serra;2023;92728
5106505;MT;Poconé;2023;605000
5106653;MT;Pontal do Araguaia;2023;117303
5106703;MT;Ponte Branca;2023;30310
5106752;MT;Pontes e Lacerda;2023;709538
5106778;MT;Porto Alegre do Norte;2023;137285
5106802;MT;Porto dos Gaúchos;2023;98237
5106828;MT;Porto Esperidião;2023;663778
5106851;MT;Porto Estrela;2023;142757
5107008;MT;Poxoréu;2023;406047
5107040;MT;Primavera do Leste;2023;90908
5107065;MT;Querência;2023;123089
5107107;MT;São José dos Quatro Marcos;2023;257293
5107156;MT;Reserva do Cabaçal;2023;61042
5107180;MT;Ribeirão Cascalheira;2023;327667
5107198;MT;Ribeirãozinho;2023;28425
5107206;MT;Rio Branco;2023;69461
5107248;MT;Santa Carmem;2023;29539
5107263;MT;Santo Afonso;2023;152173
5107297;MT;São José do Povo;2023;94910
5107305;MT;São José do Rio Claro;2023;156209
5107354;MT;São José do Xingu;2023;208605
5107404;MT;São Pedro da Cipa;2023;38612
5107578;MT;Rondolândia;2023;346374
5107602;MT;Rondonópolis;2023;396077
5107701;MT;Rosário Oeste;2023;265389
5107743;MT;Santa Cruz do Xingu;2023;110380
5107750;MT;Salto do Céu;2023;214511
5107768;MT;Santa Rita do Trivelato;2023;43830
5107776;MT;Santa Terezinha;2023;268801
5107792;MT;Santo Antônio do Leste;2023;53538
5107800;MT;Santo Antônio de Leverger;2023;593385
5107859;MT;São Félix do Araguaia;2023;313069
5107875;MT;Sapezal;2023;162359
5107883;MT;Serra Nova Dourada;2023;133041
5107909;MT;Sinop;2023;72474
5107925;MT;Sorriso;2023;101402
5107941;MT;Tabaporã;2023;120197
5107958;MT;Tangará da Serra;2023;372048
5108006;MT;Tapurah;2023;84835
5108055;MT;Terra Nova do Norte;2023;301580
5108105;MT;Tesouro;2023;142009
5108204;MT;Torixoréu;2023;120275
5108303;MT;União do Sul;2023;47092
5108352;MT;Vale de São Domingos;2023;134478
5108402;MT;Várzea Grande;2023;26265
5108501;MT;Vera;2023;40145
5108600;MT;Vila Rica;2023;608621
5108808;MT;Nova Guarita;2023;153490
5108857;MT;Nova Marilândia;2023;144472
5108907;MT;Nova Maringá;2023;90192
5108956;MT;Nova Monte Verde;2023;397209
5200050;GO;Abadia de Goiás;2023;16350
5200100;GO;Abadiânia;2023;52793
5200134;GO;Acreúna;2023;66742
5200159;GO;Adelândia;2023;19060
5200175;GO;Água Fria de Goiás;2023;52141
5200209;GO;Água Limpa;2023;59800
5200258;GO;Águas Lindas de Goiás;2023;1857
5200308;GO;Alexânia;2023;46722
5200506;GO;Aloândia;2023;19000
5200555;GO;Alto Horizonte;2023;47310
5200605;GO;Alto Paraíso de Goiás;2023;27136
5200803;GO;Alvorada do Norte;2023;74310
5200829;GO;Amaralina;2023;137000
5200852;GO;Americano do Brasil;2023;29612
5200902;GO;Amorinópolis;2023;52274
5201108;GO;Anápolis;2023;71968
5201207;GO;Anhanguera;2023;5100
5201306;GO;Anicuns;2023;149120
5201405;GO;Aparecida de Goiânia;2023;10200
5201454;GO;Aparecida do Rio Doce;2023;61500
5201504;GO;Aporé;2023;189500
5201603;GO;Araçu;2023;22600
5201702;GO;Aragarças;2023;34216
5201801;GO;Aragoiânia;2023;30000
5202155;GO;Araguapaz;2023;203023
5202353;GO;Arenópolis;2023;116302
5202502;GO;Aruanã;2023;306321
5202601;GO;Aurilândia;2023;69208
5202809;GO;Avelinópolis;2023;31625
5203104;GO;Baliza;2023;87462
5203203;GO;Barro Alto;2023;45500
5203302;GO;Bela Vista de Goiás;2023;144000
5203401;GO;Bom Jardim de Goiás;2023;135754
5203500;GO;Bom Jesus de Goiás;2023;42750
5203559;GO;Bonfinópolis;2023;9300
5203575;GO;Bonópolis;2023;139180
5203609;GO;Brazabrantes;2023;18652
5203807;GO;Britânia;2023;159866
5203906;GO;Buriti Alegre;2023;93000
5203939;GO;Buriti de Goiás;2023;28897
5203962;GO;Buritinópolis;2023;20986
5204003;GO;Cabeceiras;2023;37152
5204102;GO;Cachoeira Alta;2023;169767
5204201;GO;Cachoeira de Goiás;2023;28806
5204250;GO;Cachoeira Dourada;2023;29300
5204300;GO;Caçu;2023;202398
5204409;GO;Caiapônia;2023;440000
5204508;GO;Caldas Novas;2023;95100
5204557;GO;Caldazinha;2023;32318
5204607;GO;Campestre de Goiás;2023;34916
5204656;GO;Campinaçu;2023;109707
5204706;GO;Campinorte;2023;53200
5204805;GO;Campo Alegre de Goiás;2023;81000
5204854;GO;Campo Limpo de Goiás;2023;17130
5204904;GO;Campos Belos;2023;79610
5204953;GO;Campos Verdes;2023;51700
5205000;GO;Carmo do Rio Verde;2023;54900
5205059;GO;Castelândia;2023;11349
5205109;GO;Catalão;2023;180000
5205208;GO;Caturaí;2023;29500
5205307;GO;Cavalcante;2023;79246
5205406;GO;Ceres;2023;31500
5205455;GO;Cezarina;2023;40000
5205471;GO;Chapadão do Céu;2023;20300
5205497;GO;Cidade Ocidental;2023;22786
5205513;GO;Cocalzinho de Goiás;2023;100274
5205521;GO;Colinas do Sul;2023;44250
5205703;GO;Córrego do Ouro;2023;75658
5205802;GO;Corumbá de Goiás;2023;82777
5205901;GO;Corumbaíba;2023;154000
5206206;GO;Cristalina;2023;164411
5206305;GO;Cristianópolis;2023;13800
5206404;GO;Crixás;2023;315150
5206503;GO;Cromínia;2023;44000
5206602;GO;Cumari;2023;72500
5206701;GO;Damianópolis;2023;30559
5206800;GO;Damolândia;2023;16525
5206909;GO;Davinópolis;2023;42000
5207105;GO;Diorama;2023;71652
5207253;GO;Doverlândia;2023;285000
5207352;GO;Edealina;2023;56000
5207402;GO;Edéia;2023;56500
5207501;GO;Estrela do Norte;2023;42690
5207535;GO;Faina;2023;210165
5207600;GO;Fazenda Nova;2023;171126
5207808;GO;Firminópolis;2023;50937
5207907;GO;Flores de Goiás;2023;208153
5208004;GO;Formosa;2023;287588
5208103;GO;Formoso;2023;80927
5208152;GO;Gameleira de Goiás;2023;27500
5208301;GO;Divinópolis de Goiás;2023;60006
5208400;GO;Goianápolis;2023;14760
5208509;GO;Goiandira;2023;53000
5208608;GO;Goianésia;2023;130390
5208707;GO;Goiânia;2023;28406
5208806;GO;Goianira;2023;17730
5208905;GO;Goiás;2023;335983
5209101;GO;Goiatuba;2023;120000
5209150;GO;Gouvelândia;2023;31876
5209200;GO;Guapó;2023;75000
5209291;GO;Guaraíta;2023;31700
5209408;GO;Guarani de Goiás;2023;84912
5209457;GO;Guarinos;2023;57200
5209606;GO;Heitoraí;2023;32856
5209705;GO;Hidrolândia;2023;86000
5209804;GO;Hidrolina;2023;54500
5209903;GO;Iaciara;2023;218208
5209937;GO;Inaciolândia;2023;37400
5209952;GO;Indiara;2023;60000
5210000;GO;Inhumas;2023;96940
5210109;GO;Ipameri;2023;212000
5210158;GO;Ipiranga de Goiás;2023;28900
5210208;GO;Iporá;2023;125589
5210307;GO;Israelândia;2023;48495
5210406;GO;Itaberaí;2023;153580
5210562;GO;Itaguari;2023;27942
5210604;GO;Itaguaru;2023;36305
5210802;GO;Itajá;2023;206851
5210901;GO;Itapaci;2023;108990
5211008;GO;Itapirapuã;2023;273681
5211206;GO;Itapuranga;2023;177900
5211305;GO;Itarumã;2023;297864
5211404;GO;Itauçu;2023;57000
5211503;GO;Itumbiara;2023;141800
5211602;GO;Ivolândia;2023;121719
5211701;GO;Jandaia;2023;90000
5211800;GO;Jaraguá;2023;203190
5211909;GO;Jataí;2023;325000
5212006;GO;Jaupaci;2023;36303
5212055;GO;Jesúpolis;2023;14270
5212105;GO;Joviânia;2023;32700
5212204;GO;Jussara;2023;322916
5212253;GO;Lagoa Santa;2023;45629
5212303;GO;Leopoldo de Bulhões;2023;43300
5212501;GO;Luziânia;2023;225456
5212600;GO;Mairipotaba;2023;52900
5212709;GO;Mambaí;2023;8648
5212808;GO;Mara Rosa;2023;193400
5212907;GO;Marzagão;2023;18700
5212956;GO;Matrinchã;2023;113250
5213004;GO;Maurilândia;2023;15492
5213053;GO;Mimoso de Goiás;2023;50200
5213087;GO;Minaçu;2023;169098
5213103;GO;Mineiros;2023;387000
5213400;GO;Moiporá;2023;54608
5213509;GO;Monte Alegre de Goiás;2023;146106
5213707;GO;Montes Claros de Goiás;2023;224650
5213756;GO;Montividiu;2023;47646
5213772;GO;Montividiu do Norte;2023;120500
5213806;GO;Morrinhos;2023;284300
5213855;GO;Morro Agudo de Goiás;2023;39900
5213905;GO;Mossâmedes;2023;92709
5214002;GO;Mozarlândia;2023;182028
5214051;GO;Mundo Novo;2023;210805
5214101;GO;Mutunópolis;2023;112280
5214408;GO;Nazário;2023;54368
5214507;GO;Nerópolis;2023;22560
5214606;GO;Niquelândia;2023;305400
5214705;GO;Nova América;2023;28600
5214804;GO;Nova Aurora;2023;33500
5214838;GO;Nova Crixás;2023;801966
5214861;GO;Nova Glória;2023;28900
5214879;GO;Nova Iguaçu de Goiás;2023;64900
5214903;GO;Nova Roma;2023;94380
5215009;GO;Nova Veneza;2023;22930
5215207;GO;Novo Brasil;2023;99140
5215231;GO;Novo Gama;2023;4105
5215256;GO;Novo Planalto;2023;121910
5215306;GO;Orizona;2023;212000
5215405;GO;Ouro Verde de Goiás;2023;38800
5215504;GO;Ouvidor;2023;33500
5215603;GO;Padre Bernardo;2023;127004
5215652;GO;Palestina de Goiás;2023;128000
5215702;GO;Palmeiras de Goiás;2023;132000
5215801;GO;Palmelo;2023;3600
5215900;GO;Palminópolis;2023;46000
5216007;GO;Panamá;2023;30200
5216304;GO;Paranaiguara;2023;86113
5216403;GO;Paraúna;2023;132988
5216452;GO;Perolândia;2023;27000
5216809;GO;Petrolina de Goiás;2023;89035
5216908;GO;Pilar de Goiás;2023;109200
5217104;GO;Piracanjuba;2023;190000
5217203;GO;Piranhas;2023;174851
5217302;GO;Pirenópolis;2023;158769
5217401;GO;Pires do Rio;2023;111000
5217609;GO;Planaltina;2023;50202
5217708;GO;Pontalina;2023;163500
5218003;GO;Porangatu;2023;508545
5218052;GO;Porteirão;2023;10000
5218102;GO;Portelândia;2023;31000
5218300;GO;Posse;2023;139715
5218391;GO;Professor Jamil;2023;43000
5218508;GO;Quirinópolis;2023;241299
5218607;GO;Rialma;2023;21850
5218706;GO;Rianápolis;2023;17800
5218789;GO;Rio Quente;2023;24000
5218805;GO;Rio Verde;2023;276985
5218904;GO;Rubiataba;2023;110930
5219001;GO;Sanclerlândia;2023;77708
5219100;GO;Santa Bárbara de Goiás;2023;15185
5219209;GO;Santa Cruz de Goiás;2023;80800
5219258;GO;Santa Fé de Goiás;2023;110221
5219308;GO;Santa Helena de Goiás;2023;41884
5219357;GO;Santa Isabel;2023;73900
5219407;GO;Santa Rita do Araguaia;2023;71500
5219456;GO;Santa Rita do Novo Destino;2023;54230
5219506;GO;Santa Rosa de Goiás;2023;26000
5219605;GO;Santa Tereza de Goiás;2023;67814
5219704;GO;Santa Terezinha de Goiás;2023;132800
5219712;GO;Santo Antônio da Barra;2023;19277
5219738;GO;Santo Antônio de Goiás;2023;14350
5219753;GO;Santo Antônio do Descoberto;2023;35159
5219803;GO;São Domingos;2023;212480
5219902;GO;São Francisco de Goiás;2023;43000
5220009;GO;São João d'Aliança;2023;62043
5220058;GO;São João da Paraúna;2023;22800
5220108;GO;São Luís de Montes Belos;2023;147165
5220157;GO;São Luiz do Norte;2023;25800
5220207;GO;São Miguel do Araguaia;2023;659772
5220264;GO;São Miguel do Passa Quatro;2023;47080
5220280;GO;São Patrício;2023;29600
5220405;GO;São Simão;2023;33286
5220454;GO;Senador Canedo;2023;15000
5220504;GO;Serranópolis;2023;205000
5220603;GO;Silvânia;2023;124000
5220686;GO;Simolândia;2023;37735
5220702;GO;Sítio d'Abadia;2023;52113
5221007;GO;Taquaral de Goiás;2023;29302
5221080;GO;Teresina de Goiás;2023;9017
5221197;GO;Terezópolis de Goiás;2023;8620
5221304;GO;Três Ranchos;2023;22000
5221403;GO;Trindade;2023;73425
5221452;GO;Trombas;2023;81568
5221502;GO;Turvânia;2023;54785
5221551;GO;Turvelândia;2023;31271
5221577;GO;Uirapuru;2023;84300
5221601;GO;Uruaçu;2023;141300
5221700;GO;Uruana;2023;72300
5221809;GO;Urutaí;2023;52300
5221858;GO;Valparaíso de Goiás;2023;97
5221908;GO;Varjão;2023;61500
5222005;GO;Vianópolis;2023;71000
5222054;GO;Vicentinópolis;2023;25000
5222203;GO;Vila Boa;2023;62415
5222302;GO;Vila Propício;2023;88000
5300108;DF;Brasília;2023;83061
1100015;RO;Alta Floresta D'Oeste;2024;585500
1100023;RO;Ariquemes;2024;618967
1100031;RO;Cabixi;2024;120000
1100049;RO;Cacoal;2024;496250
1100056;RO;Cerejeiras;2024;99350
1100064;RO;Colorado do Oeste;2024;293550
1100072;RO;Corumbiara;2024;346200
1100080;RO;Costa Marques;2024;338560
1100098;RO;Espigão D'Oeste;2024;458000
1100106;RO;Guajará-Mirim;2024;170870
1100114;RO;Jaru;2024;627580
1100122;RO;Ji-Paraná;2024;469800
1100130;RO;Machadinho D'Oeste;2024;547050
1100148;RO;Nova Brasilândia D'Oeste;2024;259550
1100155;RO;Ouro Preto do Oeste;2024;410010
1100189;RO;Pimenta Bueno;2024;409500
1100205;RO;Porto Velho;2024;1794590
1100254;RO;Presidente Médici;2024;401800
1100262;RO;Rio Crespo;2024;137750
1100288;RO;Rolim de Moura;2024;275010
1100296;RO;Santa Luzia D'Oeste;2024;208432
1100304;RO;Vilhena;2024;166500
1100320;RO;São Miguel do Guaporé;2024;286470
1100338;RO;Nova Mamoré;2024;1019780
1100346;RO;Alvorada D'Oeste;2024;324900
1100379;RO;Alto Alegre dos Parecis;2024;272660
1100403;RO;Alto Paraíso;2024;421240
1100452;RO;Buritis;2024;648984
1100502;RO;Novo Horizonte do Oeste;2024;173500
1100601;RO;Cacaulândia;2024;341980
1100700;RO;Campo Novo de Rondônia;2024;538355
1100809;RO;Candeias do Jamari;2024;400031
1100908;RO;Castanheiras;2024;120500
1100924;RO;Chupinguaia;2024;388150
1100940;RO;Cujubim;2024;304182
1101005;RO;Governador Jorge Teixeira;2024;374840
1101104;RO;Itapuã do Oeste;2024;102089
1101203;RO;Ministro Andreazza;2024;161980
1101302;RO;Mirante da Serra;2024;148980
1101401;RO;Monte Negro;2024;423267
1101435;RO;Nova União;2024;176600
1101450;RO;Parecis;2024;202150
1101468;RO;Pimenteiras do Oeste;2024;115150
1101476;RO;Primavera de Rondônia;2024;87980
1101484;RO;São Felipe D'Oeste;2024;117520
1101492;RO;São Francisco do Guaporé;2024;498550
1101500;RO;Seringueiras;2024;291200
1101559;RO;Teixeirópolis;2024;119500
1101609;RO;Theobroma;2024;317280
1101708;RO;Urupá;2024;203800
1101757;RO;Vale do Anari;2024;204086
1101807;RO;Vale do Paraíso;2024;201461
1200013;AC;Acrelândia;2024;275558
1200054;AC;Assis Brasil;2024;87088
1200104;AC;Brasiléia;2024;384883
1200138;AC;Bujari;2024;380087
1200179;AC;Capixaba;2024;222919
1200203;AC;Cruzeiro do Sul;2024;65854
1200252;AC;Epitaciolândia;2024;186792
1200302;AC;Feijó;2024;286293
1200328;AC;Jordão;2024;18503
1200336;AC;Mâncio Lima;2024;31209
1200344;AC;Manoel Urbano;2024;142468
1200351;AC;Marechal Thaumaturgo;2024;18763
1200385;AC;Plácido de Castro;2024;329053
1200393;AC;Porto Walter;2024;23256
1200401;AC;Rio Branco;2024;674973
1200427;AC;Rodrigues Alves;2024;32751
1200435;AC;Santa Rosa do Purus;2024;14066
1200450;AC;Senador Guiomard;2024;403282
1200500;AC;Sena Madureira;2024;586666
1200609;AC;Tarauacá;2024;290017
1200708;AC;Xapuri;2024;353962
1200807;AC;Porto Acre;2024;378476
1300029;AM;Alvarães;2024;366
1300060;AM;Amaturá;2024;885
1300086;AM;Anamã;2024;405
1300102;AM;Anori;2024;725
1300144;AM;Apuí;2024;306409
1300201;AM;Atalaia do Norte;2024;50
1300300;AM;Autazes;2024;54275
1300409;AM;Barcelos;2024;65
1300508;AM;Barreirinha;2024;29449
1300607;AM;Benjamin Constant;2024;692
1300631;AM;Beruri;2024;1837
1300680;AM;Boa Vista do Ramos;2024;15997
1300706;AM;Boca do Acre;2024;488474
1300805;AM;Borba;2024;6474
1300839;AM;Caapiranga;2024;2156
1300904;AM;Canutama;2024;74325
1301001;AM;Carauari;2024;5077
1301100;AM;Careiro;2024;16261
1301159;AM;Careiro da Várzea;2024;77128
1301209;AM;Coari;2024;2206
1301308;AM;Codajás;2024;2606
1301407;AM;Eirunepé;2024;15599
1301506;AM;Envira;2024;40420
1301605;AM;Fonte Boa;2024;2250
1301654;AM;Guajará;2024;52047
1301704;AM;Humaitá;2024;63736
1301803;AM;Ipixuna;2024;23483
1301852;AM;Iranduba;2024;9234
1301902;AM;Itacoatiara;2024;54019
1301951;AM;Itamarati;2024;1265
1302009;AM;Itapiranga;2024;4520
1302108;AM;Japurá;2024;813
1302207;AM;Juruá;2024;770
1302306;AM;Jutaí;2024;912
1302405;AM;Lábrea;2024;693964
1302504;AM;Manacapuru;2024;18950
1302553;AM;Manaquiri;2024;11097
1302603;AM;Manaus;2024;4144
1302702;AM;Manicoré;2024;198566
1302801;AM;Maraã;2024;900
1302900;AM;Maués;2024;11370
1303007;AM;Nhamundá;2024;26500
1303106;AM;Nova Olinda do Norte;2024;7223
1303205;AM;Novo Airão;2024;490
1303304;AM;Novo Aripuanã;2024;100630
1303403;AM;Parintins;2024;58283
1303502;AM;Pauini;2024;15958
1303536;AM;Presidente Figueiredo;2024;12139
1303569;AM;Rio Preto da Eva;2024;2909
1303601;AM;Santa Isabel do Rio Negro;2024;82
1303700;AM;Santo Antônio do Içá;2024;620
1303809;AM;São Gabriel da Cachoeira;2024;131
1303908;AM;São Paulo de Olivença;2024;427
1303957;AM;São Sebastião do Uatumã;2024;11541
1304005;AM;Silves;2024;13510
1304062;AM;Tabatinga;2024;390
1304104;AM;Tapauá;2024;8922
1304203;AM;Tefé;2024;1225
1304237;AM;Tonantins;2024;1252
1304260;AM;Uarini;2024;567
1304302;AM;Urucará;2024;15367
1304401;AM;Urucurituba;2024;15957
1400027;RR;Amajari;2024;140964
1400050;RR;Alto Alegre;2024;120207
1400100;RR;Boa Vista;2024;32927
1400159;RR;Bonfim;2024;106964
1400175;RR;Cantá;2024;104182
1400209;RR;Caracaraí;2024;107559
1400233;RR;Caroebe;2024;108771
1400282;RR;Iracema;2024;103172
1400308;RR;Mucajaí;2024;163131
1400407;RR;Normandia;2024;20983
1400456;RR;Pacaraima;2024;22714
1400472;RR;Rorainópolis;2024;140187
1400506;RR;São João da Baliza;2024;36422
1400605;RR;São Luiz do Anauá;2024;60142
1400704;RR;Uiramutã;2024;18035
1500107;PA;Abaetetuba;2024;54105
1500131;PA;Abel Figueiredo;2024;57303
1500206;PA;Acará;2024;17810
1500305;PA;Afuá;2024;1383
1500347;PA;Água Azul do Norte;2024;685182
1500404;PA;Alenquer;2024;289821
1500503;PA;Almeirim;2024;34335
1500602;PA;Altamira;2024;1093383
1500701;PA;Anajás;2024;2388
1500800;PA;Ananindeua;2024;19
1500859;PA;Anapu;2024;375444
1500909;PA;Augusto Corrêa;2024;4138
1500958;PA;Aurora do Pará;2024;100000
1501006;PA;Aveiro;2024;79848
1501105;PA;Bagre;2024;580
1501204;PA;Baião;2024;76317
1501253;PA;Bannach;2024;279577
1501303;PA;Barcarena;2024;3384
1501402;PA;Belém;2024;122
1501451;PA;Belterra;2024;22804
1501501;PA;Benevides;2024;1744
1501576;PA;Bom Jesus do Tocantins;2024;246450
1501600;PA;Bonito;2024;11523
1501709;PA;Bragança;2024;47559
1501725;PA;Brasil Novo;2024;305348
1501758;PA;Brejo Grande do Araguaia;2024;135351
1501782;PA;Breu Branco;2024;198893
1501808;PA;Breves;2024;750
1501907;PA;Bujaru;2024;7001
1501956;PA;Cachoeira do Piriá;2024;55636
1502004;PA;Cachoeira do Arari;2024;40707
1502103;PA;Cametá;2024;2729
1502152;PA;Canaã dos Carajás;2024;229226
1502202;PA;Capanema;2024;27865
1502301;PA;Capitão Poço;2024;114620
1502400;PA;Castanhal;2024;51550
1502509;PA;Chaves;2024;63178
1502608;PA;Colares;2024;1136
1502707;PA;Conceição do Araguaia;2024;328035
1502756;PA;Concórdia do Pará;2024;15729
1502764;PA;Cumaru do Norte;2024;710417
1502772;PA;Curionópolis;2024;274998
1502806;PA;Curralinho;2024;40
1502855;PA;Curuá;2024;53180
1502905;PA;Curuçá;2024;2732
1502939;PA;Dom Eliseu;2024;81363
1502954;PA;Eldorado do Carajás;2024;426154
1503002;PA;Faro;2024;8166
1503044;PA;Floresta do Araguaia;2024;253933
1503077;PA;Garrafão do Norte;2024;65450
1503093;PA;Goianésia do Pará;2024;314952
1503101;PA;Gurupá;2024;1106
1503200;PA;Igarapé-Açu;2024;21888
1503309;PA;Igarapé-Miri;2024;5255
1503408;PA;Inhangapi;2024;13041
1503457;PA;Ipixuna do Pará;2024;135095
1503507;PA;Irituia;2024;75457
1503606;PA;Itaituba;2024;388717
1503705;PA;Itupiranga;2024;725255
1503754;PA;Jacareacanga;2024;105818
1503804;PA;Jacundá;2024;177716
1503903;PA;Juruti;2024;49337
1504059;PA;Mãe do Rio;2024;40267
1504109;PA;Magalhães Barata;2024;2012
1504208;PA;Marabá;2024;1295819
1504307;PA;Maracanã;2024;3540
1504406;PA;Marapanim;2024;5189
1504422;PA;Marituba;2024;49
1504455;PA;Medicilândia;2024;220069
1504505;PA;Melgaço;2024;1020
1504604;PA;Mocajuba;2024;1448
1504703;PA;Moju;2024;170492
1504752;PA;Mojuí dos Campos;2024;58155
1504802;PA;Monte Alegre;2024;373441
1504901;PA;Muaná;2024;5936
1504950;PA;Nova Esperança do Piriá;2024;54161
1504976;PA;Nova Ipixuna;2024;130254
1505007;PA;Nova Timboteua;2024;22759
1505031;PA;Novo Progresso;2024;724459
1505064;PA;Novo Repartimento;2024;1263160
1505106;PA;Óbidos;2024;186070
1505205;PA;Oeiras do Pará;2024;6331
1505304;PA;Oriximiná;2024;139874
1505403;PA;Ourém;2024;18766
1505437;PA;Ourilândia do Norte;2024;244415
1505486;PA;Pacajá;2024;851950
1505494;PA;Palestina do Pará;2024;108372
1505502;PA;Paragominas;2024;382487
1505536;PA;Parauapebas;2024;128859
1505551;PA;Pau D'Arco;2024;116352
1505601;PA;Peixe-Boi;2024;17760
1505635;PA;Piçarra;2024;407690
1505650;PA;Placas;2024;243393
1505700;PA;Ponta de Pedras;2024;31870
1505809;PA;Portel;2024;110495
1505908;PA;Porto de Moz;2024;75816
1506005;PA;Prainha;2024;174789
1506104;PA;Primavera;2024;5897
1506112;PA;Quatipuru;2024;824
1506138;PA;Redenção;2024;318443
1506161;PA;Rio Maria;2024;516353
1506187;PA;Rondon do Pará;2024;385930
1506195;PA;Rurópolis;2024;217200
1506203;PA;Salinópolis;2024;135
1506302;PA;Salvaterra;2024;6895
1506351;PA;Santa Bárbara do Pará;2024;2786
1506401;PA;Santa Cruz do Arari;2024;25178
1506500;PA;Santa Izabel do Pará;2024;32330
1506559;PA;Santa Luzia do Pará;2024;72491
1506583;PA;Santa Maria das Barreiras;2024;632899
1506609;PA;Santa Maria do Pará;2024;21722
1506708;PA;Santana do Araguaia;2024;637937
1506807;PA;Santarém;2024;124078
1506906;PA;Santarém Novo;2024;2971
1507003;PA;Santo Antônio do Tauá;2024;6204
1507102;PA;São Caetano de Odivelas;2024;4643
1507151;PA;São Domingos do Araguaia;2024;180616
1507201;PA;São Domingos do Capim;2024;54235
1507300;PA;São Félix do Xingu;2024;2519911
1507409;PA;São Francisco do Pará;2024;22916
1507458;PA;São Geraldo do Araguaia;2024;385033
1507466;PA;São João da Ponta;2024;1290
1507474;PA;São João de Pirabas;2024;5443
1507508;PA;São João do Araguaia;2024;121088
1507607;PA;São Miguel do Guamá;2024;42836
1507706;PA;São Sebastião da Boa Vista;2024;214
1507755;PA;Sapucaia;2024;169191
1507805;PA;Senador José Porfírio;2024;167629
1507904;PA;Soure;2024;34740
1507953;PA;Tailândia;2024;102216
1507961;PA;Terra Alta;2024;7132
1507979;PA;Terra Santa;2024;45931
1508001;PA;Tomé-Açu;2024;157464
1508035;PA;Tracuateua;2024;15684
1508050;PA;Trairão;2024;164736
1508084;PA;Tucumã;2024;367872
1508100;PA;Tucuruí;2024;83378
1508126;PA;Ulianópolis;2024;84613
1508159;PA;Uruará;2024;361883
1508209;PA;Vigia;2024;4362
1508308;PA;Viseu;2024;121331
1508357;PA;Vitória do Xingu;2024;192264
1508407;PA;Xinguara;2024;558179
1600055;AP;Serra do Navio;2024;485
1600105;AP;Amapá;2024;13738
1600154;AP;Pedra Branca do Amapari;2024;1094
1600204;AP;Calçoene;2024;3819
1600212;AP;Cutias;2024;1708
1600238;AP;Ferreira Gomes;2024;632
1600253;AP;Itaubal;2024;983
1600279;AP;Laranjal do Jari;2024;3115
1600303;AP;Macapá;2024;7685
1600402;AP;Mazagão;2024;1011
1600501;AP;Oiapoque;2024;1795
1600535;AP;Porto Grande;2024;6136
1600550;AP;Pracuúba;2024;3094
1600600;AP;Santana;2024;1231
1600709;AP;Tartarugalzinho;2024;10233
1600808;AP;Vitória do Jari;2024;1128
1700251;TO;Abreulândia;2024;103766
1700301;TO;Aguiarnópolis;2024;22002
1700350;TO;Aliança do Tocantins;2024;94223
1700400;TO;Almas;2024;85301
1700707;TO;Alvorada;2024;82497
1701002;TO;Ananás;2024;120389
1701051;TO;Angico;2024;22349
1701101;TO;Aparecida do Rio Negro;2024;21448
1701309;TO;Aragominas;2024;113494
1701903;TO;Araguacema;2024;59483
1702000;TO;Araguaçu;2024;521016
1702109;TO;Araguaína;2024;302345
1702158;TO;Araguanã;2024;98729
1702208;TO;Araguatins;2024;211188
1702307;TO;Arapoema;2024;191466
1702406;TO;Arraias;2024;284659
1702554;TO;Augustinópolis;2024;67450
1702703;TO;Aurora do Tocantins;2024;58631
1702901;TO;Axixá do Tocantins;2024;38260
1703008;TO;Babaçulândia;2024;93147
1703057;TO;Bandeirantes do Tocantins;2024;173251
1703073;TO;Barra do Ouro;2024;32896
1703107;TO;Barrolândia;2024;83040
1703206;TO;Bernardo Sayão;2024;103529
1703305;TO;Bom Jesus do Tocantins;2024;42076
1703602;TO;Brasilândia do Tocantins;2024;38853
1703701;TO;Brejinho de Nazaré;2024;59789
1703800;TO;Buriti do Tocantins;2024;40955
1703826;TO;Cachoeirinha;2024;7195
1703842;TO;Campos Lindos;2024;69448
1703867;TO;Cariri do Tocantins;2024;87437
1703883;TO;Carmolândia;2024;35929
1703891;TO;Carrasco Bonito;2024;24311
1703909;TO;Caseara;2024;51881
1704105;TO;Centenário;2024;37431
1704600;TO;Chapada de Areia;2024;48778
1705102;TO;Chapada da Natividade;2024;37022
1705508;TO;Colinas do Tocantins;2024;144819
1705557;TO;Combinado;2024;33883
1705607;TO;Conceição do Tocantins;2024;57035
1706001;TO;Couto Magalhães;2024;71439
1706100;TO;Cristalândia;2024;81625
1706258;TO;Crixás do Tocantins;2024;61053
1706506;TO;Darcinópolis;2024;36155
1707009;TO;Dianópolis;2024;67445
1707108;TO;Divinópolis do Tocantins;2024;143072
1707207;TO;Dois Irmãos do Tocantins;2024;219108
1707306;TO;Dueré;2024;213250
1707405;TO;Esperantina;2024;27028
1707553;TO;Fátima;2024;27211
1707652;TO;Figueirópolis;2024;94492
1707702;TO;Filadélfia;2024;120839
1708205;TO;Formoso do Araguaia;2024;338156
1708254;TO;Tabocão;2024;70592
1708304;TO;Goianorte;2024;120247
1709005;TO;Goiatins;2024;99219
1709302;TO;Guaraí;2024;152312
1709500;TO;Gurupi;2024;136799
1709807;TO;Ipueiras;2024;27473
1710508;TO;Itacajá;2024;104140
1710706;TO;Itaguatins;2024;60342
1710904;TO;Itapiratins;2024;63327
1711100;TO;Itaporã do Tocantins;2024;123659
1711506;TO;Jaú do Tocantins;2024;124519
1711803;TO;Juarina;2024;32372
1711902;TO;Lagoa da Confusão;2024;127371
1711951;TO;Lagoa do Tocantins;2024;23190
1712009;TO;Lajeado;2024;10416
1712157;TO;Lavandeira;2024;32063
1712405;TO;Lizarda;2024;26120
1712454;TO;Luzinópolis;2024;10559
1712504;TO;Marianópolis do Tocantins;2024;74882
1712702;TO;Mateiros;2024;16962
1712801;TO;Maurilândia do Tocantins;2024;25886
1713205;TO;Miracema do Tocantins;2024;172512
1713304;TO;Miranorte;2024;117373
1713601;TO;Monte do Carmo;2024;95999
1713700;TO;Monte Santo do Tocantins;2024;106153
1713809;TO;Palmeiras do Tocantins;2024;42235
1713957;TO;Muricilândia;2024;85120
1714203;TO;Natividade;2024;109654
1714302;TO;Nazaré;2024;30197
1714880;TO;Nova Olinda;2024;97391
1715002;TO;Nova Rosalândia;2024;20315
1715101;TO;Novo Acordo;2024;16871
1715150;TO;Novo Alegre;2024;29787
1715259;TO;Novo Jardim;2024;18794
1715507;TO;Oliveira de Fátima;2024;12892
1715705;TO;Palmeirante;2024;90021
1715754;TO;Palmeirópolis;2024;96897
1716109;TO;Paraíso do Tocantins;2024;126873
1716208;TO;Paranã;2024;273188
1716307;TO;Pau D'Arco;2024;93516
1716505;TO;Pedro Afonso;2024;27000
1716604;TO;Peixe;2024;298277
1716653;TO;Pequizeiro;2024;118234
1716703;TO;Colméia;2024;115482
1717008;TO;Pindorama do Tocantins;2024;66559
1717206;TO;Piraquê;2024;121660
1717503;TO;Pium;2024;219285
1717800;TO;Ponte Alta do Bom Jesus;2024;56000
1717909;TO;Ponte Alta do Tocantins;2024;110873
1718006;TO;Porto Alegre do Tocantins;2024;13711
1718204;TO;Porto Nacional;2024;152637
1718303;TO;Praia Norte;2024;26119
1718402;TO;Presidente Kennedy;2024;52356
1718451;TO;Pugmil;2024;19256
1718501;TO;Recursolândia;2024;101248
1718550;TO;Riachinho;2024;45107
1718659;TO;Rio da Conceição;2024;2700
1718709;TO;Rio dos Bois;2024;25756
1718758;TO;Rio Sono;2024;90432
1718808;TO;Sampaio;2024;14903
1718840;TO;Sandolândia;2024;214025
1718865;TO;Santa Fé do Araguaia;2024;115214
1718881;TO;Santa Maria do Tocantins;2024;34057
1718899;TO;Santa Rita do Tocantins;2024;114308
1718907;TO;Santa Rosa do Tocantins;2024;37256
1719004;TO;Santa Tereza do Tocantins;2024;29335
1720002;TO;Santa Terezinha do Tocantins;2024;25664
1720101;TO;São Bento do Tocantins;2024;39400
1720150;TO;São Félix do Tocantins;2024;4591
1720200;TO;São Miguel do Tocantins;2024;24277
1720259;TO;São Salvador do Tocantins;2024;42326
1720309;TO;São Sebastião do Tocantins;2024;27797
1720499;TO;São Valério;2024;74806
1720655;TO;Silvanópolis;2024;43041
1720804;TO;Sítio Novo do Tocantins;2024;47879
1720853;TO;Sucupira;2024;60738
1720903;TO;Taguatinga;2024;148401
1720937;TO;Taipas do Tocantins;2024;35835
1720978;TO;Talismã;2024;121943
1721000;TO;Palmas;2024;40899
1721109;TO;Tocantínia;2024;19905
1721208;TO;Tocantinópolis;2024;28517
1721257;TO;Tupirama;2024;31320
1721307;TO;Tupiratins;2024;21285
1722081;TO;Wanderlândia;2024;60968
1722107;TO;Xambioá;2024;102737
2100055;MA;Açailândia;2024;425312
2100105;MA;Afonso Cunha;2024;1480
2100154;MA;Água Doce do Maranhão;2024;1715
2100204;MA;Alcântara;2024;4442
2100303;MA;Aldeias Altas;2024;7450
2100402;MA;Altamira do Maranhão;2024;43787
2100436;MA;Alto Alegre do Maranhão;2024;19212
2100477;MA;Alto Alegre do Pindaré;2024;98138
2100501;MA;Alto Parnaíba;2024;59534
2100550;MA;Amapá do Maranhão;2024;12814
2100600;MA;Amarante do Maranhão;2024;359816
2100709;MA;Anajatuba;2024;53257
2100808;MA;Anapurus;2024;1680
2100832;MA;Apicum-Açu;2024;2215
2100873;MA;Araguanã;2024;32321
2100907;MA;Araioses;2024;10845
2100956;MA;Arame;2024;163598
2101004;MA;Arari;2024;38349
2101103;MA;Axixá;2024;397
2101202;MA;Bacabal;2024;139099
2101251;MA;Bacabeira;2024;4570
2101301;MA;Bacuri;2024;4685
2101350;MA;Bacurituba;2024;7120
2101400;MA;Balsas;2024;132512
2101509;MA;Barão de Grajaú;2024;19246
2101608;MA;Barra do Corda;2024;175882
2101707;MA;Barreirinhas;2024;8103
2101731;MA;Belágua;2024;265
2101772;MA;Bela Vista do Maranhão;2024;9368
2101806;MA;Benedito Leite;2024;16751
2101905;MA;Bequimão;2024;7891
2101939;MA;Bernardo do Mearim;2024;17547
2101970;MA;Boa Vista do Gurupi;2024;6539
2102002;MA;Bom Jardim;2024;215568
2102036;MA;Bom Jesus das Selvas;2024;168608
2102077;MA;Bom Lugar;2024;57963
2102101;MA;Brejo;2024;10520
2102150;MA;Brejo de Areia;2024;40493
2102200;MA;Buriti;2024;7620
2102309;MA;Buriti Bravo;2024;39858
2102325;MA;Buriticupu;2024;172173
2102358;MA;Buritirana;2024;86817
2102374;MA;Cachoeira Grande;2024;1033
2102408;MA;Cajapió;2024;4175
2102507;MA;Cajari;2024;9825
2102556;MA;Campestre do Maranhão;2024;48757
2102606;MA;Cândido Mendes;2024;8935
2102705;MA;Cantanhede;2024;7823
2102754;MA;Capinzal do Norte;2024;18145
2102804;MA;Carolina;2024;144271
2102903;MA;Carutapera;2024;31856
2103000;MA;Caxias;2024;47830
2103109;MA;Cedral;2024;824
2103125;MA;Central do Maranhão;2024;2941
2103158;MA;Centro do Guilherme;2024;29680
2103174;MA;Centro Novo do Maranhão;2024;105752
2103208;MA;Chapadinha;2024;17100
2103257;MA;Cidelândia;2024;114548
2103307;MA;Codó;2024;157260
2103406;MA;Coelho Neto;2024;6280
2103505;MA;Colinas;2024;67345
2103554;MA;Conceição do Lago-Açu;2024;26518
2103604;MA;Coroatá;2024;64360
2103703;MA;Cururupu;2024;1830
2103752;MA;Davinópolis;2024;31758
2103802;MA;Dom Pedro;2024;26298
2103901;MA;Duque Bacelar;2024;4220
2104008;MA;Esperantinópolis;2024;32000
2104057;MA;Estreito;2024;185956
2104073;MA;Feira Nova do Maranhão;2024;94498
2104081;MA;Fernando Falcão;2024;25140
2104099;MA;Formosa da Serra Negra;2024;195798
2104107;MA;Fortaleza dos Nogueiras;2024;105455
2104206;MA;Fortuna;2024;31720
2104305;MA;Godofredo Viana;2024;1985
2104404;MA;Gonçalves Dias;2024;48178
2104503;MA;Governador Archer;2024;42189
2104552;MA;Governador Edison Lobão;2024;43833
2104602;MA;Governador Eugênio Barros;2024;30075
2104628;MA;Governador Luiz Rocha;2024;15245
2104651;MA;Governador Newton Bello;2024;80377
2104677;MA;Governador Nunes Freire;2024;30690
2104701;MA;Graça Aranha;2024;9483
2104800;MA;Grajaú;2024;237361
2104909;MA;Guimarães;2024;2251
2105005;MA;Humberto de Campos;2024;1629
2105104;MA;Icatu;2024;682
2105153;MA;Igarapé do Meio;2024;26197
2105203;MA;Igarapé Grande;2024;40607
2105302;MA;Imperatriz;2024;104557
2105351;MA;Itaipava do Grajaú;2024;36765
2105401;MA;Itapecuru Mirim;2024;17296
2105427;MA;Itinga do Maranhão;2024;172923
2105450;MA;Jatobá;2024;19430
2105476;MA;Jenipapo dos Vieiras;2024;83573
2105500;MA;João Lisboa;2024;119046
2105609;MA;Joselândia;2024;22438
2105658;MA;Junco do Maranhão;2024;30110
2105708;MA;Lago da Pedra;2024;88722
2105807;MA;Lago do Junco;2024;26975
2105906;MA;Lago Verde;2024;48200
2105922;MA;Lagoa do Mato;2024;21354
2105948;MA;Lago dos Rodrigues;2024;18754
2105963;MA;Lagoa Grande do Maranhão;2024;37739
2105989;MA;Lajeado Novo;2024;73293
2106003;MA;Lima Campos;2024;13112
2106102;MA;Loreto;2024;49120
2106201;MA;Luís Domingues;2024;4199
2106300;MA;Magalhães de Almeida;2024;11251
2106326;MA;Maracaçumé;2024;23772
2106359;MA;Marajá do Sena;2024;85747
2106375;MA;Maranhãozinho;2024;42530
2106409;MA;Mata Roma;2024;2260
2106508;MA;Matinha;2024;20771
2106607;MA;Matões;2024;23859
2106631;MA;Matões do Norte;2024;19017
2106672;MA;Milagres do Maranhão;2024;3190
2106706;MA;Mirador;2024;67295
2106755;MA;Miranda do Norte;2024;25998
2106805;MA;Mirinzal;2024;2629
2106904;MA;Monção;2024;46063
2107001;MA;Montes Altos;2024;67066
2107100;MA;Morros;2024;1300
2107209;MA;Nina Rodrigues;2024;2110
2107258;MA;Nova Colinas;2024;43515
2107308;MA;Nova Iorque;2024;13485
2107357;MA;Nova Olinda do Maranhão;2024;38484
2107407;MA;Olho d'Água das Cunhãs;2024;82728
2107456;MA;Olinda Nova do Maranhão;2024;7380
2107506;MA;Paço do Lumiar;2024;809
2107605;MA;Palmeirândia;2024;5236
2107704;MA;Paraibano;2024;28281
2107803;MA;Parnarama;2024;88987
2107902;MA;Passagem Franca;2024;49930
2108009;MA;Pastos Bons;2024;33564
2108058;MA;Paulino Neves;2024;3101
2108108;MA;Paulo Ramos;2024;71842
2108207;MA;Pedreiras;2024;17045
2108256;MA;Pedro do Rosário;2024;24274
2108306;MA;Penalva;2024;17153
2108405;MA;Peri Mirim;2024;4144
2108454;MA;Peritoró;2024;48740
2108504;MA;Pindaré-Mirim;2024;12101
2108603;MA;Pinheiro;2024;33754
2108702;MA;Pio XII;2024;32021
2108801;MA;Pirapemas;2024;14820
2108900;MA;Poção de Pedras;2024;62831
2109007;MA;Porto Franco;2024;136301
2109056;MA;Porto Rico do Maranhão;2024;1245
2109106;MA;Presidente Dutra;2024;66973
2109205;MA;Presidente Juscelino;2024;803
2109239;MA;Presidente Médici;2024;29245
2109270;MA;Presidente Sarney;2024;5667
2109304;MA;Presidente Vargas;2024;1383
2109403;MA;Primeira Cruz;2024;1165
2109452;MA;Raposa;2024;439
2109502;MA;Riachão;2024;152960
2109551;MA;Ribamar Fiquene;2024;61601
2109601;MA;Rosário;2024;1150
2109700;MA;Sambaíba;2024;33560
2109759;MA;Santa Filomena do Maranhão;2024;25588
2109809;MA;Santa Helena;2024;15526
2109908;MA;Santa Inês;2024;64532
2110005;MA;Santa Luzia;2024;358417
2110039;MA;Santa Luzia do Paruá;2024;64155
2110104;MA;Santa Quitéria do Maranhão;2024;5913
2110203;MA;Santa Rita;2024;21184
2110237;MA;Santana do Maranhão;2024;2195
2110278;MA;Santo Amaro do Maranhão;2024;1228
2110302;MA;Santo Antônio dos Lopes;2024;25114
2110401;MA;São Benedito do Rio Preto;2024;1398
2110500;MA;São Bento;2024;5583
2110609;MA;São Bernardo;2024;12507
2110658;MA;São Domingos do Azeitão;2024;9453
2110708;MA;São Domingos do Maranhão;2024;89980
2110807;MA;São Félix de Balsas;2024;22848
2110856;MA;São Francisco do Brejão;2024;83345
2110906;MA;São Francisco do Maranhão;2024;23361
2111003;MA;São João Batista;2024;9916
2111029;MA;São João do Carú;2024;49011
2111052;MA;São João do Paraíso;2024;187097
2111078;MA;São João do Soter;2024;18530
2111102;MA;São João dos Patos;2024;45238
2111201;MA;São José de Ribamar;2024;1356
2111250;MA;São José dos Basílios;2024;18736
2111300;MA;São Luís;2024;1686
2111409;MA;São Luís Gonzaga do Maranhão;2024;93865
2111508;MA;São Mateus do Maranhão;2024;45449
2111532;MA;São Pedro da Água Branca;2024;26301
2111573;MA;São Pedro dos Crentes;2024;79930
2111607;MA;São Raimundo das Mangabeiras;2024;54647
2111631;MA;São Raimundo do Doca Bezerra;2024;29912
2111672;MA;São Roberto;2024;23488
2111706;MA;São Vicente Ferrer;2024;7757
2111722;MA;Satubinha;2024;31358
2111748;MA;Senador Alexandre Costa;2024;14580
2111763;MA;Senador La Rocque;2024;128350
2111789;MA;Serrano do Maranhão;2024;6247
2111805;MA;Sítio Novo;2024;185780
2111904;MA;Sucupira do Norte;2024;22295
2111953;MA;Sucupira do Riachão;2024;12861
2112001;MA;Tasso Fragoso;2024;34430
2112100;MA;Timbiras;2024;23380
2112209;MA;Timon;2024;19592
2112233;MA;Trizidela do Vale;2024;14194
2112274;MA;Tufilândia;2024;18421
2112308;MA;Tuntum;2024;190910
2112407;MA;Turiaçu;2024;11178
2112456;MA;Turilândia;2024;30716
2112506;MA;Tutóia;2024;3019
2112605;MA;Urbano Santos;2024;1395
2112704;MA;Vargem Grande;2024;18481
2112803;MA;Viana;2024;17587
2112852;MA;Vila Nova dos Martírios;2024;87892
2112902;MA;Vitória do Mearim;2024;23883
2113009;MA;Vitorino Freire;2024;110556
2114007;MA;Zé Doca;2024;176432
2200053;PI;Acauã;2024;6037
2200103;PI;Agricolândia;2024;1554
2200202;PI;Água Branca;2024;2798
2200251;PI;Alagoinha do Piauí;2024;5345
2200277;PI;Alegrete do Piauí;2024;3464
2200301;PI;Alto Longá;2024;13905
2200400;PI;Altos;2024;7150
2200459;PI;Alvorada do Gurguéia;2024;6911
2200509;PI;Amarante;2024;9160
2200608;PI;Angical do Piauí;2024;5267
2200707;PI;Anísio de Abreu;2024;2346
2200806;PI;Antônio Almeida;2024;3518
2200905;PI;Aroazes;2024;6381
2200954;PI;Aroeiras do Itaim;2024;3142
2201002;PI;Arraial;2024;3286
2201051;PI;Assunção do Piauí;2024;4240
2201101;PI;Avelino Lopes;2024;10855
2201150;PI;Baixa Grande do Ribeiro;2024;13288
2201176;PI;Barra D'Alcântara;2024;2123
2201200;PI;Barras;2024;15259
2201309;PI;Barreiras do Piauí;2024;4565
2201408;PI;Barro Duro;2024;1797
2201507;PI;Batalha;2024;14863
2201556;PI;Bela Vista do Piauí;2024;5680
2201572;PI;Belém do Piauí;2024;1912
2201606;PI;Beneditinos;2024;4609
2201705;PI;Bertolínia;2024;9205
2201739;PI;Betânia do Piauí;2024;2498
2201770;PI;Boa Hora;2024;1655
2201804;PI;Bocaina;2024;3180
2201903;PI;Bom Jesus;2024;25657
2201919;PI;Bom Princípio do Piauí;2024;2974
2201929;PI;Bonfim do Piauí;2024;1564
2201945;PI;Boqueirão do Piauí;2024;1278
2201960;PI;Brasileira;2024;4341
2201988;PI;Brejo do Piauí;2024;5448
2202000;PI;Buriti dos Lopes;2024;5884
2202026;PI;Buriti dos Montes;2024;6704
2202059;PI;Cabeceiras do Piauí;2024;5561
2202075;PI;Cajazeiras do Piauí;2024;3995
2202083;PI;Cajueiro da Praia;2024;1035
2202091;PI;Caldeirão Grande do Piauí;2024;3121
2202109;PI;Campinas do Piauí;2024;7063
2202117;PI;Campo Alegre do Fidalgo;2024;2451
2202133;PI;Campo Grande do Piauí;2024;1994
2202174;PI;Campo Largo do Piauí;2024;4038
2202208;PI;Campo Maior;2024;21642
2202251;PI;Canavieira;2024;9502
2202307;PI;Canto do Buriti;2024;9105
2202406;PI;Capitão de Campos;2024;4424
2202455;PI;Capitão Gervásio Oliveira;2024;5191
2202505;PI;Caracol;2024;4455
2202539;PI;Caraúbas do Piauí;2024;8295
2202554;PI;Caridade do Piauí;2024;4221
2202604;PI;Castelo do Piauí;2024;10602
2202653;PI;Caxingó;2024;3920
2202703;PI;Cocal;2024;6739
2202711;PI;Cocal de Telha;2024;2569
2202729;PI;Cocal dos Alves;2024;1993
2202737;PI;Coivaras;2024;2716
2202752;PI;Colônia do Gurguéia;2024;5803
2202778;PI;Colônia do Piauí;2024;7373
2202802;PI;Conceição do Canindé;2024;3643
2202851;PI;Coronel José Dias;2024;2685
2202901;PI;Corrente;2024;27814
2203008;PI;Cristalândia do Piauí;2024;19378
2203107;PI;Cristino Castro;2024;5122
2203206;PI;Curimatá;2024;19989
2203230;PI;Currais;2024;13699
2203255;PI;Curralinhos;2024;3501
2203271;PI;Curral Novo do Piauí;2024;2809
2203305;PI;Demerval Lobão;2024;1655
2203354;PI;Dirceu Arcoverde;2024;3460
2203404;PI;Dom Expedito Lopes;2024;1166
2203420;PI;Domingos Mourão;2024;3114
2203453;PI;Dom Inocêncio;2024;7251
2203503;PI;Elesbão Veloso;2024;16072
2203602;PI;Eliseu Martins;2024;5943
2203701;PI;Esperantina;2024;8825
2203750;PI;Fartura do Piauí;2024;3137
2203800;PI;Flores do Piauí;2024;4510
2203859;PI;Floresta do Piauí;2024;2472
2203909;PI;Floriano;2024;10710
2204006;PI;Francinópolis;2024;2952
2204105;PI;Francisco Ayres;2024;3710
2204154;PI;Francisco Macedo;2024;1511
2204204;PI;Francisco Santos;2024;3312
2204303;PI;Fronteiras;2024;5741
2204352;PI;Geminiano;2024;3509
2204402;PI;Gilbués;2024;10294
2204501;PI;Guadalupe;2024;5144
2204550;PI;Guaribas;2024;2152
2204600;PI;Hugo Napoleão;2024;2003
2204659;PI;Ilha Grande;2024;1609
2204709;PI;Inhuma;2024;7222
2204808;PI;Ipiranga do Piauí;2024;2781
2204907;PI;Isaías Coelho;2024;8004
2205003;PI;Itainópolis;2024;6884
2205102;PI;Itaueira;2024;13577
2205151;PI;Jacobina do Piauí;2024;10626
2205201;PI;Jaicós;2024;3929
2205250;PI;Jardim do Mulato;2024;3252
2205276;PI;Jatobá do Piauí;2024;7072
2205300;PI;Jerumenha;2024;6554
2205359;PI;João Costa;2024;3539
2205409;PI;Joaquim Pires;2024;10791
2205458;PI;Joca Marques;2024;4505
2205508;PI;José de Freitas;2024;13612
2205516;PI;Juazeiro do Piauí;2024;4140
2205524;PI;Júlio Borges;2024;11837
2205532;PI;Jurema;2024;2637
2205540;PI;Lagoinha do Piauí;2024;1443
2205557;PI;Lagoa Alegre;2024;1750
2205565;PI;Lagoa do Barro do Piauí;2024;3470
2205573;PI;Lagoa de São Francisco;2024;1336
2205581;PI;Lagoa do Piauí;2024;2888
2205599;PI;Lagoa do Sítio;2024;3512
2205607;PI;Landri Sales;2024;7571
2205706;PI;Luís Correia;2024;8486
2205805;PI;Luzilândia;2024;7702
2205854;PI;Madeiro;2024;4065
2205904;PI;Manoel Emídio;2024;7332
2205953;PI;Marcolândia;2024;695
2206001;PI;Marcos Parente;2024;5385
2206050;PI;Massapê do Piauí;2024;2693
2206100;PI;Matias Olímpio;2024;2176
2206209;PI;Miguel Alves;2024;7033
2206308;PI;Miguel Leão;2024;204
2206357;PI;Milton Brandão;2024;3816
2206407;PI;Monsenhor Gil;2024;2587
2206506;PI;Monsenhor Hipólito;2024;5311
2206605;PI;Monte Alegre do Piauí;2024;23487
2206654;PI;Morro Cabeça no Tempo;2024;6218
2206670;PI;Morro do Chapéu do Piauí;2024;4072
2206696;PI;Murici dos Portelas;2024;4552
2206704;PI;Nazaré do Piauí;2024;6661
2206720;PI;Nazária;2024;4011
2206753;PI;Nossa Senhora de Nazaré;2024;3764
2206803;PI;Nossa Senhora dos Remédios;2024;3933
2206902;PI;Novo Oriente do Piauí;2024;6749
2206951;PI;Novo Santo Antônio;2024;4143
2207009;PI;Oeiras;2024;13211
2207108;PI;Olho D'Água do Piauí;2024;3571
2207207;PI;Padre Marcos;2024;2286
2207306;PI;Paes Landim;2024;3552
2207355;PI;Pajeú do Piauí;2024;4771
2207405;PI;Palmeira do Piauí;2024;7132
2207504;PI;Palmeirais;2024;5914
2207553;PI;Paquetá;2024;2402
2207603;PI;Parnaguá;2024;40396
2207702;PI;Parnaíba;2024;5916
2207751;PI;Passagem Franca do Piauí;2024;4255
2207777;PI;Patos do Piauí;2024;4700
2207793;PI;Pau D'Arco do Piauí;2024;1771
2207801;PI;Paulistana;2024;9004
2207850;PI;Pavussu;2024;2232
2207900;PI;Pedro II;2024;6268
2207934;PI;Pedro Laurentino;2024;4956
2207959;PI;Nova Santa Rita;2024;5639
2208007;PI;Picos;2024;9480
2208106;PI;Pimenteiras;2024;13668
2208205;PI;Pio IX;2024;6960
2208304;PI;Piracuruca;2024;16004
2208403;PI;Piripiri;2024;13325
2208502;PI;Porto;2024;2874
2208551;PI;Porto Alegre do Piauí;2024;5926
2208601;PI;Prata do Piauí;2024;1216
2208650;PI;Queimada Nova;2024;5298
2208700;PI;Redenção do Gurguéia;2024;11602
2208809;PI;Regeneração;2024;5110
2208858;PI;Riacho Frio;2024;15057
2208874;PI;Ribeira do Piauí;2024;6368
2208908;PI;Ribeiro Gonçalves;2024;8926
2209005;PI;Rio Grande do Piauí;2024;5410
2209104;PI;Santa Cruz do Piauí;2024;5415
2209153;PI;Santa Cruz dos Milagres;2024;4402
2209203;PI;Santa Filomena;2024;14017
2209302;PI;Santa Luz;2024;13328
2209351;PI;Santana do Piauí;2024;897
2209377;PI;Santa Rosa do Piauí;2024;5396
2209401;PI;Santo Antônio de Lisboa;2024;2514
2209450;PI;Santo Antônio dos Milagres;2024;261
2209500;PI;Santo Inácio do Piauí;2024;4628
2209559;PI;São Braz do Piauí;2024;1471
2209609;PI;São Félix do Piauí;2024;5809
2209658;PI;São Francisco de Assis do Piauí;2024;3975
2209708;PI;São Francisco do Piauí;2024;5793
2209757;PI;São Gonçalo do Gurguéia;2024;5961
2209807;PI;São Gonçalo do Piauí;2024;2423
2209856;PI;São João da Canabrava;2024;1134
2209872;PI;São João da Fronteira;2024;3341
2209906;PI;São João da Serra;2024;8263
2209955;PI;São João da Varjota;2024;1462
2209971;PI;São João do Arraial;2024;2182
2210003;PI;São João do Piauí;2024;6278
2210052;PI;São José do Divino;2024;10158
2210102;PI;São José do Peixe;2024;5793
2210201;PI;São José do Piauí;2024;3138
2210300;PI;São Julião;2024;2672
2210359;PI;São Lourenço do Piauí;2024;1788
2210375;PI;São Luis do Piauí;2024;1435
2210383;PI;São Miguel da Baixa Grande;2024;2387
2210391;PI;São Miguel do Fidalgo;2024;3268
2210409;PI;São Miguel do Tapuio;2024;14989
2210508;PI;São Pedro do Piauí;2024;6356
2210607;PI;São Raimundo Nonato;2024;4464
2210623;PI;Sebastião Barros;2024;16817
2210631;PI;Sebastião Leal;2024;7799
2210656;PI;Sigefredo Pacheco;2024;6806
2210706;PI;Simões;2024;7368
2210805;PI;Simplício Mendes;2024;9707
2210904;PI;Socorro do Piauí;2024;3596
2210938;PI;Sussuapara;2024;1999
2210953;PI;Tamboril do Piauí;2024;2418
2210979;PI;Tanque do Piauí;2024;1252
2211001;PI;Teresina;2024;9876
2211100;PI;União;2024;9584
2211209;PI;Uruçuí;2024;19612
2211308;PI;Valença do Piauí;2024;6296
2211357;PI;Várzea Branca;2024;2365
2211407;PI;Várzea Grande;2024;1644
2211506;PI;Vera Mendes;2024;2119
2211605;PI;Vila Nova do Piauí;2024;3216
2211704;PI;Wall Ferraz;2024;3456
2300101;CE;Abaiara;2024;9240
2300150;CE;Acarape;2024;2480
2300200;CE;Acaraú;2024;5359
2300309;CE;Acopiara;2024;73900
2300408;CE;Aiuaba;2024;14774
2300507;CE;Alcântaras;2024;815
2300606;CE;Altaneira;2024;3500
2300705;CE;Alto Santo;2024;29906
2300754;CE;Amontada;2024;10044
2300804;CE;Antonina do Norte;2024;4727
2300903;CE;Apuiarés;2024;4945
2301000;CE;Aquiraz;2024;8983
2301109;CE;Aracati;2024;6787
2301208;CE;Aracoiaba;2024;10807
2301257;CE;Ararendá;2024;4756
2301307;CE;Araripe;2024;17000
2301406;CE;Aratuba;2024;1616
2301505;CE;Arneiroz;2024;10480
2301604;CE;Assaré;2024;26500
2301703;CE;Aurora;2024;32915
2301802;CE;Baixio;2024;9177
2301851;CE;Banabuiú;2024;31972
2301901;CE;Barbalha;2024;7890
2301950;CE;Barreira;2024;5500
2302008;CE;Barro;2024;26132
2302057;CE;Barroquinha;2024;1389
2302107;CE;Baturité;2024;1428
2302206;CE;Beberibe;2024;11254
2302305;CE;Bela Cruz;2024;6158
2302404;CE;Boa Viagem;2024;31989
2302503;CE;Brejo Santo;2024;45570
2302602;CE;Camocim;2024;4945
2302701;CE;Campos Sales;2024;19800
2302800;CE;Canindé;2024;21572
2302909;CE;Capistrano;2024;4450
2303006;CE;Caridade;2024;5198
2303105;CE;Cariré;2024;17236
2303204;CE;Caririaçu;2024;16720
2303303;CE;Cariús;2024;28362
2303402;CE;Carnaubal;2024;2280
2303501;CE;Cascavel;2024;7065
2303600;CE;Catarina;2024;12218
2303659;CE;Catunda;2024;6000
2303709;CE;Caucaia;2024;16500
2303808;CE;Cedro;2024;34000
2303907;CE;Chaval;2024;1356
2303931;CE;Choró;2024;10253
2303956;CE;Chorozinho;2024;2541
2304004;CE;Coreaú;2024;10356
2304103;CE;Crateús;2024;40453
2304202;CE;Crato;2024;27300
2304236;CE;Croatá;2024;4656
2304251;CE;Cruz;2024;1640
2304269;CE;Deputado Irapuan Pinheiro;2024;15100
2304277;CE;Ereré;2024;13338
2304285;CE;Eusébio;2024;822
2304301;CE;Farias Brito;2024;21850
2304350;CE;Forquilha;2024;8517
2304400;CE;Fortaleza;2024;1630
2304459;CE;Fortim;2024;1949
2304509;CE;Frecheirinha;2024;5000
2304608;CE;General Sampaio;2024;3398
2304657;CE;Graça;2024;2230
2304707;CE;Granja;2024;16384
2304806;CE;Granjeiro;2024;4360
2304905;CE;Groaíras;2024;4995
2304954;CE;Guaiúba;2024;5495
2305001;CE;Guaraciaba do Norte;2024;9900
2305100;CE;Guaramiranga;2024;370
2305209;CE;Hidrolândia;2024;19866
2305233;CE;Horizonte;2024;3940
2305266;CE;Ibaretama;2024;15053
2305308;CE;Ibiapina;2024;4000
2305332;CE;Ibicuitinga;2024;12268
2305357;CE;Icapuí;2024;2674
2305407;CE;Icó;2024;49558
2305506;CE;Iguatu;2024;77850
2305605;CE;Independência;2024;48318
2305654;CE;Ipaporanga;2024;5733
2305704;CE;Ipaumirim;2024;13366
2305803;CE;Ipu;2024;15000
2305902;CE;Ipueiras;2024;15360
2306009;CE;Iracema;2024;28603
2306108;CE;Irauçuba;2024;18600
2306207;CE;Itaiçaba;2024;2954
2306256;CE;Itaitinga;2024;1911
2306306;CE;Itapajé;2024;8017
2306405;CE;Itapipoca;2024;13580
2306504;CE;Itapiúna;2024;10769
2306553;CE;Itarema;2024;6352
2306603;CE;Itatira;2024;7212
2306702;CE;Jaguaretama;2024;58046
2306801;CE;Jaguaribara;2024;18711
2306900;CE;Jaguaribe;2024;60970
2307007;CE;Jaguaruana;2024;18823
2307106;CE;Jardim;2024;15984
2307205;CE;Jati;2024;8407
2307254;CE;Jijoca de Jericoacoara;2024;760
2307304;CE;Juazeiro do Norte;2024;12800
2307403;CE;Jucás;2024;46208
2307502;CE;Lavras da Mangabeira;2024;29120
2307601;CE;Limoeiro do Norte;2024;30191
2307635;CE;Madalena;2024;13527
2307650;CE;Maracanaú;2024;1320
2307700;CE;Maranguape;2024;15852
2307809;CE;Marco;2024;5957
2307908;CE;Martinópole;2024;2090
2308005;CE;Massapê;2024;7735
2308104;CE;Mauriti;2024;48445
2308203;CE;Meruoca;2024;496
2308302;CE;Milagres;2024;21527
2308351;CE;Milhã;2024;36323
2308377;CE;Miraíma;2024;8021
2308401;CE;Missão Velha;2024;16918
2308500;CE;Mombaça;2024;35888
2308609;CE;Monsenhor Tabosa;2024;11066
2308708;CE;Morada Nova;2024;104079
2308807;CE;Moraújo;2024;3520
2308906;CE;Morrinhos;2024;5378
2309003;CE;Mucambo;2024;3714
2309102;CE;Mulungu;2024;768
2309201;CE;Nova Olinda;2024;11500
2309300;CE;Nova Russas;2024;8923
2309409;CE;Novo Oriente;2024;15144
2309458;CE;Ocara;2024;11515
2309508;CE;Orós;2024;17286
2309607;CE;Pacajus;2024;6604
2309706;CE;Pacatuba;2024;2597
2309805;CE;Pacoti;2024;1200
2309904;CE;Pacujá;2024;1780
2310001;CE;Palhano;2024;3856
2310100;CE;Palmácia;2024;3745
2310209;CE;Paracuru;2024;4472
2310258;CE;Paraipaba;2024;3628
2310308;CE;Parambu;2024;28033
2310407;CE;Paramoti;2024;3116
2310506;CE;Pedra Branca;2024;34338
2310605;CE;Penaforte;2024;7250
2310704;CE;Pentecoste;2024;16290
2310803;CE;Pereiro;2024;7769
2310852;CE;Pindoretama;2024;3300
2310902;CE;Piquet Carneiro;2024;22065
2310951;CE;Pires Ferreira;2024;5165
2311009;CE;Poranga;2024;4035
2311108;CE;Porteiras;2024;17443
2311207;CE;Potengi;2024;13000
2311231;CE;Potiretama;2024;13643
2311264;CE;Quiterianópolis;2024;19620
2311306;CE;Quixadá;2024;50249
2311355;CE;Quixelô;2024;50000
2311405;CE;Quixeramobim;2024;94758
2311504;CE;Quixeré;2024;5879
2311603;CE;Redenção;2024;2413
2311702;CE;Reriutaba;2024;5200
2311801;CE;Russas;2024;19825
2311900;CE;Saboeiro;2024;18100
2311959;CE;Salitre;2024;11520
2312007;CE;Santana do Acaraú;2024;19350
2312106;CE;Santana do Cariri;2024;12500
2312205;CE;Santa Quitéria;2024;38729
2312304;CE;São Benedito;2024;5500
2312403;CE;São Gonçalo do Amarante;2024;6114
2312502;CE;São João do Jaguaribe;2024;7354
2312601;CE;São Luís do Curu;2024;2077
2312700;CE;Senador Pompeu;2024;35343
2312809;CE;Senador Sá;2024;3268
2312908;CE;Sobral;2024;37621
2313005;CE;Solonópole;2024;39956
2313104;CE;Tabuleiro do Norte;2024;26852
2313203;CE;Tamboril;2024;22360
2313252;CE;Tarrafas;2024;8250
2313302;CE;Tauá;2024;53677
2313351;CE;Tejuçuoca;2024;7010
2313401;CE;Tianguá;2024;7000
2313500;CE;Trairi;2024;10574
2313559;CE;Tururu;2024;2310
2313609;CE;Ubajara;2024;4600
2313708;CE;Umari;2024;9314
2313757;CE;Umirim;2024;8800
2313807;CE;Uruburetama;2024;1853
2313906;CE;Uruoca;2024;3507
2313955;CE;Varjota;2024;4400
2314003;CE;Várzea Alegre;2024;36109
2314102;CE;Viçosa do Ceará;2024;9400
2400109;RN;Acari;2024;15800
2400208;RN;Assú;2024;22282
2400307;RN;Afonso Bezerra;2024;9000
2400406;RN;Água Nova;2024;1475
2400505;RN;Alexandria;2024;16000
2400604;RN;Almino Afonso;2024;3100
2400703;RN;Alto do Rodrigues;2024;4915
2400802;RN;Angicos;2024;12651
2400901;RN;Antônio Martins;2024;5500
2401008;RN;Apodi;2024;23000
2401107;RN;Areia Branca;2024;500
2401206;RN;Arez;2024;2000
2401305;RN;Campo Grande;2024;27255
2401404;RN;Baía Formosa;2024;470
2401453;RN;Baraúna;2024;7020
2401503;RN;Barcelona;2024;4150
2401602;RN;Bento Fernandes;2024;6889
2401651;RN;Bodó;2024;3600
2401701;RN;Bom Jesus;2024;8592
2401800;RN;Brejinho;2024;8800
2401859;RN;Caiçara do Norte;2024;777
2401909;RN;Caiçara do Rio do Vento;2024;3165
2402006;RN;Caicó;2024;48922
2402105;RN;Campo Redondo;2024;6500
2402204;RN;Canguaretama;2024;3800
2402303;RN;Caraúbas;2024;22645
2402402;RN;Carnaúba dos Dantas;2024;4980
2402501;RN;Carnaubais;2024;7200
2402600;RN;Ceará-Mirim;2024;22970
2402709;RN;Cerro Corá;2024;10200
2402808;RN;Coronel Ezequiel;2024;3500
2402907;RN;Coronel João Pessoa;2024;2200
2403004;RN;Cruzeta;2024;13200
2403103;RN;Currais Novos;2024;15779
2403202;RN;Doutor Severiano;2024;6400
2403251;RN;Parnamirim;2024;1434
2403301;RN;Encanto;2024;4200
2403400;RN;Equador;2024;2500
2403509;RN;Espírito Santo;2024;3500
2403608;RN;Extremoz;2024;1720
2403707;RN;Felipe Guerra;2024;3200
2403756;RN;Fernando Pedroza;2024;3534
2403806;RN;Florânia;2024;12564
2403905;RN;Francisco Dantas;2024;6000
2404002;RN;Frutuoso Gomes;2024;2300
2404101;RN;Galinhos;2024;444
2404200;RN;Goianinha;2024;6931
2404309;RN;Governador Dix-Sept Rosado;2024;6000
2404408;RN;Grossos;2024;575
2404507;RN;Guamaré;2024;12000
2404606;RN;Ielmo Marinho;2024;14500
2404705;RN;Ipanguaçu;2024;10000
2404804;RN;Ipueira;2024;4200
2404853;RN;Itajá;2024;3610
2404903;RN;Itaú;2024;3778
2405009;RN;Jaçanã;2024;3500
2405108;RN;Jandaíra;2024;3852
2405207;RN;Janduís;2024;9200
2405306;RN;Januário Cicco;2024;5000
2405405;RN;Japi;2024;5600
2405504;RN;Jardim de Angicos;2024;5209
2405603;RN;Jardim de Piranhas;2024;22917
2405702;RN;Jardim do Seridó;2024;15604
2405801;RN;João Câmara;2024;17931
2405900;RN;João Dias;2024;980
2406007;RN;José da Penha;2024;7500
2406106;RN;Jucurutu;2024;32130
2406155;RN;Jundiá;2024;5708
2406205;RN;Lagoa d'Anta;2024;10991
2406304;RN;Lagoa de Pedras;2024;8000
2406403;RN;Lagoa de Velhos;2024;3450
2406502;RN;Lagoa Nova;2024;7202
2406601;RN;Lagoa Salgada;2024;6284
2406700;RN;Lajes;2024;7876
2406809;RN;Lajes Pintadas;2024;3476
2406908;RN;Lucrécia;2024;2500
2407005;RN;Luís Gomes;2024;1000
2407104;RN;Macaíba;2024;27200
2407203;RN;Macau;2024;3000
2407252;RN;Major Sales;2024;2400
2407302;RN;Marcelino Vieira;2024;7000
2407401;RN;Martins;2024;2407
2407500;RN;Maxaranguape;2024;1200
2407609;RN;Messias Targino;2024;12500
2407708;RN;Montanhas;2024;9000
2407807;RN;Monte Alegre;2024;11000
2407906;RN;Monte das Gameleiras;2024;2410
2408003;RN;Mossoró;2024;24000
2408102;RN;Natal;2024;268
2408201;RN;Nísia Floresta;2024;9000
2408300;RN;Nova Cruz;2024;33000
2408409;RN;Olho d'Água do Borges;2024;5200
2408508;RN;Ouro Branco;2024;9170
2408607;RN;Paraná;2024;2700
2408706;RN;Paraú;2024;7000
2408805;RN;Parazinho;2024;4314
2408904;RN;Parelhas;2024;12475
2408953;RN;Rio do Fogo;2024;1047
2409100;RN;Passa e Fica;2024;13100
2409209;RN;Passagem;2024;3019
2409308;RN;Patu;2024;14200
2409332;RN;Santa Maria;2024;6810
2409407;RN;Pau dos Ferros;2024;10760
2409506;RN;Pedra Grande;2024;3065
2409605;RN;Pedra Preta;2024;4342
2409704;RN;Pedro Avelino;2024;12000
2409803;RN;Pedro Velho;2024;12000
2409902;RN;Pendências;2024;12000
2410009;RN;Pilões;2024;4752
2410108;RN;Poço Branco;2024;10000
2410207;RN;Portalegre;2024;1200
2410256;RN;Porto do Mangue;2024;480
2410306;RN;Serra Caiada;2024;9939
2410405;RN;Pureza;2024;6942
2410504;RN;Rafael Fernandes;2024;5200
2410603;RN;Rafael Godeiro;2024;5200
2410702;RN;Riacho da Cruz;2024;1650
2410801;RN;Riacho de Santana;2024;3870
2410900;RN;Riachuelo;2024;8705
2411007;RN;Rodolfo Fernandes;2024;4000
2411056;RN;Tibau;2024;841
2411106;RN;Ruy Barbosa;2024;5003
2411205;RN;Santa Cruz;2024;9305
2411403;RN;Santana do Matos;2024;33000
2411429;RN;Santana do Seridó;2024;4730
2411502;RN;Santo Antônio;2024;32700
2411601;RN;São Bento do Norte;2024;2178
2411700;RN;São Bento do Trairí;2024;3805
2411809;RN;São Fernando;2024;14900
2411908;RN;São Francisco do Oeste;2024;4350
2412005;RN;São Gonçalo do Amarante;2024;11800
2412104;RN;São João do Sabugi;2024;11746
2412203;RN;São José de Mipibu;2024;9304
2412302;RN;São José do Campestre;2024;15738
2412401;RN;São José do Seridó;2024;8200
2412500;RN;São Miguel;2024;5300
2412559;RN;São Miguel do Gostoso;2024;4417
2412609;RN;São Paulo do Potengi;2024;11964
2412708;RN;São Pedro;2024;9545
2412807;RN;São Rafael;2024;13500
2412906;RN;São Tomé;2024;11058
2413003;RN;São Vicente;2024;6362
2413102;RN;Senador Elói de Souza;2024;6007
2413201;RN;Senador Georgino Avelino;2024;600
2413300;RN;Serra de São Bento;2024;3500
2413359;RN;Serra do Mel;2024;1500
2413409;RN;Serra Negra do Norte;2024;19594
2413508;RN;Serrinha;2024;15112
2413557;RN;Serrinha dos Pintos;2024;2950
2413607;RN;Severiano Melo;2024;4010
2413706;RN;Sítio Novo;2024;3564
2413805;RN;Taboleiro Grande;2024;2700
2413904;RN;Taipu;2024;18541
2414001;RN;Tangará;2024;9269
2414100;RN;Tenente Ananias;2024;4350
2414159;RN;Tenente Laurentino Cruz;2024;2610
2414209;RN;Tibau do Sul;2024;1410
2414308;RN;Timbaúba dos Batistas;2024;6760
2414407;RN;Touros;2024;13071
2414456;RN;Triunfo Potiguar;2024;5900
2414506;RN;Umarizal;2024;10000
2414605;RN;Upanema;2024;14000
2414704;RN;Várzea;2024;5144
2414753;RN;Venha-Ver;2024;3500
2414803;RN;Vera Cruz;2024;7792
2414902;RN;Viçosa;2024;1530
2415008;RN;Vila Flor;2024;110
2500106;PB;Água Branca;2024;9465
2500205;PB;Aguiar;2024;7878
2500304;PB;Alagoa Grande;2024;20000
2500403;PB;Alagoa Nova;2024;3600
2500502;PB;Alagoinha;2024;6800
2500536;PB;Alcantil;2024;6500
2500577;PB;Algodão de Jandaíra;2024;1555
2500601;PB;Alhandra;2024;2970
2500700;PB;São João do Rio do Peixe;2024;16854
2500734;PB;Amparo;2024;2357
2500775;PB;Aparecida;2024;8528
2500809;PB;Araçagi;2024;16500
2500908;PB;Arara;2024;4500
2501005;PB;Araruna;2024;11500
2501104;PB;Areia;2024;11100
2501153;PB;Areia de Baraúnas;2024;1138
2501203;PB;Areial;2024;1100
2501302;PB;Aroeiras;2024;9600
2501351;PB;Assunção;2024;1455
2501401;PB;Baía da Traição;2024;1050
2501500;PB;Bananeiras;2024;14884
2501534;PB;Baraúna;2024;1550
2501575;PB;Barra de Santana;2024;10453
2501609;PB;Barra de Santa Rosa;2024;6500
2501708;PB;Barra de São Miguel;2024;4000
2501807;PB;Bayeux;2024;320
2501906;PB;Belém;2024;8215
2502003;PB;Belém do Brejo do Cruz;2024;9830
2502052;PB;Bernardino Batista;2024;1700
2502102;PB;Boa Ventura;2024;4165
2502151;PB;Boa Vista;2024;5500
2502201;PB;Bom Jesus;2024;2332
2502300;PB;Bom Sucesso;2024;8402
2502409;PB;Bonito de Santa Fé;2024;7170
2502508;PB;Boqueirão;2024;8200
2502607;PB;Igaracy;2024;10073
2502706;PB;Borborema;2024;1281
2502805;PB;Brejo do Cruz;2024;8770
2502904;PB;Brejo dos Santos;2024;3627
2503001;PB;Caaporã;2024;1479
2503100;PB;Cabaceiras;2024;3700
2503209;PB;Cabedelo;2024;148
2503308;PB;Cachoeira dos Índios;2024;6200
2503407;PB;Cacimba de Areia;2024;4512
2503506;PB;Cacimba de Dentro;2024;7200
2503555;PB;Cacimbas;2024;1676
2503605;PB;Caiçara;2024;7000
2503704;PB;Cajazeiras;2024;15682
2503753;PB;Cajazeirinhas;2024;9088
2503803;PB;Caldas Brandão;2024;3400
2503902;PB;Camalaú;2024;4630
2504009;PB;Campina Grande;2024;15000
2504033;PB;Capim;2024;2400
2504074;PB;Caraúbas;2024;3504
2504108;PB;Carrapateira;2024;1822
2504157;PB;Casserengue;2024;6050
2504207;PB;Catingueira;2024;6098
2504306;PB;Catolé do Rocha;2024;16323
2504355;PB;Caturité;2024;5900
2504405;PB;Conceição;2024;13185
2504504;PB;Condado;2024;10600
2504603;PB;Conde;2024;2190
2504702;PB;Congo;2024;2519
2504801;PB;Coremas;2024;14243
2504850;PB;Coxixola;2024;1903
2504900;PB;Cruz do Espírito Santo;2024;5500
2505006;PB;Cubati;2024;2550
2505105;PB;Cuité;2024;10700
2505204;PB;Cuitegi;2024;2320
2505238;PB;Cuité de Mamanguape;2024;3368
2505279;PB;Curral de Cima;2024;7381
2505303;PB;Curral Velho;2024;5175
2505352;PB;Damião;2024;5350
2505402;PB;Desterro;2024;4088
2505501;PB;Vista Serrana;2024;1739
2505600;PB;Diamante;2024;6000
2505709;PB;Dona Inês;2024;5200
2505808;PB;Duas Estradas;2024;3322
2505907;PB;Emas;2024;5051
2506004;PB;Esperança;2024;5900
2506103;PB;Fagundes;2024;6500
2506202;PB;Frei Martinho;2024;2850
2506251;PB;Gado Bravo;2024;9200
2506301;PB;Guarabira;2024;15780
2506400;PB;Gurinhém;2024;20000
2506509;PB;Gurjão;2024;3764
2506608;PB;Ibiara;2024;5297
2506707;PB;Imaculada;2024;9270
2506806;PB;Ingá;2024;10424
2506905;PB;Itabaiana;2024;8500
2507002;PB;Itaporanga;2024;14431
2507101;PB;Itapororoca;2024;8817
2507200;PB;Itatuba;2024;15000
2507309;PB;Jacaraú;2024;8696
2507408;PB;Jericó;2024;8385
2507507;PB;João Pessoa;2024;4257
2507606;PB;Juarez Távora;2024;3740
2507705;PB;Juazeirinho;2024;4950
2507804;PB;Junco do Seridó;2024;2835
2507903;PB;Juripiranga;2024;2640
2508000;PB;Juru;2024;17037
2508109;PB;Lagoa;2024;4406
2508208;PB;Lagoa de Dentro;2024;7000
2508307;PB;Lagoa Seca;2024;3500
2508406;PB;Lastro;2024;3072
2508505;PB;Livramento;2024;4088
2508554;PB;Logradouro;2024;2700
2508604;PB;Lucena;2024;274
2508703;PB;Mãe d'Água;2024;2178
2508802;PB;Malta;2024;4397
2508901;PB;Mamanguape;2024;5174
2509008;PB;Manaíra;2024;11812
2509057;PB;Marcação;2024;420
2509107;PB;Mari;2024;13000
2509156;PB;Marizópolis;2024;972
2509206;PB;Massaranduba;2024;8000
2509305;PB;Mataraca;2024;1700
2509339;PB;Matinhas;2024;1500
2509370;PB;Mato Grosso;2024;2300
2509396;PB;Maturéia;2024;2342
2509404;PB;Mogeiro;2024;11000
2509503;PB;Montadas;2024;965
2509602;PB;Monte Horebe;2024;1965
2509701;PB;Monteiro;2024;20397
2509800;PB;Mulungu;2024;15700
2509909;PB;Natuba;2024;3400
2510006;PB;Nazarezinho;2024;6800
2510105;PB;Nova Floresta;2024;1410
2510204;PB;Nova Olinda;2024;3384
2510303;PB;Nova Palmeira;2024;2900
2510402;PB;Olho d'Água;2024;11350
2510501;PB;Olivedos;2024;3000
2510600;PB;Ouro Velho;2024;4364
2510659;PB;Parari;2024;1547
2510709;PB;Passagem;2024;1596
2510808;PB;Patos;2024;14000
2510907;PB;Paulista;2024;25742
2511004;PB;Pedra Branca;2024;3947
2511103;PB;Pedra Lavrada;2024;3800
2511202;PB;Pedras de Fogo;2024;3700
2511301;PB;Piancó;2024;20703
2511400;PB;Picuí;2024;9800
2511509;PB;Pilar;2024;5500
2511608;PB;Pilões;2024;3570
2511707;PB;Pilõezinhos;2024;2100
2511806;PB;Pirpirituba;2024;4500
2511905;PB;Pitimbu;2024;890
2512002;PB;Pocinhos;2024;6100
2512036;PB;Poço Dantas;2024;3110
2512077;PB;Poço de José de Moura;2024;5200
2512101;PB;Pombal;2024;29280
2512200;PB;Prata;2024;5168
2512309;PB;Princesa Isabel;2024;17236
2512408;PB;Puxinanã;2024;3300
2512507;PB;Queimadas;2024;18203
2512606;PB;Quixaba;2024;1913
2512705;PB;Remígio;2024;4500
2512721;PB;Pedro Régis;2024;3500
2512747;PB;Riachão;2024;3540
2512754;PB;Riachão do Bacamarte;2024;2250
2512762;PB;Riachão do Poço;2024;3500
2512788;PB;Riacho de Santo Antônio;2024;3200
2512804;PB;Riacho dos Cavalos;2024;11240
2512903;PB;Rio Tinto;2024;2395
2513000;PB;Salgadinho;2024;1405
2513109;PB;Salgado de São Félix;2024;6500
2513158;PB;Santa Cecília;2024;5900
2513208;PB;Santa Cruz;2024;6187
2513307;PB;Santa Helena;2024;11225
2513356;PB;Santa Inês;2024;4321
2513406;PB;Santa Luzia;2024;9780
2513505;PB;Santana de Mangueira;2024;7040
2513604;PB;Santana dos Garrotes;2024;12412
2513653;PB;Joca Claudino;2024;2010
2513703;PB;Santa Rita;2024;4050
2513802;PB;Santa Teresinha;2024;7135
2513851;PB;Santo André;2024;3041
2513901;PB;São Bento;2024;11139
2513927;PB;São Bentinho;2024;6305
2513943;PB;São Domingos do Cariri;2024;1030
2513968;PB;São Domingos;2024;7130
2513984;PB;São Francisco;2024;4035
2514008;PB;São João do Cariri;2024;5504
2514107;PB;São João do Tigre;2024;2625
2514206;PB;São José da Lagoa Tapada;2024;8000
2514305;PB;São José de Caiana;2024;4491
2514404;PB;São José de Espinharas;2024;17937
2514453;PB;São José dos Ramos;2024;5650
2514503;PB;São José de Piranhas;2024;16952
2514552;PB;São José de Princesa;2024;7978
2514602;PB;São José do Bonfim;2024;3708
2514651;PB;São José do Brejo do Cruz;2024;6816
2514701;PB;São José do Sabugi;2024;7210
2514800;PB;São José dos Cordeiros;2024;3133
2514909;PB;São Mamede;2024;10044
2515005;PB;São Miguel de Taipu;2024;5000
2515104;PB;São Sebastião de Lagoa de Roça;2024;2000
2515203;PB;São Sebastião do Umbuzeiro;2024;4930
2515302;PB;Sapé;2024;8528
2515401;PB;São Vicente do Seridó;2024;3000
2515500;PB;Serra Branca;2024;4630
2515609;PB;Serra da Raiz;2024;2360
2515708;PB;Serra Grande;2024;1648
2515807;PB;Serra Redonda;2024;3600
2515906;PB;Serraria;2024;4800
2515930;PB;Sertãozinho;2024;2188
2515971;PB;Sobrado;2024;3960
2516003;PB;Solânea;2024;10866
2516102;PB;Soledade;2024;8000
2516151;PB;Sossêgo;2024;3150
2516201;PB;Sousa;2024;26887
2516300;PB;Sumé;2024;8500
2516409;PB;Tacima;2024;16500
2516508;PB;Taperoá;2024;9239
2516607;PB;Tavares;2024;17134
2516706;PB;Teixeira;2024;2817
2516755;PB;Tenório;2024;1719
2516805;PB;Triunfo;2024;8759
2516904;PB;Uiraúna;2024;8400
2517001;PB;Umbuzeiro;2024;6000
2517100;PB;Várzea;2024;5150
2517209;PB;Vieirópolis;2024;5870
2517407;PB;Zabelê;2024;2106
2600054;PE;Abreu e Lima;2024;850
2600104;PE;Afogados da Ingazeira;2024;14890
2600203;PE;Afrânio;2024;26000
2600302;PE;Agrestina;2024;23158
2600401;PE;Água Preta;2024;33959
2600500;PE;Águas Belas;2024;61867
2600609;PE;Alagoinha;2024;14984
2600708;PE;Aliança;2024;5006
2600807;PE;Altinho;2024;30312
2600906;PE;Amaraji;2024;12500
2601003;PE;Angelim;2024;11100
2601052;PE;Araçoiaba;2024;170
2601102;PE;Araripina;2024;31350
2601201;PE;Arcoverde;2024;18102
2601300;PE;Barra de Guabiraba;2024;7100
2601409;PE;Barreiros;2024;13420
2601508;PE;Belém de Maria;2024;7400
2601607;PE;Belém do São Francisco;2024;6807
2601706;PE;Belo Jardim;2024;14249
2601805;PE;Betânia;2024;5200
2601904;PE;Bezerros;2024;21778
2602001;PE;Bodocó;2024;71334
2602100;PE;Bom Conselho;2024;68467
2602209;PE;Bom Jardim;2024;10900
2602308;PE;Bonito;2024;20812
2602407;PE;Brejão;2024;15600
2602506;PE;Brejinho;2024;4575
2602605;PE;Brejo da Madre de Deus;2024;10617
2602704;PE;Buenos Aires;2024;2983
2602803;PE;Buíque;2024;58554
2602902;PE;Cabo de Santo Agostinho;2024;2700
2603009;PE;Cabrobó;2024;14810
2603108;PE;Cachoeirinha;2024;19263
2603207;PE;Caetés;2024;23443
2603306;PE;Calçado;2024;3000
2603405;PE;Calumbi;2024;2000
2603454;PE;Camaragibe;2024;729
2603504;PE;Camocim de São Félix;2024;10067
2603603;PE;Camutanga;2024;1671
2603702;PE;Canhotinho;2024;38000
2603801;PE;Capoeiras;2024;21000
2603900;PE;Carnaíba;2024;13638
2603926;PE;Carnaubeira da Penha;2024;4910
2604007;PE;Carpina;2024;5308
2604106;PE;Caruaru;2024;23669
2604155;PE;Casinhas;2024;8700
2604205;PE;Catende;2024;4271
2604304;PE;Cedro;2024;9793
2604403;PE;Chã de Alegria;2024;1087
2604502;PE;Chã Grande;2024;3000
2604601;PE;Condado;2024;1385
2604700;PE;Correntes;2024;36000
2604809;PE;Cortês;2024;1350
2604908;PE;Cumaru;2024;11500
2605004;PE;Cupira;2024;11332
2605103;PE;Custódia;2024;30346
2605152;PE;Dormentes;2024;20200
2605202;PE;Escada;2024;3099
2605301;PE;Exu;2024;59838
2605400;PE;Feira Nova;2024;7182
2605459;PE;Fernando de Noronha;2024;70
2605509;PE;Ferreiros;2024;2722
2605608;PE;Flores;2024;17500
2605707;PE;Floresta;2024;15840
2605806;PE;Frei Miguelinho;2024;8500
2605905;PE;Gameleira;2024;6575
2606002;PE;Garanhuns;2024;33089
2606101;PE;Glória do Goitá;2024;8485
2606200;PE;Goiana;2024;2534
2606309;PE;Granito;2024;25626
2606408;PE;Gravatá;2024;20103
2606507;PE;Iati;2024;32471
2606606;PE;Ibimirim;2024;10776
2606705;PE;Ibirajuba;2024;14988
2606804;PE;Igarassu;2024;1270
2606903;PE;Iguaracy;2024;18100
2607000;PE;Inajá;2024;6000
2607109;PE;Ingazeira;2024;7843
2607208;PE;Ipojuca;2024;3000
2607307;PE;Ipubi;2024;12447
2607406;PE;Itacuruba;2024;852
2607505;PE;Itaíba;2024;87604
2607604;PE;Ilha de Itamaracá;2024;511
2607653;PE;Itambé;2024;4505
2607703;PE;Itapetim;2024;12884
2607752;PE;Itapissuma;2024;282
2607802;PE;Itaquitinga;2024;2267
2607901;PE;Jaboatão dos Guararapes;2024;2530
2607950;PE;Jaqueira;2024;7952
2608008;PE;Jataúba;2024;10433
2608057;PE;Jatobá;2024;1300
2608107;PE;João Alfredo;2024;7400
2608206;PE;Joaquim Nabuco;2024;3345
2608255;PE;Jucati;2024;9100
2608305;PE;Jupi;2024;8900
2608404;PE;Jurema;2024;9965
2608453;PE;Lagoa do Carro;2024;3528
2608503;PE;Lagoa de Itaenga;2024;2882
2608602;PE;Lagoa do Ouro;2024;27900
2608701;PE;Lagoa dos Gatos;2024;10754
2608750;PE;Lagoa Grande;2024;7500
2608800;PE;Lajedo;2024;23338
2608909;PE;Limoeiro;2024;20200
2609006;PE;Macaparana;2024;9457
2609105;PE;Machados;2024;2100
2609154;PE;Manari;2024;11794
2609204;PE;Maraial;2024;10380
2609303;PE;Mirandiba;2024;8705
2609402;PE;Moreno;2024;5430
2609501;PE;Nazaré da Mata;2024;4300
2609600;PE;Olinda;2024;44
2609709;PE;Orobó;2024;6500
2609808;PE;Orocó;2024;4300
2609907;PE;Ouricuri;2024;49839
2610004;PE;Palmares;2024;13299
2610103;PE;Palmeirina;2024;16000
2610202;PE;Panelas;2024;17943
2610301;PE;Paranatama;2024;9000
2610400;PE;Parnamirim;2024;30720
2610509;PE;Passira;2024;14100
2610608;PE;Paudalho;2024;6479
2610707;PE;Paulista;2024;795
2610806;PE;Pedra;2024;52632
2610905;PE;Pesqueira;2024;42654
2611002;PE;Petrolândia;2024;5000
2611101;PE;Petrolina;2024;17700
2611200;PE;Poção;2024;13787
2611309;PE;Pombos;2024;8300
2611408;PE;Primavera;2024;2100
2611507;PE;Quipapá;2024;20400
2611533;PE;Quixaba;2024;8850
2611606;PE;Recife;2024;485
2611705;PE;Riacho das Almas;2024;11232
2611804;PE;Ribeirão;2024;7000
2611903;PE;Rio Formoso;2024;3739
2612000;PE;Sairé;2024;17700
2612109;PE;Salgadinho;2024;2600
2612208;PE;Salgueiro;2024;21148
2612307;PE;Saloá;2024;16190
2612406;PE;Sanharó;2024;20089
2612455;PE;Santa Cruz;2024;10408
2612471;PE;Santa Cruz da Baixa Verde;2024;6108
2612505;PE;Santa Cruz do Capibaribe;2024;5417
2612554;PE;Santa Filomena;2024;7385
2612604;PE;Santa Maria da Boa Vista;2024;12000
2612703;PE;Santa Maria do Cambucá;2024;4250
2612802;PE;Santa Terezinha;2024;9684
2612901;PE;São Benedito do Sul;2024;13865
2613008;PE;São Bento do Una;2024;72321
2613107;PE;São Caitano;2024;22318
2613206;PE;São João;2024;18000
2613305;PE;São Joaquim do Monte;2024;17153
2613404;PE;São José da Coroa Grande;2024;3493
2613503;PE;São José do Belmonte;2024;24500
2613602;PE;São José do Egito;2024;26059
2613701;PE;São Lourenço da Mata;2024;3100
2613800;PE;São Vicente Férrer;2024;5591
2613909;PE;Serra Talhada;2024;47200
2614006;PE;Serrita;2024;29755
2614105;PE;Sertânia;2024;31184
2614204;PE;Sirinhaém;2024;1200
2614303;PE;Moreilândia;2024;13589
2614402;PE;Solidão;2024;5970
2614501;PE;Surubim;2024;19200
2614600;PE;Tabira;2024;22906
2614709;PE;Tacaimbó;2024;10217
2614808;PE;Tacaratu;2024;5800
2614857;PE;Tamandaré;2024;7115
2615003;PE;Taquaritinga do Norte;2024;10724
2615102;PE;Terezinha;2024;12000
2615201;PE;Terra Nova;2024;5510
2615300;PE;Timbaúba;2024;16818
2615409;PE;Toritama;2024;1750
2615508;PE;Tracunhaém;2024;2821
2615607;PE;Trindade;2024;4069
2615706;PE;Triunfo;2024;4500
2615805;PE;Tupanatinga;2024;35787
2615904;PE;Tuparetama;2024;6972
2616001;PE;Venturosa;2024;31042
2616100;PE;Verdejante;2024;4467
2616183;PE;Vertente do Lério;2024;4550
2616209;PE;Vertentes;2024;9000
2616308;PE;Vicência;2024;4777
2616407;PE;Vitória de Santo Antão;2024;10419
2616506;PE;Xexéu;2024;8412
2700102;AL;Água Branca;2024;11486
2700201;AL;Anadia;2024;14000
2700300;AL;Arapiraca;2024;19100
2700409;AL;Atalaia;2024;27000
2700508;AL;Barra de Santo Antônio;2024;800
2700607;AL;Barra de São Miguel;2024;110
2700706;AL;Batalha;2024;16900
2700805;AL;Belém;2024;7070
2700904;AL;Belo Monte;2024;13300
2701001;AL;Boca da Mata;2024;11285
2701100;AL;Branquinha;2024;8000
2701209;AL;Cacimbinhas;2024;18000
2701308;AL;Cajueiro;2024;9000
2701357;AL;Campestre;2024;3000
2701407;AL;Campo Alegre;2024;5800
2701506;AL;Campo Grande;2024;17400
2701605;AL;Canapi;2024;23403
2701704;AL;Capela;2024;19000
2701803;AL;Carneiros;2024;5500
2701902;AL;Chã Preta;2024;32000
2702009;AL;Coité do Nóia;2024;6300
2702108;AL;Colônia Leopoldina;2024;7000
2702207;AL;Coqueiro Seco;2024;220
2702306;AL;Coruripe;2024;7800
2702355;AL;Craíbas;2024;18000
2702405;AL;Delmiro Gouveia;2024;11428
2702504;AL;Dois Riachos;2024;12000
2702553;AL;Estrela de Alagoas;2024;13400
2702603;AL;Feira Grande;2024;12600
2702702;AL;Feliz Deserto;2024;1150
2702801;AL;Flexeiras;2024;17000
2702900;AL;Girau do Ponciano;2024;30000
2703007;AL;Ibateguara;2024;17200
2703106;AL;Igaci;2024;21860
2703205;AL;Igreja Nova;2024;36000
2703304;AL;Inhapi;2024;18991
2703403;AL;Jacaré dos Homens;2024;11500
2703502;AL;Jacuípe;2024;15200
2703601;AL;Japaratinga;2024;2300
2703700;AL;Jaramataia;2024;6950
2703759;AL;Jequiá da Praia;2024;2249
2703809;AL;Joaquim Gomes;2024;22000
2703908;AL;Jundiá;2024;8100
2704005;AL;Junqueiro;2024;10500
2704104;AL;Lagoa da Canoa;2024;5775
2704203;AL;Limoeiro de Anadia;2024;15932
2704302;AL;Maceió;2024;4580
2704401;AL;Major Isidoro;2024;32055
2704500;AL;Maragogi;2024;13500
2704609;AL;Maravilha;2024;12500
2704708;AL;Marechal Deodoro;2024;2950
2704807;AL;Maribondo;2024;17000
2704906;AL;Mar Vermelho;2024;9500
2705002;AL;Mata Grande;2024;23255
2705101;AL;Matriz de Camaragibe;2024;11300
2705200;AL;Messias;2024;4600
2705309;AL;Minador do Negrão;2024;16650
2705408;AL;Monteirópolis;2024;7600
2705507;AL;Murici;2024;23800
2705606;AL;Novo Lino;2024;9772
2705705;AL;Olho d'Água das Flores;2024;11800
2705804;AL;Olho d'Água do Casado;2024;8676
2705903;AL;Olho d'Água Grande;2024;12600
2706000;AL;Olivença;2024;11000
2706109;AL;Ouro Branco;2024;8500
2706208;AL;Palestina;2024;1815
2706307;AL;Palmeira dos Índios;2024;40265
2706406;AL;Pão de Açúcar;2024;22900
2706422;AL;Pariconha;2024;5447
2706448;AL;Paripueira;2024;520
2706505;AL;Passo de Camaragibe;2024;7050
2706604;AL;Paulo Jacinto;2024;12550
2706703;AL;Penedo;2024;18500
2706802;AL;Piaçabuçu;2024;4600
2706901;AL;Pilar;2024;10440
2707008;AL;Pindoba;2024;14050
2707107;AL;Piranhas;2024;14564
2707206;AL;Poço das Trincheiras;2024;14511
2707305;AL;Porto Calvo;2024;23800
2707404;AL;Porto de Pedras;2024;8000
2707503;AL;Porto Real do Colégio;2024;22222
2707602;AL;Quebrangulo;2024;28000
2707701;AL;Rio Largo;2024;4000
2707800;AL;Roteiro;2024;780
2707909;AL;Santa Luzia do Norte;2024;690
2708006;AL;Santana do Ipanema;2024;24743
2708105;AL;Santana do Mundaú;2024;18000
2708204;AL;São Brás;2024;7990
2708303;AL;São José da Laje;2024;16000
2708402;AL;São José da Tapera;2024;27000
2708501;AL;São Luís do Quitunde;2024;13500
2708600;AL;São Miguel dos Campos;2024;4700
2708709;AL;São Miguel dos Milagres;2024;3100
2708808;AL;São Sebastião;2024;22000
2708907;AL;Satuba;2024;2368
2708956;AL;Senador Rui Palmeira;2024;17500
2709004;AL;Tanque d'Arca;2024;11000
2709103;AL;Taquarana;2024;16000
2709152;AL;Teotônio Vilela;2024;7463
2709202;AL;Traipu;2024;32000
2709301;AL;União dos Palmares;2024;36200
2709400;AL;Viçosa;2024;39000
2800100;SE;Amparo do São Francisco;2024;2326
2800209;SE;Aquidabã;2024;28740
2800308;SE;Aracaju;2024;740
2800407;SE;Arauá;2024;18793
2800506;SE;Areia Branca;2024;3574
2800605;SE;Barra dos Coqueiros;2024;831
2800670;SE;Boquim;2024;26260
2800704;SE;Brejo Grande;2024;3102
2801009;SE;Campo do Brito;2024;23341
2801108;SE;Canhoba;2024;13216
2801207;SE;Canindé de São Francisco;2024;28850
2801306;SE;Capela;2024;22150
2801405;SE;Carira;2024;38482
2801504;SE;Carmópolis;2024;2426
2801603;SE;Cedro de São João;2024;5618
2801702;SE;Cristinápolis;2024;16849
2801900;SE;Cumbe;2024;9410
2802007;SE;Divina Pastora;2024;7838
2802106;SE;Estância;2024;31154
2802205;SE;Feira Nova;2024;9580
2802304;SE;Frei Paulo;2024;37311
2802403;SE;Gararu;2024;28030
2802502;SE;General Maynard;2024;1708
2802601;SE;Graccho Cardoso;2024;13030
2802700;SE;Ilha das Flores;2024;3145
2802809;SE;Indiaroba;2024;9402
2802908;SE;Itabaiana;2024;43597
2803005;SE;Itabaianinha;2024;54451
2803104;SE;Itabi;2024;14000
2803203;SE;Itaporanga d'Ajuda;2024;36938
2803302;SE;Japaratuba;2024;12306
2803401;SE;Japoatã;2024;17756
2803500;SE;Lagarto;2024;83671
2803609;SE;Laranjeiras;2024;4174
2803708;SE;Macambira;2024;15038
2803807;SE;Malhada dos Bois;2024;5098
2803906;SE;Malhador;2024;5486
2804003;SE;Maruim;2024;4172
2804102;SE;Moita Bonita;2024;10511
2804201;SE;Monte Alegre de Sergipe;2024;27350
2804300;SE;Muribeca;2024;6964
2804409;SE;Neópolis;2024;10696
2804458;SE;Nossa Senhora Aparecida;2024;20537
2804508;SE;Nossa Senhora da Glória;2024;45750
2804607;SE;Nossa Senhora das Dores;2024;48520
2804706;SE;Nossa Senhora de Lourdes;2024;9050
2804805;SE;Nossa Senhora do Socorro;2024;4152
2804904;SE;Pacatuba;2024;12747
2805000;SE;Pedra Mole;2024;4784
2805109;SE;Pedrinhas;2024;4874
2805208;SE;Pinhão;2024;9987
2805307;SE;Pirambu;2024;2003
2805406;SE;Poço Redondo;2024;57350
2805505;SE;Poço Verde;2024;22310
2805604;SE;Porto da Folha;2024;45580
2805703;SE;Propriá;2024;8475
2805802;SE;Riachão do Dantas;2024;43867
2805901;SE;Riachuelo;2024;2475
2806008;SE;Ribeirópolis;2024;24210
2806107;SE;Rosário do Catete;2024;6068
2806206;SE;Salgado;2024;18024
2806305;SE;Santa Luzia do Itanhy;2024;13078
2806404;SE;Santana do São Francisco;2024;1398
2806503;SE;Santa Rosa de Lima;2024;6746
2806602;SE;Santo Amaro das Brotas;2024;6094
2806701;SE;São Cristóvão;2024;12677
2806800;SE;São Domingos;2024;4654
2806909;SE;São Francisco;2024;6492
2807006;SE;São Miguel do Aleixo;2024;12020
2807105;SE;Simão Dias;2024;41845
2807204;SE;Siriri;2024;8750
2807303;SE;Telha;2024;4730
2807402;SE;Tobias Barreto;2024;66331
2807501;SE;Tomar do Geru;2024;27979
2807600;SE;Umbaúba;2024;7049
2900108;BA;Abaíra;2024;2132
2900207;BA;Abaré;2024;6416
2900306;BA;Acajutiba;2024;13159
2900355;BA;Adustina;2024;24947
2900405;BA;Água Fria;2024;13226
2900504;BA;Érico Cardoso;2024;3138
2900603;BA;Aiquara;2024;15633
2900702;BA;Alagoinhas;2024;22875
2900801;BA;Alcobaça;2024;46250
2900900;BA;Almadina;2024;15032
2901007;BA;Amargosa;2024;36991
2901106;BA;Amélia Rodrigues;2024;10767
2901155;BA;América Dourada;2024;18324
2901205;BA;Anagé;2024;38472
2901304;BA;Andaraí;2024;27620
2901353;BA;Andorinha;2024;21349
2901403;BA;Angical;2024;142130
2901502;BA;Anguera;2024;8498
2901601;BA;Antas;2024;24512
2901700;BA;Antônio Cardoso;2024;15997
2901809;BA;Antônio Gonçalves;2024;6972
2901908;BA;Aporá;2024;34910
2901957;BA;Apuarema;2024;6475
2902005;BA;Aracatu;2024;44280
2902054;BA;Araçás;2024;4999
2902104;BA;Araci;2024;31206
2902203;BA;Aramari;2024;8013
2902252;BA;Arataca;2024;2245
2902302;BA;Aratuípe;2024;4380
2902401;BA;Aurelino Leal;2024;24783
2902500;BA;Baianópolis;2024;42435
2902609;BA;Baixa Grande;2024;44389
2902658;BA;Banzaê;2024;15696
2902708;BA;Barra;2024;61087
2902807;BA;Barra da Estiva;2024;20238
2902906;BA;Barra do Choça;2024;34631
2903003;BA;Barra do Mendes;2024;12875
2903102;BA;Barra do Rocha;2024;7002
2903201;BA;Barreiras;2024;95131
2903235;BA;Barro Alto;2024;10764
2903276;BA;Barrocas;2024;6797
2903300;BA;Barro Preto;2024;12548
2903409;BA;Belmonte;2024;48764
2903508;BA;Belo Campo;2024;18272
2903607;BA;Biritinga;2024;20576
2903706;BA;Boa Nova;2024;22930
2903805;BA;Boa Vista do Tupim;2024;71789
2903904;BA;Bom Jesus da Lapa;2024;81299
2903953;BA;Bom Jesus da Serra;2024;8608
2904001;BA;Boninal;2024;9922
2904050;BA;Bonito;2024;6605
2904100;BA;Boquira;2024;16519
2904209;BA;Botuporã;2024;23461
2904308;BA;Brejões;2024;23978
2904407;BA;Brejolândia;2024;115523
2904506;BA;Brotas de Macaúbas;2024;13896
2904605;BA;Brumado;2024;70447
2904704;BA;Buerarema;2024;7552
2904753;BA;Buritirama;2024;33629
2904803;BA;Caatiba;2024;42933
2904852;BA;Cabaceiras do Paraguaçu;2024;7310
2904902;BA;Cachoeira;2024;10586
2905008;BA;Caculé;2024;23117
2905107;BA;Caém;2024;22025
2905156;BA;Caetanos;2024;13875
2905206;BA;Caetité;2024;36064
2905305;BA;Cafarnaum;2024;13226
2905404;BA;Cairu;2024;60
2905503;BA;Caldeirão Grande;2024;14813
2905602;BA;Camacan;2024;19685
2905701;BA;Camaçari;2024;5650
2905800;BA;Camamu;2024;2910
2905909;BA;Campo Alegre de Lourdes;2024;20640
2906006;BA;Campo Formoso;2024;31299
2906105;BA;Canápolis;2024;25980
2906204;BA;Canarana;2024;11442
2906303;BA;Canavieiras;2024;53982
2906402;BA;Candeal;2024;21457
2906501;BA;Candeias;2024;9094
2906600;BA;Candiba;2024;30705
2906709;BA;Cândido Sales;2024;16544
2906808;BA;Cansanção;2024;20356
2906824;BA;Canudos;2024;14557
2906857;BA;Capela do Alto Alegre;2024;34903
2906873;BA;Capim Grosso;2024;22491
2906899;BA;Caraíbas;2024;17879
2906907;BA;Caravelas;2024;62590
2907004;BA;Cardeal da Silva;2024;5603
2907103;BA;Carinhanha;2024;94804
2907202;BA;Casa Nova;2024;21384
2907301;BA;Castro Alves;2024;45447
2907400;BA;Catolândia;2024;19517
2907509;BA;Catu;2024;20205
2907558;BA;Caturama;2024;21270
2907608;BA;Central;2024;6533
2907707;BA;Chorrochó;2024;6965
2907806;BA;Cícero Dantas;2024;38720
2907905;BA;Cipó;2024;8020
2908002;BA;Coaraci;2024;15294
2908101;BA;Cocos;2024;67366
2908200;BA;Conceição da Feira;2024;9469
2908309;BA;Conceição do Almeida;2024;28995
2908408;BA;Conceição do Coité;2024;33022
2908507;BA;Conceição do Jacuípe;2024;9302
2908606;BA;Conde;2024;16496
2908705;BA;Condeúba;2024;23659
2908804;BA;Contendas do Sincorá;2024;12343
2908903;BA;Coração de Maria;2024;23314
2909000;BA;Cordeiros;2024;11663
2909109;BA;Coribe;2024;113246
2909208;BA;Coronel João Sá;2024;40051
2909307;BA;Correntina;2024;142395
2909406;BA;Cotegipe;2024;150800
2909505;BA;Cravolândia;2024;7327
2909604;BA;Crisópolis;2024;40952
2909703;BA;Cristópolis;2024;41127
2909802;BA;Cruz das Almas;2024;6329
2909901;BA;Curaçá;2024;12313
2910008;BA;Dário Meira;2024;21596
2910057;BA;Dias d'Ávila;2024;1437
2910107;BA;Dom Basílio;2024;17957
2910206;BA;Dom Macedo Costa;2024;12385
2910305;BA;Elísio Medrado;2024;14797
2910404;BA;Encruzilhada;2024;45388
2910503;BA;Entre Rios;2024;30372
2910602;BA;Esplanada;2024;27716
2910701;BA;Euclides da Cunha;2024;65512
2910727;BA;Eunápolis;2024;76363
2910750;BA;Fátima;2024;24450
2910776;BA;Feira da Mata;2024;52066
2910800;BA;Feira de Santana;2024;61193
2910859;BA;Filadélfia;2024;22215
2910909;BA;Firmino Alves;2024;24305
2911006;BA;Floresta Azul;2024;36475
2911105;BA;Formosa do Rio Preto;2024;87050
2911204;BA;Gandu;2024;3978
2911253;BA;Gavião;2024;21248
2911303;BA;Gentio do Ouro;2024;6176
2911402;BA;Glória;2024;4561
2911501;BA;Gongogi;2024;38092
2911600;BA;Governador Mangabeira;2024;1700
2911659;BA;Guajeru;2024;19937
2911709;BA;Guanambi;2024;73417
2911808;BA;Guaratinga;2024;154095
2911857;BA;Heliópolis;2024;28257
2911907;BA;Iaçu;2024;60365
2912004;BA;Ibiassucê;2024;18903
2912103;BA;Ibicaraí;2024;18508
2912202;BA;Ibicoara;2024;8786
2912301;BA;Ibicuí;2024;124038
2912400;BA;Ibipeba;2024;15653
2912509;BA;Ibipitanga;2024;17692
2912608;BA;Ibiquera;2024;17617
2912707;BA;Ibirapitanga;2024;2975
2912806;BA;Ibirapuã;2024;64500
2912905;BA;Ibirataia;2024;8514
2913002;BA;Ibitiara;2024;14002
2913101;BA;Ibititá;2024;12747
2913200;BA;Ibotirama;2024;20737
2913309;BA;Ichu;2024;5019
2913408;BA;Igaporã;2024;28691
2913457;BA;Igrapiúna;2024;225
2913507;BA;Iguaí;2024;55368
2913606;BA;Ilhéus;2024;16496
2913705;BA;Inhambupe;2024;41391
2913804;BA;Ipecaetá;2024;14252
2913903;BA;Ipiaú;2024;17520
2914000;BA;Ipirá;2024;116634
2914109;BA;Ipupiara;2024;7402
2914208;BA;Irajuba;2024;11113
2914307;BA;Iramaia;2024;35044
2914406;BA;Iraquara;2024;9081
2914505;BA;Irará;2024;10455
2914604;BA;Irecê;2024;9875
2914653;BA;Itabela;2024;45548
2914703;BA;Itaberaba;2024;67836
2914802;BA;Itabuna;2024;30899
2914901;BA;Itacaré;2024;1175
2915007;BA;Itaeté;2024;38043
2915106;BA;Itagi;2024;11156
2915205;BA;Itagibá;2024;79368
2915304;BA;Itagimirim;2024;65507
2915353;BA;Itaguaçu da Bahia;2024;17238
2915403;BA;Itaju do Colônia;2024;97296
2915502;BA;Itajuípe;2024;6975
2915601;BA;Itamaraju;2024;183282
2915700;BA;Itamari;2024;2309
2915809;BA;Itambé;2024;156846
2915908;BA;Itanagra;2024;8423
2916005;BA;Itanhém;2024;182960
2916104;BA;Itaparica;2024;210
2916203;BA;Itapé;2024;50510
2916302;BA;Itapebi;2024;93137
2916401;BA;Itapetinga;2024;132989
2916500;BA;Itapicuru;2024;43897
2916609;BA;Itapitanga;2024;41648
2916708;BA;Itaquara;2024;10307
2916807;BA;Itarantim;2024;160294
2916856;BA;Itatim;2024;11451
2916906;BA;Itiruçu;2024;12721
2917003;BA;Itiúba;2024;51636
2917102;BA;Itororó;2024;38767
2917201;BA;Ituaçu;2024;12476
2917300;BA;Ituberá;2024;70
2917334;BA;Iuiu;2024;71793
2917359;BA;Jaborandi;2024;96299
2917409;BA;Jacaraci;2024;25528
2917508;BA;Jacobina;2024;56506
2917607;BA;Jaguaquara;2024;37300
2917706;BA;Jaguarari;2024;12715
2917805;BA;Jaguaripe;2024;8537
2917904;BA;Jandaíra;2024;12458
2918001;BA;Jequié;2024;55904
2918100;BA;Jeremoabo;2024;71628
2918209;BA;Jiquiriçá;2024;6559
2918308;BA;Jitaúna;2024;8158
2918357;BA;João Dourado;2024;17866
2918407;BA;Juazeiro;2024;40373
2918456;BA;Jucuruçu;2024;112090
2918506;BA;Jussara;2024;16378
2918555;BA;Jussari;2024;24499
2918605;BA;Jussiape;2024;6971
2918704;BA;Lafaiete Coutinho;2024;16205
2918753;BA;Lagoa Real;2024;18540
2918803;BA;Laje;2024;18524
2918902;BA;Lajedão;2024;50070
2919009;BA;Lajedinho;2024;18738
2919058;BA;Lajedo do Tabocal;2024;13477
2919108;BA;Lamarão;2024;8712
2919157;BA;Lapão;2024;13194
2919207;BA;Lauro de Freitas;2024;217
2919306;BA;Lençóis;2024;4616
2919405;BA;Licínio de Almeida;2024;17166
2919504;BA;Livramento de Nossa Senhora;2024;37758
2919553;BA;Luís Eduardo Magalhães;2024;60653
2919603;BA;Macajuba;2024;22786
2919702;BA;Macarani;2024;113948
2919801;BA;Macaúbas;2024;40577
2919900;BA;Macururé;2024;3548
2919959;BA;Maetinga;2024;8863
2920007;BA;Maiquinique;2024;67019
2920106;BA;Mairi;2024;39329
2920205;BA;Malhada;2024;88345
2920304;BA;Malhada de Pedras;2024;19867
2920403;BA;Manoel Vitorino;2024;52349
2920452;BA;Mansidão;2024;33710
2920502;BA;Maracás;2024;61503
2920601;BA;Maragogipe;2024;5524
2920700;BA;Maraú;2024;4450
2920809;BA;Marcionílio Souza;2024;48380
2920908;BA;Mascote;2024;30711
2921005;BA;Mata de São João;2024;11451
2921054;BA;Matina;2024;36509
2921104;BA;Medeiros Neto;2024;132552
2921203;BA;Miguel Calmon;2024;47567
2921302;BA;Milagres;2024;8017
2921401;BA;Mirangaba;2024;28411
2921450;BA;Mirante;2024;21662
2921500;BA;Monte Santo;2024;49864
2921609;BA;Morpará;2024;29906
2921708;BA;Morro do Chapéu;2024;53576
2921807;BA;Mortugaba;2024;14352
2921906;BA;Mucugê;2024;9945
2922003;BA;Mucuri;2024;44811
2922052;BA;Mulungu do Morro;2024;5454
2922102;BA;Mundo Novo;2024;69366
2922201;BA;Muniz Ferreira;2024;8682
2922250;BA;Muquém do São Francisco;2024;135311
2922300;BA;Muritiba;2024;4090
2922409;BA;Mutuípe;2024;10118
2922508;BA;Nazaré;2024;9044
2922607;BA;Nilo Peçanha;2024;410
2922656;BA;Nordestina;2024;7918
2922706;BA;Nova Canaã;2024;64499
2922730;BA;Nova Fátima;2024;17821
2922755;BA;Nova Ibiá;2024;1924
2922805;BA;Nova Itarana;2024;14050
2922854;BA;Nova Redenção;2024;17545
2922904;BA;Nova Soure;2024;33777
2923001;BA;Nova Viçosa;2024;27626
2923035;BA;Novo Horizonte;2024;9983
2923050;BA;Novo Triunfo;2024;12427
2923100;BA;Olindina;2024;27515
2923209;BA;Oliveira dos Brejinhos;2024;32393
2923308;BA;Ouriçangas;2024;9915
2923357;BA;Ourolândia;2024;20684
2923407;BA;Palmas de Monte Alto;2024;114879
2923506;BA;Palmeiras;2024;4218
2923605;BA;Paramirim;2024;18383
2923704;BA;Paratinga;2024;56553
2923803;BA;Paripiranga;2024;28666
2923902;BA;Pau Brasil;2024;45103
2924009;BA;Paulo Afonso;2024;17632
2924058;BA;Pé de Serra;2024;35614
2924108;BA;Pedrão;2024;9580
2924207;BA;Pedro Alexandre;2024;42740
2924306;BA;Piatã;2024;6923
2924405;BA;Pilão Arcado;2024;37858
2924504;BA;Pindaí;2024;35795
2924603;BA;Pindobaçu;2024;13927
2924652;BA;Pintadas;2024;31596
2924678;BA;Piraí do Norte;2024;2205
2924702;BA;Piripá;2024;9395
2924801;BA;Piritiba;2024;42510
2924900;BA;Planaltino;2024;23779
2925006;BA;Planalto;2024;39299
2925105;BA;Poções;2024;34035
2925204;BA;Pojuca;2024;12020
2925253;BA;Ponto Novo;2024;12590
2925303;BA;Porto Seguro;2024;65557
2925402;BA;Potiraguá;2024;75943
2925501;BA;Prado;2024;82789
2925600;BA;Presidente Dutra;2024;2814
2925709;BA;Presidente Jânio Quadros;2024;25897
2925758;BA;Presidente Tancredo Neves;2024;5356
2925808;BA;Queimadas;2024;53995
2925907;BA;Quijingue;2024;32797
2925931;BA;Quixabeira;2024;12888
2925956;BA;Rafael Jambeiro;2024;39690
2926004;BA;Remanso;2024;35950
2926103;BA;Retirolândia;2024;5928
2926202;BA;Riachão das Neves;2024;126848
2926301;BA;Riachão do Jacuípe;2024;58470
2926400;BA;Riacho de Santana;2024;106039
2926509;BA;Ribeira do Amparo;2024;22425
2926608;BA;Ribeira do Pombal;2024;66089
2926657;BA;Ribeirão do Largo;2024;72585
2926707;BA;Rio de Contas;2024;9141
2926806;BA;Rio do Antônio;2024;22234
2926905;BA;Rio do Pires;2024;11214
2927002;BA;Rio Real;2024;35041
2927101;BA;Rodelas;2024;1967
2927200;BA;Ruy Barbosa;2024;62317
2927309;BA;Salinas da Margarida;2024;170
2927408;BA;Salvador;2024;190
2927507;BA;Santa Bárbara;2024;19155
2927606;BA;Santa Brígida;2024;26787
2927705;BA;Santa Cruz Cabrália;2024;17209
2927804;BA;Santa Cruz da Vitória;2024;30562
2927903;BA;Santa Inês;2024;6494
2928000;BA;Santaluz;2024;39460
2928059;BA;Santa Luzia;2024;14136
2928109;BA;Santa Maria da Vitória;2024;106973
2928208;BA;Santana;2024;97451
2928307;BA;Santanópolis;2024;7468
2928406;BA;Santa Rita de Cássia;2024;202794
2928505;BA;Santa Terezinha;2024;27021
2928604;BA;Santo Amaro;2024;17061
2928703;BA;Santo Antônio de Jesus;2024;18793
2928802;BA;Santo Estêvão;2024;13034
2928901;BA;São Desidério;2024;95661
2928950;BA;São Domingos;2024;10149
2929008;BA;São Félix;2024;4990
2929057;BA;São Félix do Coribe;2024;81921
2929107;BA;São Felipe;2024;15439
2929206;BA;São Francisco do Conde;2024;7176
2929255;BA;São Gabriel;2024;13092
2929305;BA;São Gonçalo dos Campos;2024;15425
2929354;BA;São José da Vitória;2024;4062
2929370;BA;São José do Jacuípe;2024;21943
2929404;BA;São Miguel das Matas;2024;11636
2929503;BA;São Sebastião do Passé;2024;35841
2929602;BA;Sapeaçu;2024;7225
2929701;BA;Sátiro Dias;2024;26767
2929750;BA;Saubara;2024;225
2929800;BA;Saúde;2024;12350
2929909;BA;Seabra;2024;18542
2930006;BA;Sebastião Laranjeiras;2024;42486
2930105;BA;Senhor do Bonfim;2024;24320
2930154;BA;Serra do Ramalho;2024;122028
2930204;BA;Sento Sé;2024;51502
2930303;BA;Serra Dourada;2024;111078
2930402;BA;Serra Preta;2024;35183
2930501;BA;Serrinha;2024;26074
2930600;BA;Serrolândia;2024;14257
2930709;BA;Simões Filho;2024;1534
2930758;BA;Sítio do Mato;2024;58100
2930766;BA;Sítio do Quinto;2024;37661
2930774;BA;Sobradinho;2024;4025
2930808;BA;Souto Soares;2024;4090
2930907;BA;Tabocas do Brejo Velho;2024;46934
2931004;BA;Tanhaçu;2024;40640
2931053;BA;Tanque Novo;2024;14061
2931103;BA;Tanquinho;2024;9417
2931202;BA;Taperoá;2024;920
2931301;BA;Tapiramutá;2024;29380
2931350;BA;Teixeira de Freitas;2024;92936
2931400;BA;Teodoro Sampaio;2024;21189
2931509;BA;Teofilândia;2024;14608
2931608;BA;Teolândia;2024;1614
2931707;BA;Terra Nova;2024;17612
2931806;BA;Tremedal;2024;39788
2931905;BA;Tucano;2024;65206
2932002;BA;Uauá;2024;9839
2932101;BA;Ubaíra;2024;24243
2932200;BA;Ubaitaba;2024;6409
2932309;BA;Ubatã;2024;3746
2932408;BA;Uibaí;2024;6360
2932457;BA;Umburanas;2024;9426
2932507;BA;Una;2024;7752
2932606;BA;Urandi;2024;29104
2932705;BA;Uruçuca;2024;3613
2932804;BA;Utinga;2024;20719
2932903;BA;Valença;2024;6755
2933000;BA;Valente;2024;9099
2933059;BA;Várzea da Roça;2024;19775
2933109;BA;Várzea do Poço;2024;13082
2933158;BA;Várzea Nova;2024;14560
2933174;BA;Varzedo;2024;15093
2933208;BA;Vera Cruz;2024;124
2933257;BA;Vereda;2024;80421
2933307;BA;Vitória da Conquista;2024;133793
2933406;BA;Wagner;2024;6097
2933455;BA;Wanderley;2024;168284
2933505;BA;Wenceslau Guimarães;2024;8636
2933604;BA;Xique-Xique;2024;27642
3100104;MG;Abadia dos Dourados;2024;51915
3100203;MG;Abaeté;2024;99276
3100302;MG;Abre Campo;2024;23244
3100401;MG;Acaiaca;2024;4575
3100500;MG;Açucena;2024;41077
3100609;MG;Água Boa;2024;63653
3100708;MG;Água Comprida;2024;7085
3100807;MG;Aguanil;2024;14414
3100906;MG;Águas Formosas;2024;45804
3101003;MG;Águas Vermelhas;2024;8320
3101102;MG;Aimorés;2024;73494
3101201;MG;Aiuruoca;2024;26301
3101300;MG;Alagoa;2024;7747
3101409;MG;Albertina;2024;1733
3101508;MG;Além Paraíba;2024;31445
3101607;MG;Alfenas;2024;27260
3101631;MG;Alfredo Vasconcelos;2024;6148
3101706;MG;Almenara;2024;67746
3101805;MG;Alpercata;2024;14328
3101904;MG;Alpinópolis;2024;28699
3102001;MG;Alterosa;2024;21226
3102050;MG;Alto Caparaó;2024;819
3102100;MG;Alto Rio Doce;2024;21811
3102209;MG;Alvarenga;2024;14897
3102308;MG;Alvinópolis;2024;19772
3102407;MG;Alvorada de Minas;2024;14189
3102506;MG;Amparo do Serra;2024;7487
3102605;MG;Andradas;2024;17615
3102704;MG;Cachoeira de Pajeú;2024;15214
3102803;MG;Andrelândia;2024;29972
3102852;MG;Angelândia;2024;2577
3102902;MG;Antônio Carlos;2024;19708
3103009;MG;Antônio Dias;2024;12534
3103108;MG;Antônio Prado de Minas;2024;6935
3103207;MG;Araçaí;2024;6596
3103306;MG;Aracitaba;2024;5882
3103405;MG;Araçuaí;2024;38465
3103504;MG;Araguari;2024;150854
3103603;MG;Arantina;2024;2981
3103702;MG;Araponga;2024;5721
3103751;MG;Araporã;2024;4860
3103801;MG;Arapuá;2024;19001
3103900;MG;Araújos;2024;25233
3104007;MG;Araxá;2024;55820
3104106;MG;Arceburgo;2024;13151
3104205;MG;Arcos;2024;30974
3104304;MG;Areado;2024;18209
3104403;MG;Argirita;2024;11340
3104452;MG;Aricanduva;2024;6975
3104502;MG;Arinos;2024;107813
3104601;MG;Astolfo Dutra;2024;11245
3104700;MG;Ataléia;2024;114287
3104809;MG;Augusto de Lima;2024;31723
3104908;MG;Baependi;2024;37554
3105004;MG;Baldim;2024;16977
3105103;MG;Bambuí;2024;82698
3105202;MG;Bandeira;2024;21293
3105301;MG;Bandeira do Sul;2024;2757
3105400;MG;Barão de Cocais;2024;3270
3105509;MG;Barão do Monte Alto;2024;16236
3105608;MG;Barbacena;2024;29259
3105707;MG;Barra Longa;2024;17089
3105905;MG;Barroso;2024;3843
3106002;MG;Bela Vista de Minas;2024;1707
3106101;MG;Belmiro Braga;2024;18512
3106200;MG;Belo Horizonte;2024;602
3106309;MG;Belo Oriente;2024;7515
3106408;MG;Belo Vale;2024;16027
3106507;MG;Berilo;2024;9664
3106606;MG;Bertópolis;2024;31287
3106655;MG;Berizal;2024;14937
3106705;MG;Betim;2024;7989
3106804;MG;Bias Fortes;2024;14904
3106903;MG;Bicas;2024;10170
3107000;MG;Biquinhas;2024;23697
3107109;MG;Boa Esperança;2024;23924
3107208;MG;Bocaina de Minas;2024;14090
3107307;MG;Bocaiúva;2024;77098
3107406;MG;Bom Despacho;2024;78845
3107505;MG;Bom Jardim de Minas;2024;8557
3107604;MG;Bom Jesus da Penha;2024;7537
3107703;MG;Bom Jesus do Amparo;2024;8998
3107802;MG;Bom Jesus do Galho;2024;25225
3107901;MG;Bom Repouso;2024;14224
3108008;MG;Bom Sucesso;2024;40472
3108107;MG;Bonfim;2024;13111
3108206;MG;Bonfinópolis de Minas;2024;45867
3108255;MG;Bonito de Minas;2024;15970
3108305;MG;Borda da Mata;2024;25762
3108404;MG;Botelhos;2024;17382
3108503;MG;Botumirim;2024;10476
3108552;MG;Brasilândia de Minas;2024;62147
3108602;MG;Brasília de Minas;2024;40622
3108701;MG;Brás Pires;2024;4538
3108800;MG;Braúnas;2024;15527
3108909;MG;Brazópolis;2024;26076
3109006;MG;Brumadinho;2024;15299
3109105;MG;Bueno Brandão;2024;26616
3109204;MG;Buenópolis;2024;28414
3109253;MG;Bugre;2024;8356
3109303;MG;Buritis;2024;84313
3109402;MG;Buritizeiro;2024;83685
3109451;MG;Cabeceira Grande;2024;42216
3109501;MG;Cabo Verde;2024;17259
3109600;MG;Cachoeira da Prata;2024;2531
3109709;MG;Cachoeira de Minas;2024;21415
3109808;MG;Cachoeira Dourada;2024;10880
3109907;MG;Caetanópolis;2024;4864
3110004;MG;Caeté;2024;8862
3110103;MG;Caiana;2024;3759
3110202;MG;Cajuri;2024;2835
3110301;MG;Caldas;2024;43893
3110400;MG;Camacho;2024;8909
3110509;MG;Camanducaia;2024;16062
3110608;MG;Cambuí;2024;17725
3110707;MG;Cambuquira;2024;9991
3110806;MG;Campanário;2024;18115
3110905;MG;Campanha;2024;7392
3111002;MG;Campestre;2024;19536
3111101;MG;Campina Verde;2024;341046
3111150;MG;Campo Azul;2024;12155
3111200;MG;Campo Belo;2024;42783
3111309;MG;Campo do Meio;2024;4248
3111408;MG;Campo Florido;2024;52775
3111507;MG;Campos Altos;2024;20161
3111606;MG;Campos Gerais;2024;21583
3111705;MG;Canaã;2024;6473
3111804;MG;Canápolis;2024;25100
3111903;MG;Cana Verde;2024;19163
3112000;MG;Candeias;2024;39854
3112059;MG;Cantagalo;2024;7581
3112109;MG;Caparaó;2024;1533
3112208;MG;Capela Nova;2024;4666
3112307;MG;Capelinha;2024;16718
3112406;MG;Capetinga;2024;10887
3112505;MG;Capim Branco;2024;6147
3112604;MG;Capinópolis;2024;36500
3112653;MG;Capitão Andrade;2024;17608
3112703;MG;Capitão Enéas;2024;46100
3112802;MG;Capitólio;2024;19887
3112901;MG;Caputira;2024;5768
3113008;MG;Caraí;2024;22768
3113107;MG;Caranaíba;2024;7043
3113206;MG;Carandaí;2024;16026
3113305;MG;Carangola;2024;17400
3113404;MG;Caratinga;2024;42164
3113503;MG;Carbonita;2024;4548
3113602;MG;Careaçu;2024;16007
3113701;MG;Carlos Chagas;2024;225330
3113800;MG;Carmésia;2024;5213
3113909;MG;Carmo da Cachoeira;2024;11870
3114006;MG;Carmo da Mata;2024;26422
3114105;MG;Carmo de Minas;2024;20514
3114204;MG;Carmo do Cajuru;2024;33360
3114303;MG;Carmo do Paranaíba;2024;132165
3114402;MG;Carmo do Rio Claro;2024;38410
3114501;MG;Carmópolis de Minas;2024;30565
3114550;MG;Carneirinho;2024;187514
3114600;MG;Carrancas;2024;19559
3114709;MG;Carvalhópolis;2024;3691
3114808;MG;Carvalhos;2024;15439
3114907;MG;Casa Grande;2024;9629
3115003;MG;Cascalho Rico;2024;29539
3115102;MG;Cássia;2024;44236
3115201;MG;Conceição da Barra de Minas;2024;13577
3115300;MG;Cataguases;2024;25837
3115359;MG;Catas Altas;2024;1797
3115409;MG;Catas Altas da Noruega;2024;2799
3115458;MG;Catuji;2024;10749
3115474;MG;Catuti;2024;10892
3115508;MG;Caxambu;2024;5019
3115607;MG;Cedro do Abaeté;2024;10264
3115706;MG;Central de Minas;2024;11475
3115805;MG;Centralina;2024;19900
3115904;MG;Chácara;2024;8288
3116001;MG;Chalé;2024;11183
3116100;MG;Chapada do Norte;2024;7795
3116159;MG;Chapada Gaúcha;2024;24950
3116209;MG;Chiador;2024;13186
3116308;MG;Cipotânea;2024;5838
3116407;MG;Claraval;2024;9024
3116506;MG;Claro dos Poções;2024;24700
3116605;MG;Cláudio;2024;43699
3116704;MG;Coimbra;2024;6293
3116803;MG;Coluna;2024;17256
3116902;MG;Comendador Gomes;2024;70901
3117009;MG;Comercinho;2024;15878
3117108;MG;Conceição da Aparecida;2024;15298
3117207;MG;Conceição das Pedras;2024;5730
3117306;MG;Conceição das Alagoas;2024;36562
3117405;MG;Conceição de Ipanema;2024;17885
3117504;MG;Conceição do Mato Dentro;2024;31619
3117603;MG;Conceição do Pará;2024;14845
3117702;MG;Conceição do Rio Verde;2024;18099
3117801;MG;Conceição dos Ouros;2024;11739
3117836;MG;Cônego Marinho;2024;9591
3117876;MG;Confins;2024;776
3117900;MG;Congonhal;2024;15468
3118007;MG;Congonhas;2024;3252
3118106;MG;Congonhas do Norte;2024;5783
3118205;MG;Conquista;2024;20129
3118304;MG;Conselheiro Lafaiete;2024;14710
3118403;MG;Conselheiro Pena;2024;62192
3118502;MG;Consolação;2024;7888
3118601;MG;Contagem;2024;1295
3118700;MG;Coqueiral;2024;10061
3118809;MG;Coração de Jesus;2024;60233
3118908;MG;Cordisburgo;2024;28378
3119005;MG;Cordislândia;2024;8585
3119104;MG;Corinto;2024;55716
3119203;MG;Coroaci;2024;15971
3119302;MG;Coromandel;2024;112188
3119401;MG;Coronel Fabriciano;2024;1014
3119500;MG;Coronel Murta;2024;16697
3119609;MG;Coronel Pacheco;2024;9522
3119708;MG;Coronel Xavier Chaves;2024;6445
3119807;MG;Córrego Danta;2024;28381
3119906;MG;Córrego do Bom Jesus;2024;7055
3119955;MG;Córrego Fundo;2024;6091
3120003;MG;Córrego Novo;2024;10261
3120102;MG;Couto de Magalhães de Minas;2024;2076
3120151;MG;Crisólita;2024;56108
3120201;MG;Cristais;2024;27508
3120300;MG;Cristália;2024;5553
3120409;MG;Cristiano Otoni;2024;9484
3120508;MG;Cristina;2024;23858
3120607;MG;Crucilândia;2024;10200
3120706;MG;Cruzeiro da Fortaleza;2024;24869
3120805;MG;Cruzília;2024;21805
3120839;MG;Cuparaque;2024;15736
3120870;MG;Curral de Dentro;2024;8591
3120904;MG;Curvelo;2024;94375
3121001;MG;Datas;2024;1894
3121100;MG;Delfim Moreira;2024;14113
3121209;MG;Delfinópolis;2024;37697
3121258;MG;Delta;2024;3419
3121308;MG;Descoberto;2024;11867
3121407;MG;Desterro de Entre Rios;2024;15063
3121506;MG;Desterro do Melo;2024;7772
3121605;MG;Diamantina;2024;14750
3121704;MG;Diogo de Vasconcelos;2024;5374
3121803;MG;Dionísio;2024;11946
3121902;MG;Divinésia;2024;5194
3122009;MG;Divino;2024;13773
3122108;MG;Divino das Laranjeiras;2024;18444
3122207;MG;Divinolândia de Minas;2024;4469
3122306;MG;Divinópolis;2024;48364
3122355;MG;Divisa Alegre;2024;578
3122405;MG;Divisa Nova;2024;12625
3122454;MG;Divisópolis;2024;12548
3122470;MG;Dom Bosco;2024;37595
3122504;MG;Dom Cavati;2024;3563
3122603;MG;Dom Joaquim;2024;14406
3122702;MG;Dom Silvério;2024;8914
3122801;MG;Dom Viçoso;2024;5695
3122900;MG;Dona Euzébia;2024;3768
3123007;MG;Dores de Campos;2024;2952
3123106;MG;Dores de Guanhães;2024;17592
3123205;MG;Dores do Indaiá;2024;72765
3123304;MG;Dores do Turvo;2024;11074
3123403;MG;Doresópolis;2024;10384
3123502;MG;Douradoquara;2024;21360
3123528;MG;Durandé;2024;5587
3123601;MG;Elói Mendes;2024;31956
3123700;MG;Engenheiro Caldas;2024;14385
3123809;MG;Engenheiro Navarro;2024;24485
3123858;MG;Entre Folhas;2024;4257
3123908;MG;Entre Rios de Minas;2024;24086
3124005;MG;Ervália;2024;10743
3124104;MG;Esmeraldas;2024;40282
3124203;MG;Espera Feliz;2024;6865
3124302;MG;Espinosa;2024;35617
3124401;MG;Espírito Santo do Dourado;2024;14948
3124500;MG;Estiva;2024;19882
3124609;MG;Estrela Dalva;2024;10418
3124708;MG;Estrela do Indaiá;2024;43025
3124807;MG;Estrela do Sul;2024;53381
3124906;MG;Eugenópolis;2024;20889
3125002;MG;Ewbank da Câmara;2024;4260
3125101;MG;Extrema;2024;9421
3125200;MG;Fama;2024;2296
3125309;MG;Faria Lemos;2024;10795
3125408;MG;Felício dos Santos;2024;5313
3125507;MG;São Gonçalo do Rio Preto;2024;2613
3125606;MG;Felisburgo;2024;21011
3125705;MG;Felixlândia;2024;41911
3125804;MG;Fernandes Tourinho;2024;12670
3125903;MG;Ferros;2024;35942
3125952;MG;Fervedouro;2024;13533
3126000;MG;Florestal;2024;12708
3126109;MG;Formiga;2024;71234
3126208;MG;Formoso;2024;32312
3126307;MG;Fortaleza de Minas;2024;11515
3126406;MG;Fortuna de Minas;2024;11347
3126505;MG;Francisco Badaró;2024;12407
3126604;MG;Francisco Dumont;2024;22942
3126703;MG;Francisco Sá;2024;95912
3126752;MG;Franciscópolis;2024;38288
3126802;MG;Frei Gaspar;2024;32590
3126901;MG;Frei Inocêncio;2024;32518
3126950;MG;Frei Lagonegro;2024;7022
3127008;MG;Fronteira;2024;8074
3127057;MG;Fronteira dos Vales;2024;18571
3127073;MG;Fruta de Leite;2024;4526
3127107;MG;Frutal;2024;172881
3127206;MG;Funilândia;2024;9020
3127305;MG;Galiléia;2024;38574
3127339;MG;Gameleiras;2024;28939
3127354;MG;Glaucilândia;2024;8749
3127370;MG;Goiabeira;2024;7276
3127388;MG;Goianá;2024;10784
3127404;MG;Gonçalves;2024;9602
3127503;MG;Gonzaga;2024;11760
3127602;MG;Gouveia;2024;10169
3127701;MG;Governador Valadares;2024;134931
3127800;MG;Grão Mogol;2024;18924
3127909;MG;Grupiara;2024;10881
3128006;MG;Guanhães;2024;45013
3128105;MG;Guapé;2024;31746
3128204;MG;Guaraciaba;2024;10750
3128253;MG;Guaraciama;2024;6815
3128303;MG;Guaranésia;2024;17012
3128402;MG;Guarani;2024;18685
3128501;MG;Guarará;2024;5869
3128600;MG;Guarda-Mor;2024;64599
3128709;MG;Guaxupé;2024;8279
3128808;MG;Guidoval;2024;9875
3128907;MG;Guimarânia;2024;26057
3129004;MG;Guiricema;2024;24319
3129103;MG;Gurinhatã;2024;192000
3129202;MG;Heliodora;2024;9901
3129301;MG;Iapu;2024;19998
3129400;MG;Ibertioga;2024;18204
3129509;MG;Ibiá;2024;92331
3129608;MG;Ibiaí;2024;24666
3129657;MG;Ibiracatu;2024;5803
3129707;MG;Ibiraci;2024;16008
3129806;MG;Ibirité;2024;610
3129905;MG;Ibitiúra de Minas;2024;2870
3130002;MG;Ibituruna;2024;11771
3130051;MG;Icaraí de Minas;2024;37048
3130101;MG;Igarapé;2024;3273
3130200;MG;Igaratinga;2024;22918
3130309;MG;Iguatama;2024;25950
3130408;MG;Ijaci;2024;6156
3130507;MG;Ilicínea;2024;14293
3130556;MG;Imbé de Minas;2024;5114
3130606;MG;Inconfidentes;2024;10714
3130655;MG;Indaiabira;2024;10100
3130705;MG;Indianópolis;2024;11778
3130804;MG;Ingaí;2024;15214
3130903;MG;Inhapim;2024;41867
3131000;MG;Inhaúma;2024;17074
3131109;MG;Inimutaba;2024;19210
3131158;MG;Ipaba;2024;2525
3131208;MG;Ipanema;2024;29586
3131307;MG;Ipatinga;2024;2247
3131406;MG;Ipiaçu;2024;30500
3131505;MG;Ipuiúna;2024;16390
3131604;MG;Iraí de Minas;2024;24999
3131703;MG;Itabira;2024;33558
3131802;MG;Itabirinha;2024;12032
3131901;MG;Itabirito;2024;4840
3132008;MG;Itacambira;2024;14767
3132107;MG;Itacarambi;2024;24954
3132206;MG;Itaguara;2024;33047
3132305;MG;Itaipé;2024;14579
3132404;MG;Itajubá;2024;17857
3132503;MG;Itamarandiba;2024;30370
3132602;MG;Itamarati de Minas;2024;10504
3132701;MG;Itambacuri;2024;84796
3132800;MG;Itambé do Mato Dentro;2024;9637
3132909;MG;Itamogi;2024;3518
3133006;MG;Itamonte;2024;14356
3133105;MG;Itanhandu;2024;11337
3133204;MG;Itanhomi;2024;28852
3133303;MG;Itaobim;2024;11486
3133402;MG;Itapagipe;2024;159468
3133501;MG;Itapecerica;2024;52498
3133600;MG;Itapeva;2024;11828
3133709;MG;Itatiaiuçu;2024;6982
3133758;MG;Itaú de Minas;2024;5225
3133808;MG;Itaúna;2024;35366
3133907;MG;Itaverava;2024;7565
3134004;MG;Itinga;2024;30268
3134103;MG;Itueta;2024;18814
3134202;MG;Ituiutaba;2024;186000
3134301;MG;Itumirim;2024;13054
3134400;MG;Iturama;2024;102165
3134509;MG;Itutinga;2024;14846
3134608;MG;Jaboticatubas;2024;16266
3134707;MG;Jacinto;2024;62434
3134806;MG;Jacuí;2024;19403
3134905;MG;Jacutinga;2024;17644
3135001;MG;Jaguaraçu;2024;4402
3135050;MG;Jaíba;2024;63284
3135076;MG;Jampruca;2024;27332
3135100;MG;Janaúba;2024;79196
3135209;MG;Januária;2024;87526
3135308;MG;Japaraíba;2024;12734
3135357;MG;Japonvar;2024;10089
3135407;MG;Jeceaba;2024;7044
3135456;MG;Jenipapo de Minas;2024;7306
3135506;MG;Jequeri;2024;26007
3135605;MG;Jequitaí;2024;50339
3135704;MG;Jequitibá;2024;14077
3135803;MG;Jequitinhonha;2024;60529
3135902;MG;Jesuânia;2024;11992
3136009;MG;Joaíma;2024;62688
3136108;MG;Joanésia;2024;12379
3136207;MG;João Monlevade;2024;1646
3136306;MG;João Pinheiro;2024;226768
3136405;MG;Joaquim Felício;2024;15796
3136504;MG;Jordânia;2024;28427
3136520;MG;José Gonçalves de Minas;2024;3562
3136553;MG;José Raydan;2024;10213
3136579;MG;Josenópolis;2024;2864
3136603;MG;Nova União;2024;5501
3136652;MG;Juatuba;2024;2493
3136702;MG;Juiz de Fora;2024;52363
3136801;MG;Juramento;2024;15196
3136900;MG;Juruaia;2024;9899
3136959;MG;Juvenília;2024;33816
3137007;MG;Ladainha;2024;22316
3137106;MG;Lagamar;2024;66555
3137205;MG;Lagoa da Prata;2024;22534
3137304;MG;Lagoa dos Patos;2024;20136
3137403;MG;Lagoa Dourada;2024;20174
3137502;MG;Lagoa Formosa;2024;107267
3137536;MG;Lagoa Grande;2024;66736
3137601;MG;Lagoa Santa;2024;5203
3137700;MG;Lajinha;2024;11376
3137809;MG;Lambari;2024;8071
3137908;MG;Lamim;2024;3791
3138005;MG;Laranjal;2024;15768
3138104;MG;Lassance;2024;40075
3138203;MG;Lavras;2024;25864
3138302;MG;Leandro Ferreira;2024;21458
3138351;MG;Leme do Prado;2024;1940
3138401;MG;Leopoldina;2024;67450
3138500;MG;Liberdade;2024;17336
3138609;MG;Lima Duarte;2024;31927
3138625;MG;Limeira do Oeste;2024;86006
3138658;MG;Lontra;2024;8149
3138674;MG;Luisburgo;2024;1576
3138682;MG;Luislândia;2024;13504
3138708;MG;Luminárias;2024;12885
3138807;MG;Luz;2024;75053
3138906;MG;Machacalis;2024;34030
3139003;MG;Machado;2024;23707
3139102;MG;Madre de Deus de Minas;2024;14642
3139201;MG;Malacacheta;2024;32244
3139250;MG;Mamonas;2024;9191
3139300;MG;Manga;2024;48600
3139409;MG;Manhuaçu;2024;6474
3139508;MG;Manhumirim;2024;1832
3139607;MG;Mantena;2024;33307
3139706;MG;Maravilhas;2024;19139
3139805;MG;Mar de Espanha;2024;22750
3139904;MG;Maria da Fé;2024;12599
3140001;MG;Mariana;2024;15870
3140100;MG;Marilac;2024;11514
3140159;MG;Mário Campos;2024;281
3140209;MG;Maripá de Minas;2024;6100
3140308;MG;Marliéria;2024;8320
3140407;MG;Marmelópolis;2024;4355
3140506;MG;Martinho Campos;2024;60827
3140530;MG;Martins Soares;2024;1252
3140555;MG;Mata Verde;2024;11043
3140605;MG;Materlândia;2024;15048
3140704;MG;Mateus Leme;2024;13694
3140803;MG;Matias Barbosa;2024;7381
3140852;MG;Matias Cardoso;2024;59605
3140902;MG;Matipó;2024;10896
3141009;MG;Mato Verde;2024;19311
3141108;MG;Matozinhos;2024;12150
3141207;MG;Matutina;2024;25252
3141306;MG;Medeiros;2024;41624
3141405;MG;Medina;2024;33168
3141504;MG;Mendes Pimentel;2024;22056
3141603;MG;Mercês;2024;18136
3141702;MG;Mesquita;2024;12247
3141801;MG;Minas Novas;2024;9252
3141900;MG;Minduri;2024;5725
3142007;MG;Mirabela;2024;16875
3142106;MG;Miradouro;2024;30986
3142205;MG;Miraí;2024;23779
3142254;MG;Miravânia;2024;10815
3142304;MG;Moeda;2024;5264
3142403;MG;Moema;2024;16284
3142502;MG;Monjolos;2024;15223
3142601;MG;Monsenhor Paulo;2024;12952
3142700;MG;Montalvânia;2024;42512
3142809;MG;Monte Alegre de Minas;2024;140786
3142908;MG;Monte Azul;2024;33757
3143005;MG;Monte Belo;2024;21611
3143104;MG;Monte Carmelo;2024;52419
3143153;MG;Monte Formoso;2024;9185
3143203;MG;Monte Santo de Minas;2024;23713
3143302;MG;Montes Claros;2024;103677
3143401;MG;Monte Sião;2024;24628
3143450;MG;Montezuma;2024;6239
3143500;MG;Morada Nova de Minas;2024;48593
3143609;MG;Morro da Garça;2024;23682
3143708;MG;Morro do Pilar;2024;10495
3143807;MG;Munhoz;2024;7804
3143906;MG;Muriaé;2024;58211
3144003;MG;Mutum;2024;69227
3144102;MG;Muzambinho;2024;16566
3144201;MG;Nacip Raydan;2024;11325
3144300;MG;Nanuque;2024;123878
3144359;MG;Naque;2024;5793
3144375;MG;Natalândia;2024;18061
3144409;MG;Natércia;2024;15478
3144508;MG;Nazareno;2024;18251
3144607;MG;Nepomuceno;2024;22793
3144656;MG;Ninheira;2024;9487
3144672;MG;Nova Belém;2024;3732
3144706;MG;Nova Era;2024;9592
3144805;MG;Nova Lima;2024;1186
3144904;MG;Nova Módica;2024;26468
3145000;MG;Nova Ponte;2024;34430
3145059;MG;Nova Porteirinha;2024;3113
3145109;MG;Nova Resende;2024;8885
3145208;MG;Nova Serrana;2024;15066
3145307;MG;Novo Cruzeiro;2024;28601
3145356;MG;Novo Oriente de Minas;2024;30996
3145372;MG;Novorizonte;2024;2645
3145406;MG;Olaria;2024;8681
3145455;MG;Olhos-d'Água;2024;11877
3145505;MG;Olímpio Noronha;2024;2954
3145604;MG;Oliveira;2024;40987
3145703;MG;Oliveira Fortes;2024;6642
3145802;MG;Onça de Pitangui;2024;13946
3145851;MG;Oratórios;2024;4321
3145877;MG;Orizânia;2024;1547
3145901;MG;Ouro Branco;2024;3262
3146008;MG;Ouro Fino;2024;31356
3146107;MG;Ouro Preto;2024;8685
3146206;MG;Ouro Verde de Minas;2024;13293
3146255;MG;Padre Carvalho;2024;2192
3146305;MG;Padre Paraíso;2024;7854
3146404;MG;Paineiras;2024;35980
3146503;MG;Pains;2024;33672
3146552;MG;Pai Pedro;2024;25232
3146602;MG;Paiva;2024;4424
3146701;MG;Palma;2024;24510
3146750;MG;Palmópolis;2024;23021
3146909;MG;Papagaios;2024;29040
3147006;MG;Paracatu;2024;206319
3147105;MG;Pará de Minas;2024;42062
3147204;MG;Paraguaçu;2024;12561
3147303;MG;Paraisópolis;2024;25337
3147402;MG;Paraopeba;2024;31625
3147501;MG;Passabém;2024;4107
3147600;MG;Passa Quatro;2024;16197
3147709;MG;Passa Tempo;2024;24734
3147808;MG;Passa Vinte;2024;10184
3147907;MG;Passos;2024;116653
3147956;MG;Patis;2024;13718
3148004;MG;Patos de Minas;2024;222223
3148103;MG;Patrocínio;2024;104502
3148202;MG;Patrocínio do Muriaé;2024;9384
3148301;MG;Paula Cândido;2024;9416
3148400;MG;Paulistas;2024;12072
3148509;MG;Pavão;2024;37682
3148608;MG;Peçanha;2024;33569
3148707;MG;Pedra Azul;2024;35408
3148756;MG;Pedra Bonita;2024;2415
3148806;MG;Pedra do Anta;2024;9401
3148905;MG;Pedra do Indaiá;2024;23605
3149002;MG;Pedra Dourada;2024;2728
3149101;MG;Pedralva;2024;13823
3149150;MG;Pedras de Maria da Cruz;2024;46507
3149200;MG;Pedrinópolis;2024;15339
3149309;MG;Pedro Leopoldo;2024;12383
3149408;MG;Pedro Teixeira;2024;5805
3149507;MG;Pequeri;2024;6850
3149606;MG;Pequi;2024;16046
3149705;MG;Perdigão;2024;14699
3149804;MG;Perdizes;2024;92476
3149903;MG;Perdões;2024;20215
3149952;MG;Periquito;2024;8941
3150000;MG;Pescador;2024;17012
3150109;MG;Piau;2024;9930
3150158;MG;Piedade de Caratinga;2024;1744
3150208;MG;Piedade de Ponte Nova;2024;5207
3150307;MG;Piedade do Rio Grande;2024;11039
3150406;MG;Piedade dos Gerais;2024;12758
3150505;MG;Pimenta;2024;29120
3150539;MG;Pingo-d'Água;2024;1964
3150570;MG;Pintópolis;2024;32607
3150604;MG;Piracema;2024;22618
3150703;MG;Pirajuba;2024;4913
3150802;MG;Piranga;2024;18351
3150901;MG;Piranguçu;2024;10124
3151008;MG;Piranguinho;2024;11782
3151107;MG;Pirapetinga;2024;12013
3151206;MG;Pirapora;2024;6760
3151305;MG;Piraúba;2024;6853
3151404;MG;Pitangui;2024;33174
3151503;MG;Piumhi;2024;46475
3151602;MG;Planura;2024;10018
3151701;MG;Poço Fundo;2024;28986
3151800;MG;Poços de Caldas;2024;15728
3151909;MG;Pocrane;2024;34514
3152006;MG;Pompéu;2024;107413
3152105;MG;Ponte Nova;2024;24464
3152131;MG;Ponto Chique;2024;18127
3152170;MG;Ponto dos Volantes;2024;16393
3152204;MG;Porteirinha;2024;59643
3152303;MG;Porto Firme;2024;10582
3152402;MG;Poté;2024;23852
3152501;MG;Pouso Alegre;2024;32761
3152600;MG;Pouso Alto;2024;22325
3152709;MG;Prados;2024;9902
3152808;MG;Prata;2024;374558
3152907;MG;Pratápolis;2024;16950
3153004;MG;Pratinha;2024;23615
3153103;MG;Presidente Bernardes;2024;7125
3153202;MG;Presidente Juscelino;2024;21949
3153301;MG;Presidente Kubitschek;2024;1647
3153400;MG;Presidente Olegário;2024;133476
3153509;MG;Alto Jequitibá;2024;2236
3153608;MG;Prudente de Morais;2024;6655
3153707;MG;Quartel Geral;2024;28422
3153806;MG;Queluzito;2024;9381
3153905;MG;Raposos;2024;90
3154002;MG;Raul Soares;2024;47274
3154101;MG;Recreio;2024;16320
3154150;MG;Reduto;2024;3111
3154200;MG;Resende Costa;2024;23575
3154309;MG;Resplendor;2024;59572
3154408;MG;Ressaquinha;2024;8494
3154457;MG;Riachinho;2024;57522
3154507;MG;Riacho dos Machados;2024;13390
3154606;MG;Ribeirão das Neves;2024;2166
3154705;MG;Ribeirão Vermelho;2024;3313
3154804;MG;Rio Acima;2024;627
3154903;MG;Rio Casca;2024;22583
3155009;MG;Rio Doce;2024;5599
3155108;MG;Rio do Prado;2024;18222
3155207;MG;Rio Espera;2024;13841
3155306;MG;Rio Manso;2024;10807
3155405;MG;Rio Novo;2024;16497
3155504;MG;Rio Paranaíba;2024;74325
3155603;MG;Rio Pardo de Minas;2024;18885
3155702;MG;Rio Piracicaba;2024;12333
3155801;MG;Rio Pomba;2024;16445
3155900;MG;Rio Preto;2024;12239
3156007;MG;Rio Vermelho;2024;33354
3156106;MG;Ritápolis;2024;13951
3156205;MG;Rochedo de Minas;2024;4697
3156304;MG;Rodeiro;2024;5138
3156403;MG;Romaria;2024;8976
3156452;MG;Rosário da Limeira;2024;4729
3156502;MG;Rubelita;2024;18766
3156601;MG;Rubim;2024;44752
3156700;MG;Sabará;2024;2036
3156809;MG;Sabinópolis;2024;37407
3156908;MG;Sacramento;2024;110008
3157005;MG;Salinas;2024;44419
3157104;MG;Salto da Divisa;2024;58782
3157203;MG;Santa Bárbara;2024;4698
3157252;MG;Santa Bárbara do Leste;2024;1399
3157278;MG;Santa Bárbara do Monte Verde;2024;16670
3157302;MG;Santa Bárbara do Tugúrio;2024;13677
3157336;MG;Santa Cruz de Minas;2024;28
3157377;MG;Santa Cruz de Salinas;2024;11425
3157401;MG;Santa Cruz do Escalvado;2024;15497
3157500;MG;Santa Efigênia de Minas;2024;5383
3157609;MG;Santa Fé de Minas;2024;37991
3157658;MG;Santa Helena de Minas;2024;14726
3157708;MG;Santa Juliana;2024;29150
3157807;MG;Santa Luzia;2024;5108
3157906;MG;Santa Margarida;2024;3419
3158003;MG;Santa Maria de Itabira;2024;15675
3158102;MG;Santa Maria do Salto;2024;14969
3158201;MG;Santa Maria do Suaçuí;2024;30398
3158300;MG;Santana da Vargem;2024;2968
3158409;MG;Santana de Cataguases;2024;11343
3158508;MG;Santana de Pirapama;2024;25649
3158607;MG;Santana do Deserto;2024;7505
3158706;MG;Santana do Garambéu;2024;5920
3158805;MG;Santana do Jacaré;2024;7922
3158904;MG;Santana do Manhuaçu;2024;11930
3158953;MG;Santana do Paraíso;2024;5232
3159001;MG;Santana do Riacho;2024;4460
3159100;MG;Santana dos Montes;2024;6935
3159209;MG;Santa Rita de Caldas;2024;38089
3159308;MG;Santa Rita de Jacutinga;2024;22872
3159357;MG;Santa Rita de Minas;2024;1490
3159407;MG;Santa Rita de Ibitipoca;2024;14173
3159506;MG;Santa Rita do Itueto;2024;15199
3159605;MG;Santa Rita do Sapucaí;2024;24597
3159704;MG;Santa Rosa da Serra;2024;11339
3159803;MG;Santa Vitória;2024;273000
3159902;MG;Santo Antônio do Amparo;2024;16066
3160009;MG;Santo Antônio do Aventureiro;2024;13982
3160108;MG;Santo Antônio do Grama;2024;8112
3160207;MG;Santo Antônio do Itambé;2024;9473
3160306;MG;Santo Antônio do Jacinto;2024;28422
3160405;MG;Santo Antônio do Monte;2024;86771
3160454;MG;Santo Antônio do Retiro;2024;4205
3160504;MG;Santo Antônio do Rio Abaixo;2024;6337
3160603;MG;Santo Hipólito;2024;22179
3160702;MG;Santos Dumont;2024;27922
3160801;MG;São Bento Abade;2024;1743
3160900;MG;São Brás do Suaçuí;2024;3462
3160959;MG;São Domingos das Dores;2024;419
3161007;MG;São Domingos do Prata;2024;29071
3161056;MG;São Félix de Minas;2024;9303
3161106;MG;São Francisco;2024;147608
3161205;MG;São Francisco de Paula;2024;16449
3161304;MG;São Francisco de Sales;2024;92480
3161403;MG;São Francisco do Glória;2024;10137
3161502;MG;São Geraldo;2024;9173
3161601;MG;São Geraldo da Piedade;2024;9311
3161650;MG;São Geraldo do Baixio;2024;15324
3161700;MG;São Gonçalo do Abaeté;2024;43446
3161809;MG;São Gonçalo do Pará;2024;15920
3161908;MG;São Gonçalo do Rio Abaixo;2024;11755
3162005;MG;São Gonçalo do Sapucaí;2024;28920
3162104;MG;São Gotardo;2024;58813
3162203;MG;São João Batista do Glória;2024;23414
3162252;MG;São João da Lagoa;2024;24873
3162302;MG;São João da Mata;2024;7823
3162401;MG;São João da Ponte;2024;114925
3162450;MG;São João das Missões;2024;13507
3162500;MG;São João del Rei;2024;40499
3162559;MG;São João do Manhuaçu;2024;1397
3162575;MG;São João do Manteninha;2024;10817
3162609;MG;São João do Oriente;2024;9973
3162658;MG;São João do Pacuí;2024;17679
3162708;MG;São João do Paraíso;2024;13865
3162807;MG;São João Evangelista;2024;25150
3162906;MG;São João Nepomuceno;2024;27011
3162922;MG;São Joaquim de Bicas;2024;1471
3162948;MG;São José da Barra;2024;11844
3162955;MG;São José da Lapa;2024;1029
3163003;MG;São José da Safira;2024;7060
3163102;MG;São José da Varginha;2024;19458
3163201;MG;São José do Alegre;2024;7601
3163300;MG;São José do Divino;2024;21182
3163409;MG;São José do Goiabal;2024;12079
3163508;MG;São José do Jacuri;2024;16258
3163607;MG;São José do Mantimento;2024;2549
3163706;MG;São Lourenço;2024;2206
3163805;MG;São Miguel do Anta;2024;6665
3163904;MG;São Pedro da União;2024;13621
3164001;MG;São Pedro dos Ferros;2024;18328
3164100;MG;São Pedro do Suaçuí;2024;14892
3164209;MG;São Romão;2024;33825
3164308;MG;São Roque de Minas;2024;61642
3164407;MG;São Sebastião da Bela Vista;2024;9413
3164431;MG;São Sebastião da Vargem Alegre;2024;5945
3164472;MG;São Sebastião do Anta;2024;2025
3164506;MG;São Sebastião do Maranhão;2024;23456
3164605;MG;São Sebastião do Oeste;2024;28858
3164704;MG;São Sebastião do Paraíso;2024;34573
3164803;MG;São Sebastião do Rio Preto;2024;5399
3164902;MG;São Sebastião do Rio Verde;2024;6704
3165008;MG;São Tiago;2024;28389
3165107;MG;São Tomás de Aquino;2024;7628
3165206;MG;São Tomé das Letras;2024;14410
3165305;MG;São Vicente de Minas;2024;16955
3165404;MG;Sapucaí-Mirim;2024;5391
3165503;MG;Sardoá;2024;4519
3165537;MG;Sarzedo;2024;827
3165552;MG;Setubinha;2024;6714
3165560;MG;Sem-Peixe;2024;11084
3165578;MG;Senador Amaral;2024;4533
3165602;MG;Senador Cortes;2024;6476
3165701;MG;Senador Firmino;2024;5925
3165800;MG;Senador José Bento;2024;7632
3165909;MG;Senador Modestino Gonçalves;2024;8682
3166006;MG;Senhora de Oliveira;2024;4820
3166105;MG;Senhora do Porto;2024;16023
3166204;MG;Senhora dos Remédios;2024;18374
3166303;MG;Sericita;2024;5009
3166402;MG;Seritinga;2024;6199
3166501;MG;Serra Azul de Minas;2024;9099
3166600;MG;Serra da Saudade;2024;18446
3166709;MG;Serra dos Aimorés;2024;17892
3166808;MG;Serra do Salitre;2024;56562
3166907;MG;Serrania;2024;9855
3166956;MG;Serranópolis de Minas;2024;11008
3167004;MG;Serranos;2024;10587
3167103;MG;Serro;2024;31043
3167202;MG;Sete Lagoas;2024;18259
3167301;MG;Silveirânia;2024;9143
3167400;MG;Silvianópolis;2024;27105
3167509;MG;Simão Pereira;2024;6521
3167608;MG;Simonésia;2024;7352
3167707;MG;Sobrália;2024;16705
3167806;MG;Soledade de Minas;2024;14872
3167905;MG;Tabuleiro;2024;12226
3168002;MG;Taiobeiras;2024;15652
3168051;MG;Taparuba;2024;13057
3168101;MG;Tapira;2024;42581
3168200;MG;Tapiraí;2024;19616
3168309;MG;Taquaraçu de Minas;2024;8335
3168408;MG;Tarumirim;2024;43177
3168507;MG;Teixeiras;2024;8112
3168606;MG;Teófilo Otoni;2024;140631
3168705;MG;Timóteo;2024;1097
3168804;MG;Tiradentes;2024;2850
3168903;MG;Tiros;2024;106210
3169000;MG;Tocantins;2024;11001
3169059;MG;Tocos do Moji;2024;9943
3169109;MG;Toledo;2024;7190
3169208;MG;Tombos;2024;20249
3169307;MG;Três Corações;2024;38850
3169356;MG;Três Marias;2024;23708
3169406;MG;Três Pontas;2024;19675
3169505;MG;Tumiritinga;2024;23282
3169604;MG;Tupaciguara;2024;104347
3169703;MG;Turmalina;2024;3850
3169802;MG;Turvolândia;2024;14551
3169901;MG;Ubá;2024;17863
3170008;MG;Ubaí;2024;29950
3170057;MG;Ubaporanga;2024;4847
3170107;MG;Uberaba;2024;160230
3170206;MG;Uberlândia;2024;183179
3170305;MG;Umburatiba;2024;25746
3170404;MG;Unaí;2024;270609
3170438;MG;União de Minas;2024;108486
3170479;MG;Uruana de Minas;2024;14770
3170503;MG;Urucânia;2024;4782
3170529;MG;Urucuia;2024;41266
3170578;MG;Vargem Alegre;2024;7369
3170602;MG;Vargem Bonita;2024;14296
3170651;MG;Vargem Grande do Rio Pardo;2024;3545
3170701;MG;Varginha;2024;15041
3170750;MG;Varjão de Minas;2024;32367
3170800;MG;Várzea da Palma;2024;82486
3170909;MG;Varzelândia;2024;23327
3171006;MG;Vazante;2024;84885
3171030;MG;Verdelândia;2024;47762
3171071;MG;Veredinha;2024;3133
3171105;MG;Veríssimo;2024;48801
3171154;MG;Vermelho Novo;2024;3872
3171204;MG;Vespasiano;2024;908
3171303;MG;Viçosa;2024;10917
3171402;MG;Vieiras;2024;13654
3171501;MG;Mathias Lobato;2024;13370
3171600;MG;Virgem da Lapa;2024;16761
3171709;MG;Virgínia;2024;24625
3171808;MG;Virginópolis;2024;17145
3171907;MG;Virgolândia;2024;14446
3172004;MG;Visconde do Rio Branco;2024;19436
3172103;MG;Volta Grande;2024;15540
3172202;MG;Wenceslau Braz;2024;7143
3200102;ES;Afonso Cláudio;2024;31636
3200136;ES;Águia Branca;2024;19339
3200169;ES;Água Doce do Norte;2024;27314
3200201;ES;Alegre;2024;73234
3200300;ES;Alfredo Chaves;2024;20945
3200359;ES;Alto Rio Novo;2024;9676
3200409;ES;Anchieta;2024;29903
3200508;ES;Apiacá;2024;18862
3200607;ES;Aracruz;2024;42874
3200706;ES;Atílio Vivácqua;2024;21896
3200805;ES;Baixo Guandu;2024;53569
3200904;ES;Barra de São Francisco;2024;70966
3201001;ES;Boa Esperança;2024;19011
3201100;ES;Bom Jesus do Norte;2024;8175
3201159;ES;Brejetuba;2024;2377
3201209;ES;Cachoeiro de Itapemirim;2024;68710
3201308;ES;Cariacica;2024;5728
3201407;ES;Castelo;2024;37622
3201506;ES;Colatina;2024;59480
3201605;ES;Conceição da Barra;2024;9165
3201704;ES;Conceição do Castelo;2024;8989
3201803;ES;Divino de São Lourenço;2024;8376
3201902;ES;Domingos Martins;2024;7788
3202009;ES;Dores do Rio Preto;2024;6469
3202108;ES;Ecoporanga;2024;221344
3202207;ES;Fundão;2024;12404
3202256;ES;Governador Lindenberg;2024;5744
3202306;ES;Guaçuí;2024;29504
3202405;ES;Guarapari;2024;21164
3202454;ES;Ibatiba;2024;2485
3202504;ES;Ibiraçu;2024;7051
3202553;ES;Ibitirama;2024;11077
3202603;ES;Iconha;2024;14989
3202652;ES;Irupi;2024;1675
3202702;ES;Itaguaçu;2024;18301
3202801;ES;Itapemirim;2024;52123
3202900;ES;Itarana;2024;8643
3203007;ES;Iúna;2024;7874
3203056;ES;Jaguaré;2024;9395
3203106;ES;Jerônimo Monteiro;2024;20212
3203130;ES;João Neiva;2024;16311
3203163;ES;Laranja da Terra;2024;17157
3203205;ES;Linhares;2024;146545
3203304;ES;Mantenópolis;2024;11623
3203320;ES;Marataízes;2024;2488
3203346;ES;Marechal Floriano;2024;635
3203353;ES;Marilândia;2024;4875
3203403;ES;Mimoso do Sul;2024;63243
3203502;ES;Montanha;2024;90695
3203601;ES;Mucurici;2024;84612
3203700;ES;Muniz Freire;2024;30550
3203809;ES;Muqui;2024;24916
3203908;ES;Nova Venécia;2024;77069
3204005;ES;Pancas;2024;28826
3204054;ES;Pedro Canário;2024;22691
3204104;ES;Pinheiros;2024;48612
3204203;ES;Piúma;2024;6187
3204252;ES;Ponto Belo;2024;45993
3204302;ES;Presidente Kennedy;2024;61819
3204351;ES;Rio Bananal;2024;7987
3204401;ES;Rio Novo do Sul;2024;18020
3204500;ES;Santa Leopoldina;2024;14226
3204559;ES;Santa Maria de Jetibá;2024;6942
3204609;ES;Santa Teresa;2024;10116
3204658;ES;São Domingos do Norte;2024;10124
3204708;ES;São Gabriel da Palha;2024;14430
3204807;ES;São José do Calçado;2024;24009
3204906;ES;São Mateus;2024;82034
3204955;ES;São Roque do Canaã;2024;11006
3205002;ES;Serra;2024;18818
3205010;ES;Sooretama;2024;8121
3205036;ES;Vargem Alta;2024;10194
3205069;ES;Venda Nova do Imigrante;2024;3173
3205101;ES;Viana;2024;17088
3205150;ES;Vila Pavão;2024;18214
3205176;ES;Vila Valério;2024;5171
3205200;ES;Vila Velha;2024;6718
3205309;ES;Vitória;2024;114
3300100;RJ;Angra dos Reis;2024;6343
3300159;RJ;Aperibé;2024;9227
3300209;RJ;Araruama;2024;48810
3300225;RJ;Areal;2024;3986
3300233;RJ;Armação dos Búzios;2024;1680
3300308;RJ;Barra do Piraí;2024;45560
3300407;RJ;Barra Mansa;2024;44114
3300456;RJ;Belford Roxo;2024;511
3300506;RJ;Bom Jardim;2024;18021
3300605;RJ;Bom Jesus do Itabapoana;2024;88984
3300704;RJ;Cabo Frio;2024;24382
3300803;RJ;Cachoeiras de Macacu;2024;35420
3300902;RJ;Cambuci;2024;71537
3300936;RJ;Carapebus;2024;26728
3300951;RJ;Comendador Levy Gasparian;2024;6844
3301009;RJ;Campos dos Goytacazes;2024;280144
3301108;RJ;Cantagalo;2024;74512
3301157;RJ;Cardoso Moreira;2024;56460
3301207;RJ;Carmo;2024;33615
3301306;RJ;Casimiro de Abreu;2024;35600
3301405;RJ;Conceição de Macabu;2024;43150
3301504;RJ;Cordeiro;2024;12355
3301603;RJ;Duas Barras;2024;24654
3301702;RJ;Duque de Caxias;2024;8660
3301801;RJ;Engenheiro Paulo de Frontin;2024;810
3301850;RJ;Guapimirim;2024;26620
3301876;RJ;Iguaba Grande;2024;1900
3301900;RJ;Itaboraí;2024;27725
3302007;RJ;Itaguaí;2024;13550
3302056;RJ;Italva;2024;28000
3302106;RJ;Itaocara;2024;41599
3302205;RJ;Itaperuna;2024;151162
3302254;RJ;Itatiaia;2024;4810
3302270;RJ;Japeri;2024;2806
3302304;RJ;Laje do Muriaé;2024;23350
3302403;RJ;Macaé;2024;101364
3302452;RJ;Macuco;2024;9807
3302502;RJ;Magé;2024;6883
3302601;RJ;Mangaratiba;2024;4812
3302700;RJ;Maricá;2024;6170
3302809;RJ;Mendes;2024;1220
3302858;RJ;Mesquita;2024;10
3302908;RJ;Miguel Pereira;2024;10020
3303005;RJ;Miracema;2024;32460
3303104;RJ;Natividade;2024;42402
3303302;RJ;Niterói;2024;239
3303401;RJ;Nova Friburgo;2024;7957
3303500;RJ;Nova Iguaçu;2024;4134
3303609;RJ;Paracambi;2024;7500
3303708;RJ;Paraíba do Sul;2024;40586
3303807;RJ;Paraty;2024;2400
3303856;RJ;Paty do Alferes;2024;19200
3303906;RJ;Petrópolis;2024;5245
3303955;RJ;Pinheiral;2024;4268
3304003;RJ;Piraí;2024;24940
3304102;RJ;Porciúncula;2024;25113
3304110;RJ;Porto Real;2024;7006
3304128;RJ;Quatis;2024;34375
3304144;RJ;Queimados;2024;2243
3304151;RJ;Quissamã;2024;53440
3304201;RJ;Resende;2024;58447
3304300;RJ;Rio Bonito;2024;32000
3304409;RJ;Rio Claro;2024;47332
3304508;RJ;Rio das Flores;2024;30780
3304524;RJ;Rio das Ostras;2024;18422
3304557;RJ;Rio de Janeiro;2024;2986
3304607;RJ;Santa Maria Madalena;2024;50573
3304706;RJ;Santo Antônio de Pádua;2024;56622
3304755;RJ;São Francisco de Itabapoana;2024;71631
3304805;RJ;São Fidélis;2024;96294
3304904;RJ;São Gonçalo;2024;2664
3305000;RJ;São João da Barra;2024;24331
3305133;RJ;São José de Ubá;2024;36106
3305158;RJ;São José do Vale do Rio Preto;2024;4059
3305208;RJ;São Pedro da Aldeia;2024;22100
3305307;RJ;São Sebastião do Alto;2024;42759
3305406;RJ;Sapucaia;2024;35240
3305505;RJ;Saquarema;2024;10115
3305554;RJ;Seropédica;2024;13500
3305604;RJ;Silva Jardim;2024;63500
3305703;RJ;Sumidouro;2024;25563
3305752;RJ;Tanguá;2024;10436
3305802;RJ;Teresópolis;2024;8400
3305901;RJ;Trajano de Moraes;2024;30484
3306008;RJ;Três Rios;2024;15692
3306107;RJ;Valença;2024;114400
3306156;RJ;Varre-Sai;2024;10317
3306206;RJ;Vassouras;2024;44700
3306305;RJ;Volta Redonda;2024;4801
3500105;SP;Adamantina;2024;39080
3500204;SP;Adolfo;2024;3715
3500303;SP;Aguaí;2024;4240
3500402;SP;Águas da Prata;2024;14200
3500501;SP;Águas de Lindóia;2024;5453
3500550;SP;Águas de Santa Bárbara;2024;9400
3500709;SP;Agudos;2024;29500
3500758;SP;Alambari;2024;7017
3500808;SP;Alfredo Marcondes;2024;24424
3500907;SP;Altair;2024;45805
3501004;SP;Altinópolis;2024;15000
3501103;SP;Alto Alegre;2024;23795
3501152;SP;Alumínio;2024;650
3501202;SP;Álvares Florence;2024;44123
3501301;SP;Álvares Machado;2024;50774
3501400;SP;Álvaro de Carvalho;2024;10971
3501509;SP;Alvinlândia;2024;5665
3501608;SP;Americana;2024;800
3501707;SP;Américo Brasiliense;2024;208
3501806;SP;Américo de Campos;2024;27312
3501905;SP;Amparo;2024;26468
3502002;SP;Analândia;2024;11650
3502101;SP;Andradina;2024;48555
3502200;SP;Angatuba;2024;40096
3502309;SP;Anhembi;2024;33260
3502408;SP;Anhumas;2024;26525
3502507;SP;Aparecida;2024;5598
3502606;SP;Aparecida d'Oeste;2024;21590
3502705;SP;Apiaí;2024;5262
3502754;SP;Araçariguama;2024;2050
3502804;SP;Araçatuba;2024;62921
3502903;SP;Araçoiaba da Serra;2024;5100
3503000;SP;Aramina;2024;1849
3503109;SP;Arandu;2024;8905
3503158;SP;Arapeí;2024;8100
3503208;SP;Araraquara;2024;9581
3503307;SP;Araras;2024;8150
3503356;SP;Arco-Íris;2024;20431
3503406;SP;Arealva;2024;34871
3503505;SP;Areias;2024;16700
3503604;SP;Areiópolis;2024;160
3503703;SP;Ariranha;2024;370
3503802;SP;Artur Nogueira;2024;8779
3503901;SP;Arujá;2024;270
3503950;SP;Aspásia;2024;6868
3504008;SP;Assis;2024;17500
3504107;SP;Atibaia;2024;12400
3504206;SP;Auriflama;2024;55725
3504305;SP;Avaí;2024;35000
3504404;SP;Avanhandava;2024;8468
3504503;SP;Avaré;2024;34401
3504602;SP;Bady Bassitt;2024;9650
3504701;SP;Balbinos;2024;2644
3504800;SP;Bálsamo;2024;11160
3504909;SP;Bananal;2024;30700
3505005;SP;Barão de Antonina;2024;11000
3505104;SP;Barbosa;2024;9610
3505203;SP;Bariri;2024;15309
3505302;SP;Barra Bonita;2024;380
3505351;SP;Barra do Chapéu;2024;2112
3505401;SP;Barra do Turvo;2024;8750
3505500;SP;Barretos;2024;52045
3505609;SP;Barrinha;2024;443
3505807;SP;Bastos;2024;18911
3505906;SP;Batatais;2024;13000
3506003;SP;Bauru;2024;38238
3506102;SP;Bebedouro;2024;15350
3506201;SP;Bento de Abreu;2024;10343
3506300;SP;Bernardino de Campos;2024;8108
3506409;SP;Bilac;2024;16605
3506508;SP;Birigui;2024;46293
3506607;SP;Biritiba Mirim;2024;945
3506706;SP;Boa Esperança do Sul;2024;7158
3506805;SP;Bocaina;2024;13585
3506904;SP;Bofete;2024;32500
3507001;SP;Boituva;2024;14500
3507100;SP;Bom Jesus dos Perdões;2024;2450
3507159;SP;Bom Sucesso de Itararé;2024;800
3507209;SP;Borá;2024;6500
3507308;SP;Boracéia;2024;1898
3507407;SP;Borborema;2024;13270
3507456;SP;Borebi;2024;2855
3507506;SP;Botucatu;2024;34500
3507605;SP;Bragança Paulista;2024;28800
3507704;SP;Braúna;2024;9958
3507753;SP;Brejo Alegre;2024;4500
3507803;SP;Brodowski;2024;10000
3507902;SP;Brotas;2024;23819
3508009;SP;Buri;2024;21809
3508108;SP;Buritama;2024;34770
3508207;SP;Buritizal;2024;10641
3508306;SP;Cabrália Paulista;2024;12500
3508405;SP;Cabreúva;2024;7100
3508504;SP;Caçapava;2024;23000
3508603;SP;Cachoeira Paulista;2024;29310
3508702;SP;Caconde;2024;32000
3508801;SP;Cafelândia;2024;37081
3508900;SP;Caiabu;2024;23005
3509007;SP;Caieiras;2024;13
3509106;SP;Caiuá;2024;64857
3509205;SP;Cajamar;2024;138
3509254;SP;Cajati;2024;5850
3509304;SP;Cajobi;2024;3590
3509403;SP;Cajuru;2024;26000
3509452;SP;Campina do Monte Alegre;2024;4124
3509502;SP;Campinas;2024;27550
3509601;SP;Campo Limpo Paulista;2024;255
3509700;SP;Campos do Jordão;2024;540
3509809;SP;Campos Novos Paulista;2024;15000
3509908;SP;Cananéia;2024;980
3509957;SP;Canas;2024;4260
3510005;SP;Cândido Mota;2024;4500
3510104;SP;Cândido Rodrigues;2024;503
3510153;SP;Canitar;2024;1150
3510203;SP;Capão Bonito;2024;20144
3510302;SP;Capela do Alto;2024;10000
3510401;SP;Capivari;2024;5380
3510500;SP;Caraguatatuba;2024;7366
3510708;SP;Cardoso;2024;53406
3510807;SP;Casa Branca;2024;17000
3510906;SP;Cássia dos Coqueiros;2024;13000
3511003;SP;Castilho;2024;59380
3511102;SP;Catanduva;2024;3150
3511201;SP;Catiguá;2024;790
3511300;SP;Cedral;2024;14386
3511409;SP;Cerqueira César;2024;17234
3511508;SP;Cerquilho;2024;9300
3511607;SP;Cesário Lange;2024;10400
3511706;SP;Charqueada;2024;7339
3511904;SP;Clementina;2024;16785
3512001;SP;Colina;2024;13025
3512100;SP;Colômbia;2024;13854
3512209;SP;Conchal;2024;2280
3512308;SP;Conchas;2024;64800
3512407;SP;Cordeirópolis;2024;651
3512506;SP;Coroados;2024;12000
3512605;SP;Coronel Macedo;2024;14800
3512704;SP;Corumbataí;2024;18207
3512803;SP;Cosmópolis;2024;1462
3512902;SP;Cosmorama;2024;30484
3513108;SP;Cravinhos;2024;5000
3513207;SP;Cristais Paulista;2024;21600
3513306;SP;Cruzália;2024;820
3513405;SP;Cruzeiro;2024;17500
3513603;SP;Cunha;2024;120000
3513702;SP;Descalvado;2024;29920
3513850;SP;Dirce Reis;2024;10905
3513900;SP;Divinolândia;2024;24000
3514007;SP;Dobrada;2024;803
3514106;SP;Dois Córregos;2024;13894
3514205;SP;Dolcinópolis;2024;5400
3514304;SP;Dourado;2024;10980
3514403;SP;Dracena;2024;27600
3514502;SP;Duartina;2024;21500
3514601;SP;Dumont;2024;295
3514700;SP;Echaporã;2024;37000
3514809;SP;Eldorado;2024;9900
3514908;SP;Elias Fausto;2024;12750
3514924;SP;Elisiário;2024;1470
3514957;SP;Embaúba;2024;910
3515129;SP;Emilianópolis;2024;27271
3515152;SP;Engenheiro Coelho;2024;4110
3515186;SP;Espírito Santo do Pinhal;2024;17450
3515194;SP;Espírito Santo do Turvo;2024;15500
3515202;SP;Estrela d'Oeste;2024;34195
3515301;SP;Estrela do Norte;2024;12085
3515350;SP;Euclides da Cunha Paulista;2024;53918
3515400;SP;Fartura;2024;45656
3515509;SP;Fernandópolis;2024;47000
3515608;SP;Fernando Prestes;2024;3120
3515657;SP;Fernão;2024;6047
3515707;SP;Ferraz de Vasconcelos;2024;66
3515806;SP;Flora Rica;2024;21140
3515905;SP;Floreal;2024;18495
3516002;SP;Flórida Paulista;2024;48580
3516101;SP;Florínea;2024;645
3516200;SP;Franca;2024;17950
3516309;SP;Francisco Morato;2024;120
3516408;SP;Franco da Rocha;2024;74
3516507;SP;Gabriel Monteiro;2024;13224
3516606;SP;Gália;2024;17784
3516705;SP;Garça;2024;33657
3516804;SP;Gastão Vidigal;2024;12521
3516853;SP;Gavião Peixoto;2024;1563
3516903;SP;General Salgado;2024;43567
3517000;SP;Getulina;2024;37717
3517109;SP;Glicério;2024;14030
3517208;SP;Guaiçara;2024;27724
3517307;SP;Guaimbê;2024;17470
3517406;SP;Guaíra;2024;19458
3517505;SP;Guapiaçu;2024;11255
3517604;SP;Guapiara;2024;6543
3517703;SP;Guará;2024;4552
3517802;SP;Guaraçaí;2024;45285
3517901;SP;Guaraci;2024;20988
3518008;SP;Guarani d'Oeste;2024;10980
3518107;SP;Guarantã;2024;39269
3518206;SP;Guararapes;2024;49961
3518305;SP;Guararema;2024;10710
3518404;SP;Guaratinguetá;2024;58000
3518503;SP;Guareí;2024;37410
3518602;SP;Guariba;2024;568
3518859;SP;Guatapará;2024;4500
3518909;SP;Guzolândia;2024;34673
3519006;SP;Herculândia;2024;32220
3519055;SP;Holambra;2024;1290
3519105;SP;Iacanga;2024;15400
3519204;SP;Iacri;2024;27484
3519253;SP;Iaras;2024;7512
3519303;SP;Ibaté;2024;4950
3519402;SP;Ibirá;2024;14258
3519501;SP;Ibirarema;2024;3850
3519600;SP;Ibitinga;2024;10350
3519709;SP;Ibiúna;2024;2200
3519808;SP;Icém;2024;9860
3519907;SP;Iepê;2024;14539
3520004;SP;Igaraçu do Tietê;2024;282
3520103;SP;Igarapava;2024;8432
3520202;SP;Igaratá;2024;9000
3520301;SP;Iguape;2024;5050
3520400;SP;Ilhabela;2024;30
3520442;SP;Ilha Solteira;2024;19301
3520509;SP;Indaiatuba;2024;9900
3520608;SP;Indiana;2024;16064
3520707;SP;Indiaporã;2024;30400
3520806;SP;Inúbia Paulista;2024;9500
3520905;SP;Ipaussu;2024;3800
3521002;SP;Iperó;2024;5200
3521101;SP;Ipeúna;2024;11988
3521150;SP;Ipiguá;2024;7950
3521200;SP;Iporanga;2024;1760
3521309;SP;Ipuã;2024;3773
3521408;SP;Iracemápolis;2024;35
3521507;SP;Irapuã;2024;15200
3521606;SP;Irapuru;2024;19830
3521705;SP;Itaberá;2024;20700
3521804;SP;Itaí;2024;19065
3521903;SP;Itajobi;2024;7420
3522000;SP;Itaju;2024;10649
3522109;SP;Itanhaém;2024;300
3522158;SP;Itaoca;2024;7556
3522307;SP;Itapetininga;2024;55375
3522406;SP;Itapeva;2024;24558
3522604;SP;Itapira;2024;37170
3522653;SP;Itapirapuã Paulista;2024;2360
3522703;SP;Itápolis;2024;29760
3522802;SP;Itaporanga;2024;27200
3522901;SP;Itapuí;2024;1234
3523008;SP;Itapura;2024;11270
3523107;SP;Itaquaquecetuba;2024;420
3523206;SP;Itararé;2024;22700
3523305;SP;Itariri;2024;378
3523404;SP;Itatiba;2024;22728
3523503;SP;Itatinga;2024;17720
3523602;SP;Itirapina;2024;20149
3523701;SP;Itirapuã;2024;9100
3523800;SP;Itobi;2024;16000
3523909;SP;Itu;2024;29800
3524006;SP;Itupeva;2024;8750
3524105;SP;Ituverava;2024;17153
3524204;SP;Jaborandi;2024;2956
3524303;SP;Jaboticabal;2024;5408
3524402;SP;Jacareí;2024;20700
3524501;SP;Jaci;2024;6816
3524600;SP;Jacupiranga;2024;7400
3524709;SP;Jaguariúna;2024;3197
3524808;SP;Jales;2024;40470
3524907;SP;Jambeiro;2024;14500
3525102;SP;Jardinópolis;2024;8000
3525201;SP;Jarinu;2024;4560
3525300;SP;Jaú;2024;9612
3525409;SP;Jeriquara;2024;1300
3525508;SP;Joanópolis;2024;21500
3525607;SP;João Ramalho;2024;18123
3525706;SP;José Bonifácio;2024;63600
3525805;SP;Júlio Mesquita;2024;9755
3525854;SP;Jumirim;2024;10000
3525904;SP;Jundiaí;2024;3600
3526001;SP;Junqueirópolis;2024;35100
3526100;SP;Juquiá;2024;6550
3526308;SP;Lagoinha;2024;23520
3526407;SP;Laranjal Paulista;2024;37292
3526506;SP;Lavínia;2024;46863
3526605;SP;Lavrinhas;2024;10500
3526704;SP;Leme;2024;1700
3526803;SP;Lençóis Paulista;2024;4000
3526902;SP;Limeira;2024;14513
3527009;SP;Lindóia;2024;3558
3527108;SP;Lins;2024;18638
3527207;SP;Lorena;2024;31254
3527256;SP;Lourdes;2024;7501
3527306;SP;Louveira;2024;1250
3527405;SP;Lucélia;2024;30760
3527504;SP;Lucianópolis;2024;8300
3527603;SP;Luís Antônio;2024;18200
3527702;SP;Luiziânia;2024;10303
3527801;SP;Lupércio;2024;10572
3527900;SP;Lutécia;2024;35810
3528007;SP;Macatuba;2024;820
3528106;SP;Macaubal;2024;27000
3528205;SP;Macedônia;2024;33520
3528304;SP;Magda;2024;14078
3528403;SP;Mairinque;2024;2600
3528502;SP;Mairiporã;2024;187
3528601;SP;Manduri;2024;8067
3528700;SP;Marabá Paulista;2024;104241
3528809;SP;Maracaí;2024;6700
3528858;SP;Marapoama;2024;2140
3528908;SP;Mariápolis;2024;32850
3529005;SP;Marília;2024;109352
3529104;SP;Marinópolis;2024;11065
3529203;SP;Martinópolis;2024;80210
3529302;SP;Matão;2024;5066
3529401;SP;Mauá;2024;46
3529500;SP;Mendonça;2024;9200
3529609;SP;Meridiano;2024;15430
3529658;SP;Mesópolis;2024;6459
3529708;SP;Miguelópolis;2024;5255
3529807;SP;Mineiros do Tietê;2024;4204
3529906;SP;Miracatu;2024;3200
3530003;SP;Mira Estrela;2024;21967
3530102;SP;Mirandópolis;2024;77795
3530201;SP;Mirante do Paranapanema;2024;138268
3530300;SP;Mirassol;2024;16990
3530409;SP;Mirassolândia;2024;12985
3530508;SP;Mococa;2024;55000
3530607;SP;Mogi das Cruzes;2024;4290
3530706;SP;Mogi Guaçu;2024;15300
3530805;SP;Mogi Mirim;2024;17700
3530904;SP;Mombuca;2024;2816
3531001;SP;Monções;2024;6646
3531100;SP;Mongaguá;2024;13
3531209;SP;Monte Alegre do Sul;2024;4844
3531308;SP;Monte Alto;2024;15820
3531407;SP;Monte Aprazível;2024;29000
3531506;SP;Monte Azul Paulista;2024;6400
3531605;SP;Monte Castelo;2024;12900
3531704;SP;Monteiro Lobato;2024;12000
3531803;SP;Monte Mor;2024;8450
3531902;SP;Morro Agudo;2024;13446
3532009;SP;Morungaba;2024;6816
3532058;SP;Motuca;2024;946
3532108;SP;Murutinga do Sul;2024;27146
3532157;SP;Nantes;2024;6576
3532207;SP;Narandiba;2024;7484
3532306;SP;Natividade da Serra;2024;23400
3532405;SP;Nazaré Paulista;2024;5650
3532504;SP;Neves Paulista;2024;17219
3532603;SP;Nhandeara;2024;32422
3532702;SP;Nipoã;2024;7771
3532801;SP;Nova Aliança;2024;10753
3532827;SP;Nova Campina;2024;2231
3532843;SP;Nova Canaã Paulista;2024;17330
3532868;SP;Nova Castilho;2024;15228
3532900;SP;Nova Europa;2024;648
3533007;SP;Nova Granada;2024;40089
3533106;SP;Nova Guataporanga;2024;4100
3533205;SP;Nova Independência;2024;8383
3533254;SP;Novais;2024;1090
3533304;SP;Nova Luzitânia;2024;10068
3533403;SP;Nova Odessa;2024;270
3533502;SP;Novo Horizonte;2024;24900
3533601;SP;Nuporanga;2024;3025
3533700;SP;Ocauçu;2024;20575
3533809;SP;Óleo;2024;8181
3533908;SP;Olímpia;2024;15745
3534005;SP;Onda Verde;2024;1380
3534104;SP;Oriente;2024;15515
3534203;SP;Orindiúva;2024;5985
3534302;SP;Orlândia;2024;3488
3534500;SP;Oscar Bressane;2024;27490
3534609;SP;Osvaldo Cruz;2024;29300
3534708;SP;Ourinhos;2024;5600
3534757;SP;Ouroeste;2024;17219
3534807;SP;Ouro Verde;2024;18000
3534906;SP;Pacaembu;2024;42680
3535002;SP;Palestina;2024;40089
3535101;SP;Palmares Paulista;2024;80
3535200;SP;Palmeira d'Oeste;2024;55840
3535309;SP;Palmital;2024;4300
3535408;SP;Panorama;2024;14000
3535507;SP;Paraguaçu Paulista;2024;32750
3535606;SP;Paraibuna;2024;33000
3535705;SP;Paraíso;2024;920
3535804;SP;Paranapanema;2024;27742
3535903;SP;Paranapuã;2024;7300
3536000;SP;Parapuã;2024;27088
3536109;SP;Pardinho;2024;11700
3536208;SP;Pariquera-Açu;2024;3230
3536257;SP;Parisi;2024;12560
3536307;SP;Patrocínio Paulista;2024;22900
3536406;SP;Paulicéia;2024;13300
3536505;SP;Paulínia;2024;310
3536570;SP;Paulistânia;2024;7000
3536604;SP;Paulo de Faria;2024;28978
3536703;SP;Pederneiras;2024;26431
3536802;SP;Pedra Bela;2024;11700
3536901;SP;Pedranópolis;2024;39407
3537008;SP;Pedregulho;2024;7850
3537107;SP;Pedreira;2024;8636
3537156;SP;Pedrinhas Paulista;2024;1350
3537206;SP;Pedro de Toledo;2024;1180
3537305;SP;Penápolis;2024;22630
3537404;SP;Pereira Barreto;2024;71325
3537503;SP;Pereiras;2024;35127
3537602;SP;Peruíbe;2024;300
3537701;SP;Piacatu;2024;23500
3537800;SP;Piedade;2024;9800
3537909;SP;Pilar do Sul;2024;11653
3538006;SP;Pindamonhangaba;2024;55798
3538105;SP;Pindorama;2024;2610
3538204;SP;Pinhalzinho;2024;8450
3538303;SP;Piquerobi;2024;81886
3538501;SP;Piquete;2024;8500
3538600;SP;Piracaia;2024;15500
3538709;SP;Piracicaba;2024;52215
3538808;SP;Piraju;2024;22089
3538907;SP;Pirajuí;2024;54500
3539004;SP;Pirangi;2024;1930
3539202;SP;Pirapozinho;2024;25211
3539301;SP;Pirassununga;2024;8800
3539400;SP;Piratininga;2024;28589
3539509;SP;Pitangueiras;2024;6581
3539608;SP;Planalto;2024;10181
3539707;SP;Platina;2024;8450
3539806;SP;Poá;2024;42
3539905;SP;Poloni;2024;8500
3540002;SP;Pompéia;2024;68478
3540101;SP;Pongaí;2024;17696
3540200;SP;Pontal;2024;300
3540259;SP;Pontalinda;2024;17930
3540309;SP;Pontes Gestal;2024;10495
3540408;SP;Populina;2024;17950
3540507;SP;Porangaba;2024;33680
3540606;SP;Porto Feliz;2024;17900
3540705;SP;Porto Ferreira;2024;3020
3540754;SP;Potim;2024;5400
3540804;SP;Potirendaba;2024;39250
3540853;SP;Pracinha;2024;7532
3540903;SP;Pradópolis;2024;295
3541059;SP;Pratânia;2024;3750
3541109;SP;Presidente Alves;2024;21619
3541208;SP;Presidente Bernardes;2024;151407
3541307;SP;Presidente Epitácio;2024;90731
3541406;SP;Presidente Prudente;2024;66619
3541505;SP;Presidente Venceslau;2024;114230
3541604;SP;Promissão;2024;52529
3541653;SP;Quadra;2024;10000
3541703;SP;Quatá;2024;23105
3541802;SP;Queiroz;2024;8697
3541901;SP;Queluz;2024;11014
3542008;SP;Quintana;2024;31264
3542107;SP;Rafard;2024;4250
3542206;SP;Rancharia;2024;106581
3542305;SP;Redenção da Serra;2024;16700
3542404;SP;Regente Feijó;2024;28400
3542503;SP;Reginópolis;2024;20500
3542602;SP;Registro;2024;10520
3542701;SP;Restinga;2024;6350
3542800;SP;Ribeira;2024;4665
3542909;SP;Ribeirão Bonito;2024;9920
3543006;SP;Ribeirão Branco;2024;10617
3543105;SP;Ribeirão Corrente;2024;3800
3543204;SP;Ribeirão do Sul;2024;3400
3543238;SP;Ribeirão dos Índios;2024;24037
3543253;SP;Ribeirão Grande;2024;3051
3543303;SP;Ribeirão Pires;2024;44
3543402;SP;Ribeirão Preto;2024;3000
3543501;SP;Riversul;2024;27000
3543600;SP;Rifaina;2024;3080
3543709;SP;Rincão;2024;5535
3543808;SP;Rinópolis;2024;34069
3543907;SP;Rio Claro;2024;17580
3544004;SP;Rio das Pedras;2024;2202
3544103;SP;Rio Grande da Serra;2024;32
3544202;SP;Riolândia;2024;39614
3544251;SP;Rosana;2024;62607
3544301;SP;Roseira;2024;7594
3544400;SP;Rubiácea;2024;19341
3544509;SP;Rubinéia;2024;19397
3544608;SP;Sabino;2024;11294
3544707;SP;Sagres;2024;10540
3544806;SP;Sales;2024;23000
3544905;SP;Sales Oliveira;2024;4464
3545001;SP;Salesópolis;2024;4620
3545100;SP;Salmourão;2024;11465
3545159;SP;Saltinho;2024;5971
3545209;SP;Salto;2024;3850
3545308;SP;Salto de Pirapora;2024;6800
3545407;SP;Salto Grande;2024;3500
3545506;SP;Sandovalina;2024;21275
3545605;SP;Santa Adélia;2024;3300
3545704;SP;Santa Albertina;2024;24610
3545803;SP;Santa Bárbara d'Oeste;2024;1995
3546009;SP;Santa Branca;2024;11200
3546108;SP;Santa Clara d'Oeste;2024;18800
3546207;SP;Santa Cruz da Conceição;2024;7250
3546256;SP;Santa Cruz da Esperança;2024;1600
3546306;SP;Santa Cruz das Palmeiras;2024;1340
3546405;SP;Santa Cruz do Rio Pardo;2024;47500
3546504;SP;Santa Ernestina;2024;428
3546603;SP;Santa Fé do Sul;2024;24297
3546702;SP;Santa Gertrudes;2024;519
3546801;SP;Santa Isabel;2024;7000
3546900;SP;Santa Lúcia;2024;318
3547007;SP;Santa Maria da Serra;2024;12298
3547106;SP;Santa Mercedes;2024;9300
3547205;SP;Santana da Ponte Pensa;2024;19415
3547304;SP;Santana de Parnaíba;2024;1100
3547403;SP;Santa Rita d'Oeste;2024;19335
3547502;SP;Santa Rita do Passa Quatro;2024;23545
3547601;SP;Santa Rosa de Viterbo;2024;8900
3547650;SP;Santa Salete;2024;11522
3547700;SP;Santo Anastácio;2024;88043
3547908;SP;Santo Antônio da Alegria;2024;19600
3548005;SP;Santo Antônio de Posse;2024;4400
3548054;SP;Santo Antônio do Aracanguá;2024;87674
3548104;SP;Santo Antônio do Jardim;2024;5890
3548203;SP;Santo Antônio do Pinhal;2024;3692
3548302;SP;Santo Expedito;2024;13352
3548401;SP;Santópolis do Aguapeí;2024;6887
3548609;SP;São Bento do Sapucaí;2024;12000
3548906;SP;São Carlos;2024;38200
3549003;SP;São Francisco;2024;13195
3549102;SP;São João da Boa Vista;2024;47200
3549201;SP;São João das Duas Pontes;2024;10293
3549250;SP;São João de Iracema;2024;8663
3549300;SP;São João do Pau d'Alho;2024;3000
3549409;SP;São Joaquim da Barra;2024;4697
3549508;SP;São José da Bela Vista;2024;1300
3549607;SP;São José do Barreiro;2024;14850
3549706;SP;São José do Rio Pardo;2024;40000
3549805;SP;São José do Rio Preto;2024;20145
3549904;SP;São José dos Campos;2024;83000
3550001;SP;São Luiz do Paraitinga;2024;41850
3550100;SP;São Manuel;2024;8400
3550209;SP;São Miguel Arcanjo;2024;14835
3550308;SP;São Paulo;2024;495
3550407;SP;São Pedro;2024;33157
3550506;SP;São Pedro do Turvo;2024;28000
3550605;SP;São Roque;2024;2100
3550704;SP;São Sebastião;2024;42
3550803;SP;São Sebastião da Grama;2024;16800
3550902;SP;São Simão;2024;10800
3551108;SP;Sarapuí;2024;18450
3551207;SP;Sarutaiá;2024;3853
3551306;SP;Sebastianópolis do Sul;2024;9956
3551405;SP;Serra Azul;2024;1800
3551504;SP;Serrana;2024;1550
3551603;SP;Serra Negra;2024;10509
3551702;SP;Sertãozinho;2024;16915
3551801;SP;Sete Barras;2024;7400
3551900;SP;Severínia;2024;2090
3552007;SP;Silveiras;2024;21400
3552106;SP;Socorro;2024;45500
3552205;SP;Sorocaba;2024;8400
3552304;SP;Sud Mennucci;2024;45694
3552403;SP;Sumaré;2024;2510
3552502;SP;Suzano;2024;1101
3552551;SP;Suzanápolis;2024;28807
3552601;SP;Tabapuã;2024;5110
3552700;SP;Tabatinga;2024;6148
3552908;SP;Taciba;2024;25293
3553005;SP;Taguaí;2024;18361
3553104;SP;Taiaçu;2024;1720
3553203;SP;Taiúva;2024;660
3553302;SP;Tambaú;2024;9280
3553401;SP;Tanabi;2024;40000
3553500;SP;Tapiraí;2024;1030
3553609;SP;Tapiratiba;2024;18100
3553658;SP;Taquaral;2024;82
3553708;SP;Taquaritinga;2024;5480
3553807;SP;Taquarituba;2024;18253
3553856;SP;Taquarivaí;2024;3212
3553906;SP;Tarabai;2024;20943
3553955;SP;Tarumã;2024;3470
3554003;SP;Tatuí;2024;15000
3554102;SP;Taubaté;2024;38015
3554201;SP;Tejupá;2024;12358
3554300;SP;Teodoro Sampaio;2024;80070
3554409;SP;Terra Roxa;2024;1595
3554508;SP;Tietê;2024;30600
3554607;SP;Timburi;2024;10432
3554656;SP;Torre de Pedra;2024;7600
3554706;SP;Torrinha;2024;20834
3554755;SP;Trabiju;2024;2059
3554805;SP;Tremembé;2024;8250
3554904;SP;Três Fronteiras;2024;18950
3554953;SP;Tuiuti;2024;10200
3555000;SP;Tupã;2024;48784
3555109;SP;Tupi Paulista;2024;14600
3555208;SP;Turiúba;2024;14635
3555307;SP;Turmalina;2024;13454
3555356;SP;Ubarana;2024;4200
3555406;SP;Ubatuba;2024;131
3555505;SP;Ubirajara;2024;14500
3555604;SP;Uchoa;2024;9268
3555703;SP;União Paulista;2024;2900
3555802;SP;Urânia;2024;23005
3555901;SP;Uru;2024;8960
3556008;SP;Urupês;2024;8520
3556107;SP;Valentim Gentil;2024;14700
3556206;SP;Valinhos;2024;3000
3556305;SP;Valparaíso;2024;27817
3556354;SP;Vargem;2024;6800
3556404;SP;Vargem Grande do Sul;2024;22200
3556503;SP;Várzea Paulista;2024;96
3556602;SP;Vera Cruz;2024;22540
3556701;SP;Vinhedo;2024;1890
3556800;SP;Viradouro;2024;1370
3556909;SP;Vista Alegre do Alto;2024;786
3556958;SP;Vitória Brasil;2024;4150
3557006;SP;Votorantim;2024;1770
3557105;SP;Votuporanga;2024;32293
3557154;SP;Zacarias;2024;11932
3557204;SP;Chavantes;2024;1550
3557303;SP;Estiva Gerbi;2024;2150
4100103;PR;Abatiá;2024;13727
4100202;PR;Adrianópolis;2024;14427
4100301;PR;Agudos do Sul;2024;3570
4100400;PR;Almirante Tamandaré;2024;497
4100459;PR;Altamira do Paraná;2024;71117
4100509;PR;Altônia;2024;64861
4100608;PR;Alto Paraná;2024;41989
4100707;PR;Alto Piquiri;2024;7160
4100806;PR;Alvorada do Sul;2024;5386
4100905;PR;Amaporã;2024;38404
4101002;PR;Ampére;2024;30324
4101051;PR;Anahy;2024;4518
4101101;PR;Andirá;2024;1570
4101150;PR;Ângulo;2024;7838
4101200;PR;Antonina;2024;289
4101309;PR;Antônio Olinto;2024;3700
4101408;PR;Apucarana;2024;16819
4101507;PR;Arapongas;2024;4729
4101606;PR;Arapoti;2024;50762
4101655;PR;Arapuã;2024;17526
4101705;PR;Araruna;2024;18088
4101804;PR;Araucária;2024;4403
4101853;PR;Ariranha do Ivaí;2024;7782
4101903;PR;Assaí;2024;9638
4102000;PR;Assis Chateaubriand;2024;6816
4102109;PR;Astorga;2024;24090
4102208;PR;Atalaia;2024;7101
4102307;PR;Balsa Nova;2024;8180
4102406;PR;Bandeirantes;2024;10007
4102505;PR;Barbosa Ferraz;2024;45351
4102604;PR;Barracão;2024;13363
4102703;PR;Barra do Jacaré;2024;3782
4102752;PR;Bela Vista da Caroba;2024;12531
4102802;PR;Bela Vista do Paraíso;2024;4580
4102901;PR;Bituruna;2024;17306
4103008;PR;Boa Esperança;2024;3128
4103024;PR;Boa Esperança do Iguaçu;2024;13232
4103040;PR;Boa Ventura de São Roque;2024;27146
4103057;PR;Boa Vista da Aparecida;2024;27152
4103107;PR;Bocaiúva do Sul;2024;4459
4103156;PR;Bom Jesus do Sul;2024;18317
4103206;PR;Bom Sucesso;2024;17305
4103222;PR;Bom Sucesso do Sul;2024;2505
4103305;PR;Borrazópolis;2024;15430
4103354;PR;Braganey;2024;17666
4103370;PR;Brasilândia do Sul;2024;3355
4103404;PR;Cafeara;2024;11702
4103453;PR;Cafelândia;2024;3890
4103479;PR;Cafezal do Sul;2024;28788
4103503;PR;Califórnia;2024;6558
4103602;PR;Cambará;2024;3377
4103701;PR;Cambé;2024;2453
4103800;PR;Cambira;2024;7538
4103909;PR;Campina da Lagoa;2024;60152
4103958;PR;Campina do Simão;2024;10110
4104006;PR;Campina Grande do Sul;2024;3319
4104055;PR;Campo Bonito;2024;20318
4104105;PR;Campo do Tenente;2024;3520
4104204;PR;Campo Largo;2024;9872
4104253;PR;Campo Magro;2024;2388
4104303;PR;Campo Mourão;2024;11683
4104402;PR;Cândido de Abreu;2024;88837
4104428;PR;Candói;2024;83860
4104451;PR;Cantagalo;2024;32620
4104501;PR;Capanema;2024;22933
4104600;PR;Capitão Leônidas Marques;2024;24277
4104659;PR;Carambeí;2024;58525
4104709;PR;Carlópolis;2024;28557
4104808;PR;Cascavel;2024;68783
4104907;PR;Castro;2024;134820
4105003;PR;Catanduvas;2024;39141
4105102;PR;Centenário do Sul;2024;13759
4105201;PR;Cerro Azul;2024;29574
4105300;PR;Céu Azul;2024;16933
4105409;PR;Chopinzinho;2024;50133
4105508;PR;Cianorte;2024;59367
4105607;PR;Cidade Gaúcha;2024;37235
4105706;PR;Clevelândia;2024;11339
4105805;PR;Colombo;2024;704
4105904;PR;Colorado;2024;20137
4106001;PR;Congonhinhas;2024;26425
4106100;PR;Conselheiro Mairinck;2024;20548
4106209;PR;Contenda;2024;2170
4106308;PR;Corbélia;2024;9407
4106407;PR;Cornélio Procópio;2024;22328
4106456;PR;Coronel Domingos Soares;2024;49950
4106506;PR;Coronel Vivida;2024;34901
4106555;PR;Corumbataí do Sul;2024;17564
4106571;PR;Cruzeiro do Iguaçu;2024;11383
4106605;PR;Cruzeiro do Oeste;2024;56957
4106704;PR;Cruzeiro do Sul;2024;12334
4106803;PR;Cruz Machado;2024;10700
4106852;PR;Cruzmaltina;2024;12132
4106902;PR;Curitiba;2024;806
4107009;PR;Curiúva;2024;35064
4107108;PR;Diamante do Norte;2024;20240
4107124;PR;Diamante do Sul;2024;32900
4107157;PR;Diamante D'Oeste;2024;28483
4107207;PR;Dois Vizinhos;2024;29089
4107256;PR;Douradina;2024;50293
4107306;PR;Doutor Camargo;2024;1385
4107405;PR;Enéas Marques;2024;22269
4107504;PR;Engenheiro Beltrão;2024;6021
4107520;PR;Esperança Nova;2024;29575
4107538;PR;Entre Rios do Oeste;2024;4815
4107546;PR;Espigão Alto do Iguaçu;2024;21100
4107553;PR;Farol;2024;9766
4107603;PR;Faxinal;2024;31570
4107652;PR;Fazenda Rio Grande;2024;680
4107702;PR;Fênix;2024;2923
4107736;PR;Fernandes Pinheiro;2024;4577
4107751;PR;Figueira;2024;7933
4107801;PR;Floraí;2024;2824
4107850;PR;Flor da Serra do Sul;2024;14494
4107900;PR;Floresta;2024;668
4108007;PR;Florestópolis;2024;2320
4108106;PR;Flórida;2024;6519
4108205;PR;Formosa do Oeste;2024;10360
4108304;PR;Foz do Iguaçu;2024;2270
4108320;PR;Francisco Alves;2024;15003
4108403;PR;Francisco Beltrão;2024;41831
4108452;PR;Foz do Jordão;2024;5320
4108502;PR;General Carneiro;2024;10900
4108551;PR;Godoy Moreira;2024;10989
4108601;PR;Goioerê;2024;13131
4108650;PR;Goioxim;2024;33960
4108700;PR;Grandes Rios;2024;37389
4108809;PR;Guaíra;2024;3176
4108908;PR;Guairaçá;2024;45224
4108957;PR;Guamiranga;2024;7240
4109005;PR;Guapirama;2024;17661
4109104;PR;Guaporema;2024;12009
4109203;PR;Guaraci;2024;23470
4109302;PR;Guaraniaçu;2024;121100
4109401;PR;Guarapuava;2024;49710
4109500;PR;Guaraqueçaba;2024;835
4109609;PR;Guaratuba;2024;1523
4109658;PR;Honório Serpa;2024;28962
4109708;PR;Ibaiti;2024;69984
4109757;PR;Ibema;2024;9219
4109807;PR;Ibiporã;2024;6148
4109906;PR;Icaraíma;2024;81181
4110003;PR;Iguaraçu;2024;6203
4110052;PR;Iguatu;2024;4873
4110078;PR;Imbaú;2024;3542
4110102;PR;Imbituva;2024;10640
4110201;PR;Inácio Martins;2024;7615
4110300;PR;Inajá;2024;6891
4110409;PR;Indianópolis;2024;10231
4110508;PR;Ipiranga;2024;8117
4110607;PR;Iporã;2024;44500
4110656;PR;Iracema do Oeste;2024;1087
4110706;PR;Irati;2024;11068
4110805;PR;Iretama;2024;45931
4110904;PR;Itaguajé;2024;11616
4110953;PR;Itaipulândia;2024;5528
4111001;PR;Itambaracá;2024;1782
4111100;PR;Itambé;2024;1965
4111209;PR;Itapejara d'Oeste;2024;8948
4111258;PR;Itaperuçu;2024;3750
4111308;PR;Itaúna do Sul;2024;12452
4111407;PR;Ivaí;2024;18140
4111506;PR;Ivaiporã;2024;19152
4111555;PR;Ivaté;2024;25450
4111605;PR;Ivatuba;2024;116
4111704;PR;Jaboti;2024;14551
4111803;PR;Jacarezinho;2024;39678
4111902;PR;Jaguapitã;2024;27143
4112009;PR;Jaguariaíva;2024;28901
4112108;PR;Jandaia do Sul;2024;10813
4112207;PR;Janiópolis;2024;19582
4112306;PR;Japira;2024;15740
4112405;PR;Japurá;2024;4043
4112504;PR;Jardim Alegre;2024;24483
4112603;PR;Jardim Olinda;2024;4897
4112702;PR;Jataizinho;2024;9582
4112751;PR;Jesuítas;2024;10222
4112801;PR;Joaquim Távora;2024;41833
4112900;PR;Jundiaí do Sul;2024;36096
4112959;PR;Juranda;2024;2755
4113007;PR;Jussara;2024;1376
4113106;PR;Kaloré;2024;6500
4113205;PR;Lapa;2024;35000
4113254;PR;Laranjal;2024;80528
4113304;PR;Laranjeiras do Sul;2024;48600
4113403;PR;Leópolis;2024;16688
4113429;PR;Lidianópolis;2024;9380
4113452;PR;Lindoeste;2024;30374
4113502;PR;Loanda;2024;85841
4113601;PR;Lobato;2024;9298
4113700;PR;Londrina;2024;41334
4113734;PR;Luiziana;2024;34410
4113759;PR;Lunardelli;2024;9162
4113809;PR;Lupionópolis;2024;6901
4113908;PR;Mallet;2024;4366
4114005;PR;Mamborê;2024;6917
4114104;PR;Mandaguaçu;2024;8938
4114203;PR;Mandaguari;2024;28024
4114302;PR;Mandirituba;2024;2800
4114351;PR;Manfrinópolis;2024;23819
4114401;PR;Mangueirinha;2024;41105
4114500;PR;Manoel Ribas;2024;36340
4114609;PR;Marechal Cândido Rondon;2024;35696
4114708;PR;Maria Helena;2024;58274
4114807;PR;Marialva;2024;11771
4114906;PR;Marilândia do Sul;2024;8482
4115002;PR;Marilena;2024;23508
4115101;PR;Mariluz;2024;14428
4115200;PR;Maringá;2024;4242
4115309;PR;Mariópolis;2024;5595
4115358;PR;Maripá;2024;7089
4115408;PR;Marmeleiro;2024;16607
4115457;PR;Marquinho;2024;55300
4115507;PR;Marumbi;2024;11538
4115606;PR;Matelândia;2024;27757
4115705;PR;Matinhos;2024;7
4115739;PR;Mato Rico;2024;29247
4115754;PR;Mauá da Serra;2024;2546
4115804;PR;Medianeira;2024;24716
4115853;PR;Mercedes;2024;10276
4115903;PR;Mirador;2024;13645
4116000;PR;Miraselva;2024;5277
4116059;PR;Missal;2024;22579
4116109;PR;Moreira Sales;2024;27760
4116208;PR;Morretes;2024;1438
4116307;PR;Munhoz de Melo;2024;10238
4116406;PR;Nossa Senhora das Graças;2024;10797
4116505;PR;Nova Aliança do Ivaí;2024;12763
4116604;PR;Nova América da Colina;2024;4981
4116703;PR;Nova Aurora;2024;10575
4116802;PR;Nova Cantu;2024;38096
4116901;PR;Nova Esperança;2024;32313
4116950;PR;Nova Esperança do Sudoeste;2024;30065
4117008;PR;Nova Fátima;2024;12846
4117057;PR;Nova Laranjeiras;2024;99300
4117107;PR;Nova Londrina;2024;26866
4117206;PR;Nova Olímpia;2024;15168
4117214;PR;Nova Santa Bárbara;2024;537
4117222;PR;Nova Santa Rosa;2024;13475
4117255;PR;Nova Prata do Iguaçu;2024;24715
4117271;PR;Nova Tebas;2024;61082
4117297;PR;Novo Itacolomi;2024;15441
4117305;PR;Ortigueira;2024;146008
4117404;PR;Ourizona;2024;606
4117453;PR;Ouro Verde do Oeste;2024;20067
4117503;PR;Paiçandu;2024;1530
4117602;PR;Palmas;2024;31955
4117701;PR;Palmeira;2024;26001
4117800;PR;Palmital;2024;107056
4117909;PR;Palotina;2024;7546
4118006;PR;Paraíso do Norte;2024;6475
4118105;PR;Paranacity;2024;6291
4118204;PR;Paranaguá;2024;729
4118303;PR;Paranapoema;2024;10128
4118402;PR;Paranavaí;2024;126590
4118451;PR;Pato Bragado;2024;6855
4118501;PR;Pato Branco;2024;18855
4118600;PR;Paula Freitas;2024;4145
4118709;PR;Paulo Frontin;2024;4114
4118808;PR;Peabiru;2024;12511
4118857;PR;Perobal;2024;27416
4118907;PR;Pérola;2024;43845
4119004;PR;Pérola d'Oeste;2024;7811
4119103;PR;Piên;2024;2040
4119152;PR;Pinhais;2024;417
4119202;PR;Pinhalão;2024;7433
4119251;PR;Pinhal de São Bento;2024;12307
4119301;PR;Pinhão;2024;65840
4119400;PR;Piraí do Sul;2024;28888
4119509;PR;Piraquara;2024;2350
4119608;PR;Pitanga;2024;80151
4119657;PR;Pitangueiras;2024;1364
4119707;PR;Planaltina do Paraná;2024;43263
4119806;PR;Planalto;2024;24834
4119905;PR;Ponta Grossa;2024;27695
4119954;PR;Pontal do Paraná;2024;36
4120002;PR;Porecatu;2024;2793
4120101;PR;Porto Amazonas;2024;4599
4120150;PR;Porto Barreiro;2024;27600
4120200;PR;Porto Rico;2024;24071
4120309;PR;Porto Vitória;2024;5450
4120333;PR;Prado Ferreira;2024;1584
4120358;PR;Pranchita;2024;5340
4120408;PR;Presidente Castelo Branco;2024;5000
4120507;PR;Primeiro de Maio;2024;4166
4120606;PR;Prudentópolis;2024;85300
4120655;PR;Quarto Centenário;2024;2653
4120705;PR;Quatiguá;2024;18417
4120804;PR;Quatro Barras;2024;440
4120853;PR;Quatro Pontes;2024;7429
4120903;PR;Quedas do Iguaçu;2024;55100
4121000;PR;Querência do Norte;2024;79037
4121109;PR;Quinta do Sol;2024;4771
4121208;PR;Quitandinha;2024;2900
4121257;PR;Ramilândia;2024;24083
4121307;PR;Rancho Alegre;2024;344
4121356;PR;Rancho Alegre D'Oeste;2024;2176
4121406;PR;Realeza;2024;21599
4121505;PR;Rebouças;2024;4610
4121604;PR;Renascença;2024;9897
4121703;PR;Reserva;2024;84379
4121752;PR;Reserva do Iguaçu;2024;28100
4121802;PR;Ribeirão Claro;2024;71137
4121901;PR;Ribeirão do Pinhal;2024;20535
4122008;PR;Rio Azul;2024;6641
4122107;PR;Rio Bom;2024;14274
4122156;PR;Rio Bonito do Iguaçu;2024;43400
4122172;PR;Rio Branco do Ivaí;2024;14726
4122206;PR;Rio Branco do Sul;2024;21587
4122305;PR;Rio Negro;2024;3800
4122404;PR;Rolândia;2024;4381
4122503;PR;Roncador;2024;37409
4122602;PR;Rondon;2024;31959
4122651;PR;Rosário do Ivaí;2024;50000
4122701;PR;Sabáudia;2024;5699
4122800;PR;Salgado Filho;2024;22932
4122909;PR;Salto do Itararé;2024;17149
4123006;PR;Salto do Lontra;2024;24387
4123105;PR;Santa Amélia;2024;1408
4123204;PR;Santa Cecília do Pavão;2024;2955
4123303;PR;Santa Cruz de Monte Castelo;2024;55707
4123402;PR;Santa Fé;2024;19117
4123501;PR;Santa Helena;2024;29429
4123600;PR;Santa Inês;2024;5264
4123709;PR;Santa Isabel do Ivaí;2024;38114
4123808;PR;Santa Izabel do Oeste;2024;21649
4123824;PR;Santa Lúcia;2024;10333
4123857;PR;Santa Maria do Oeste;2024;41120
4123907;PR;Santa Mariana;2024;2595
4123956;PR;Santa Mônica;2024;18430
4124004;PR;Santana do Itararé;2024;14773
4124020;PR;Santa Tereza do Oeste;2024;8187
4124053;PR;Santa Terezinha de Itaipu;2024;3996
4124103;PR;Santo Antônio da Platina;2024;70339
4124202;PR;Santo Antônio do Caiuá;2024;22169
4124301;PR;Santo Antônio do Paraíso;2024;3258
4124400;PR;Santo Antônio do Sudoeste;2024;19852
4124509;PR;Santo Inácio;2024;14935
4124608;PR;São Carlos do Ivaí;2024;2618
4124707;PR;São Jerônimo da Serra;2024;38189
4124806;PR;São João;2024;19974
4124905;PR;São João do Caiuá;2024;31804
4125001;PR;São João do Ivaí;2024;12512
4125100;PR;São João do Triunfo;2024;3359
4125209;PR;São Jorge d'Oeste;2024;36956
4125308;PR;São Jorge do Ivaí;2024;920
4125357;PR;São Jorge do Patrocínio;2024;40153
4125407;PR;São José da Boa Vista;2024;14754
4125456;PR;São José das Palmeiras;2024;22499
4125506;PR;São José dos Pinhais;2024;9049
4125555;PR;São Manoel do Paraná;2024;2506
4125605;PR;São Mateus do Sul;2024;12366
4125704;PR;São Miguel do Iguaçu;2024;15569
4125753;PR;São Pedro do Iguaçu;2024;16196
4125803;PR;São Pedro do Ivaí;2024;9058
4125902;PR;São Pedro do Paraná;2024;30242
4126009;PR;São Sebastião da Amoreira;2024;1324
4126108;PR;São Tomé;2024;7478
4126207;PR;Sapopema;2024;53412
4126256;PR;Sarandi;2024;1132
4126272;PR;Saudade do Iguaçu;2024;15562
4126306;PR;Sengés;2024;21863
4126355;PR;Serranópolis do Iguaçu;2024;4991
4126405;PR;Sertaneja;2024;1684
4126504;PR;Sertanópolis;2024;10473
4126603;PR;Siqueira Campos;2024;30890
4126652;PR;Sulina;2024;16640
4126678;PR;Tamarana;2024;14850
4126702;PR;Tamboara;2024;12254
4126801;PR;Tapejara;2024;45111
4126900;PR;Tapira;2024;56381
4127007;PR;Teixeira Soares;2024;12915
4127106;PR;Telêmaco Borba;2024;1285
4127205;PR;Terra Boa;2024;6567
4127304;PR;Terra Rica;2024;72219
4127403;PR;Terra Roxa;2024;13809
4127502;PR;Tibagi;2024;33681
4127601;PR;Tijucas do Sul;2024;5500
4127700;PR;Toledo;2024;37740
4127809;PR;Tomazina;2024;54984
4127858;PR;Três Barras do Paraná;2024;46267
4127882;PR;Tunas do Paraná;2024;1496
4127908;PR;Tuneiras do Oeste;2024;34680
4127957;PR;Tupãssi;2024;2527
4127965;PR;Turvo;2024;37640
4128005;PR;Ubiratã;2024;13417
4128104;PR;Umuarama;2024;140180
4128203;PR;União da Vitória;2024;6000
4128302;PR;Uniflor;2024;5277
4128401;PR;Uraí;2024;6480
4128500;PR;Wenceslau Braz;2024;14810
4128534;PR;Ventania;2024;9189
4128559;PR;Vera Cruz do Oeste;2024;18861
4128609;PR;Verê;2024;15776
4128625;PR;Alto Paraíso;2024;97902
4128633;PR;Doutor Ulysses;2024;9817
4128658;PR;Virmond;2024;11500
4128708;PR;Vitorino;2024;8610
4128807;PR;Xambrê;2024;50001
4200051;SC;Abdon Batista;2024;15648
4200101;SC;Abelardo Luz;2024;33274
4200200;SC;Agrolândia;2024;9800
4200309;SC;Agronômica;2024;4653
4200408;SC;Água Doce;2024;56978
4200507;SC;Águas de Chapecó;2024;14056
4200556;SC;Águas Frias;2024;12088
4200606;SC;Águas Mornas;2024;7460
4200705;SC;Alfredo Wagner;2024;27676
4200754;SC;Alto Bela Vista;2024;10150
4200804;SC;Anchieta;2024;36199
4200903;SC;Angelina;2024;15327
4201000;SC;Anita Garibaldi;2024;36050
4201109;SC;Anitápolis;2024;10596
4201208;SC;Antônio Carlos;2024;7189
4201257;SC;Apiúna;2024;7007
4201273;SC;Arabutã;2024;13900
4201307;SC;Araquari;2024;9610
4201406;SC;Araranguá;2024;18548
4201505;SC;Armazém;2024;22848
4201604;SC;Arroio Trinta;2024;5781
4201653;SC;Arvoredo;2024;9662
4201703;SC;Ascurra;2024;1813
4201802;SC;Atalanta;2024;3807
4201901;SC;Aurora;2024;8108
4201950;SC;Balneário Arroio do Silva;2024;1325
4202008;SC;Balneário Camboriú;2024;123
4202057;SC;Balneário Barra do Sul;2024;841
4202073;SC;Balneário Gaivota;2024;6278
4202081;SC;Bandeirante;2024;18236
4202099;SC;Barra Bonita;2024;13169
4202107;SC;Barra Velha;2024;4225
4202131;SC;Bela Vista do Toldo;2024;10828
4202156;SC;Belmonte;2024;9651
4202206;SC;Benedito Novo;2024;8004
4202305;SC;Biguaçu;2024;16040
4202404;SC;Blumenau;2024;7231
4202438;SC;Bocaina do Sul;2024;18500
4202453;SC;Bombinhas;2024;145
4202503;SC;Bom Jardim da Serra;2024;36500
4202537;SC;Bom Jesus;2024;2501
4202578;SC;Bom Jesus do Oeste;2024;6350
4202602;SC;Bom Retiro;2024;29500
4202701;SC;Botuverá;2024;2127
4202800;SC;Braço do Norte;2024;49621
4202859;SC;Braço do Trombudo;2024;8800
4202875;SC;Brunópolis;2024;15445
4202909;SC;Brusque;2024;3558
4203006;SC;Caçador;2024;14800
4203105;SC;Caibi;2024;23541
4203154;SC;Calmon;2024;10553
4203204;SC;Camboriú;2024;5149
4203253;SC;Capão Alto;2024;30500
4203303;SC;Campo Alegre;2024;13227
4203402;SC;Campo Belo do Sul;2024;32500
4203501;SC;Campo Erê;2024;30936
4203600;SC;Campos Novos;2024;57549
4203709;SC;Canelinha;2024;7097
4203808;SC;Canoinhas;2024;25625
4203907;SC;Capinzal;2024;14968
4203956;SC;Capivari de Baixo;2024;3061
4204004;SC;Catanduvas;2024;5817
4204103;SC;Caxambu do Sul;2024;8454
4204152;SC;Celso Ramos;2024;12350
4204178;SC;Cerro Negro;2024;19000
4204194;SC;Chapadão do Lageado;2024;5234
4204202;SC;Chapecó;2024;32040
4204251;SC;Cocal do Sul;2024;4666
4204301;SC;Concórdia;2024;71400
4204350;SC;Cordilheira Alta;2024;8436
4204400;SC;Coronel Freitas;2024;36526
4204459;SC;Coronel Martins;2024;8926
4204509;SC;Corupá;2024;2318
4204558;SC;Correia Pinto;2024;27000
4204608;SC;Criciúma;2024;7846
4204707;SC;Cunha Porã;2024;20818
4204756;SC;Cunhataí;2024;9508
4204806;SC;Curitibanos;2024;36483
4204905;SC;Descanso;2024;34233
4205001;SC;Dionísio Cerqueira;2024;31014
4205100;SC;Dona Emma;2024;8500
4205159;SC;Doutor Pedrinho;2024;2790
4205175;SC;Entre Rios;2024;5756
4205191;SC;Ermo;2024;2577
4205209;SC;Erval Velho;2024;18443
4205308;SC;Faxinal dos Guedes;2024;11992
4205357;SC;Flor do Sertão;2024;5443
4205407;SC;Florianópolis;2024;7066
4205431;SC;Formosa do Sul;2024;13790
4205456;SC;Forquilhinha;2024;6430
4205506;SC;Fraiburgo;2024;18325
4205555;SC;Frei Rogério;2024;7710
4205605;SC;Galvão;2024;9173
4205704;SC;Garopaba;2024;4425
4205803;SC;Garuva;2024;4210
4205902;SC;Gaspar;2024;12299
4206009;SC;Governador Celso Ramos;2024;10000
4206108;SC;Grão-Pará;2024;28745
4206207;SC;Gravatal;2024;29982
4206306;SC;Guabiruba;2024;2500
4206405;SC;Guaraciaba;2024;38959
4206504;SC;Guaramirim;2024;8060
4206603;SC;Guarujá do Sul;2024;10690
4206652;SC;Guatambú;2024;12436
4206702;SC;Herval d'Oeste;2024;15706
4206751;SC;Ibiam;2024;9982
4206801;SC;Ibicaré;2024;12344
4206900;SC;Ibirama;2024;4875
4207007;SC;Içara;2024;17334
4207106;SC;Ilhota;2024;13422
4207205;SC;Imaruí;2024;26475
4207304;SC;Imbituba;2024;8872
4207403;SC;Imbuia;2024;6800
4207502;SC;Indaial;2024;6500
4207577;SC;Iomerê;2024;11368
4207601;SC;Ipira;2024;15075
4207650;SC;Iporã do Oeste;2024;27530
4207684;SC;Ipuaçu;2024;9646
4207700;SC;Ipumirim;2024;18700
4207759;SC;Iraceminha;2024;17922
4207809;SC;Irani;2024;17540
4207858;SC;Irati;2024;8942
4207908;SC;Irineópolis;2024;11850
4208005;SC;Itá;2024;15900
4208104;SC;Itaiópolis;2024;28783
4208203;SC;Itajaí;2024;10487
4208302;SC;Itapema;2024;1446
4208401;SC;Itapiranga;2024;37101
4208450;SC;Itapoá;2024;850
4208500;SC;Ituporanga;2024;14100
4208609;SC;Jaborá;2024;14755
4208708;SC;Jacinto Machado;2024;11334
4208807;SC;Jaguaruna;2024;20540
4208906;SC;Jaraguá do Sul;2024;10958
4208955;SC;Jardinópolis;2024;7782
4209003;SC;Joaçaba;2024;15492
4209102;SC;Joinville;2024;17900
4209151;SC;José Boiteux;2024;4250
4209177;SC;Jupiá;2024;10299
4209201;SC;Lacerdópolis;2024;8601
4209300;SC;Lages;2024;88100
4209409;SC;Laguna;2024;14673
4209458;SC;Lajeado Grande;2024;5942
4209508;SC;Laurentino;2024;5876
4209607;SC;Lauro Müller;2024;15046
4209706;SC;Lebon Régis;2024;21140
4209805;SC;Leoberto Leal;2024;8975
4209854;SC;Lindóia do Sul;2024;18400
4209904;SC;Lontras;2024;8450
4210001;SC;Luiz Alves;2024;6252
4210035;SC;Luzerna;2024;8512
4210050;SC;Macieira;2024;5089
4210100;SC;Mafra;2024;34905
4210209;SC;Major Gercino;2024;5483
4210308;SC;Major Vieira;2024;13800
4210407;SC;Maracajá;2024;7048
4210506;SC;Maravilha;2024;11310
4210555;SC;Marema;2024;14722
4210605;SC;Massaranduba;2024;6390
4210704;SC;Matos Costa;2024;6232
4210803;SC;Meleiro;2024;4800
4210852;SC;Mirim Doce;2024;9584
4210902;SC;Modelo;2024;8727
4211009;SC;Mondaí;2024;23557
4211058;SC;Monte Carlo;2024;4822
4211108;SC;Monte Castelo;2024;11255
4211207;SC;Morro da Fumaça;2024;7565
4211256;SC;Morro Grande;2024;3230
4211306;SC;Navegantes;2024;8580
4211405;SC;Nova Erechim;2024;9139
4211454;SC;Nova Itaberaba;2024;17168
4211504;SC;Nova Trento;2024;3322
4211603;SC;Nova Veneza;2024;8597
4211652;SC;Novo Horizonte;2024;10858
4211702;SC;Orleans;2024;35162
4211751;SC;Otacílio Costa;2024;15800
4211801;SC;Ouro;2024;24587
4211850;SC;Ouro Verde;2024;6278
4211876;SC;Paial;2024;6605
4211892;SC;Painel;2024;28000
4211900;SC;Palhoça;2024;8397
4212007;SC;Palma Sola;2024;20608
4212056;SC;Palmeira;2024;13200
4212106;SC;Palmitos;2024;52762
4212205;SC;Papanduva;2024;23368
4212239;SC;Paraíso;2024;19415
4212254;SC;Passo de Torres;2024;4150
4212270;SC;Passos Maia;2024;19100
4212304;SC;Paulo Lopes;2024;10682
4212403;SC;Pedras Grandes;2024;9927
4212502;SC;Penha;2024;3947
4212601;SC;Peritiba;2024;9100
4212650;SC;Pescaria Brava;2024;7908
4212700;SC;Petrolândia;2024;16500
4212809;SC;Balneário Piçarras;2024;6781
4212908;SC;Pinhalzinho;2024;13068
4213005;SC;Pinheiro Preto;2024;3600
4213104;SC;Piratuba;2024;14500
4213153;SC;Planalto Alegre;2024;7075
4213203;SC;Pomerode;2024;8226
4213302;SC;Ponte Alta;2024;18391
4213351;SC;Ponte Alta do Norte;2024;4258
4213401;SC;Ponte Serrada;2024;10210
4213500;SC;Porto Belo;2024;3183
4213609;SC;Porto União;2024;17846
4213708;SC;Pouso Redondo;2024;25380
4213807;SC;Praia Grande;2024;7340
4213906;SC;Presidente Castello Branco;2024;6930
4214003;SC;Presidente Getúlio;2024;20380
4214102;SC;Presidente Nereu;2024;5800
4214151;SC;Princesa;2024;10611
4214201;SC;Quilombo;2024;27758
4214300;SC;Rancho Queimado;2024;10367
4214409;SC;Rio das Antas;2024;14300
4214508;SC;Rio do Campo;2024;19020
4214607;SC;Rio do Oeste;2024;18900
4214706;SC;Rio dos Cedros;2024;9562
4214805;SC;Rio do Sul;2024;8799
4214904;SC;Rio Fortuna;2024;29362
4215000;SC;Rio Negrinho;2024;13688
4215059;SC;Rio Rufino;2024;11000
4215075;SC;Riqueza;2024;23382
4215109;SC;Rodeio;2024;3511
4215208;SC;Romelândia;2024;33058
4215307;SC;Salete;2024;13960
4215356;SC;Saltinho;2024;20468
4215406;SC;Salto Veloso;2024;7200
4215455;SC;Sangão;2024;9606
4215505;SC;Santa Cecília;2024;20000
4215554;SC;Santa Helena;2024;9680
4215604;SC;Santa Rosa de Lima;2024;8829
4215653;SC;Santa Rosa do Sul;2024;11960
4215679;SC;Santa Terezinha;2024;14124
4215687;SC;Santa Terezinha do Progresso;2024;18090
4215695;SC;Santiago do Sul;2024;8264
4215703;SC;Santo Amaro da Imperatriz;2024;11249
4215752;SC;São Bernardino;2024;19982
4215802;SC;São Bento do Sul;2024;9111
4215901;SC;São Bonifácio;2024;14803
4216008;SC;São Carlos;2024;30211
4216057;SC;São Cristóvão do Sul;2024;7284
4216107;SC;São Domingos;2024;13675
4216206;SC;São Francisco do Sul;2024;1420
4216255;SC;São João do Oeste;2024;26196
4216305;SC;São João Batista;2024;8323
4216354;SC;São João do Itaperiú;2024;7300
4216404;SC;São João do Sul;2024;13778
4216503;SC;São Joaquim;2024;72000
4216602;SC;São José;2024;3345
4216701;SC;São José do Cedro;2024;34720
4216800;SC;São José do Cerrito;2024;47000
4216909;SC;São Lourenço do Oeste;2024;29252
4217006;SC;São Ludgero;2024;23364
4217105;SC;São Martinho;2024;15959
4217154;SC;São Miguel da Boa Vista;2024;11253
4217204;SC;São Miguel do Oeste;2024;23180
4217253;SC;São Pedro de Alcântara;2024;4716
4217303;SC;Saudades;2024;25004
4217402;SC;Schroeder;2024;1767
4217501;SC;Seara;2024;29800
4217550;SC;Serra Alta;2024;8183
4217600;SC;Siderópolis;2024;7327
4217709;SC;Sombrio;2024;9380
4217758;SC;Sul Brasil;2024;12354
4217808;SC;Taió;2024;37938
4217907;SC;Tangará;2024;15924
4217956;SC;Tigrinhos;2024;6210
4218004;SC;Tijucas;2024;19592
4218103;SC;Timbé do Sul;2024;5460
4218202;SC;Timbó;2024;4707
4218251;SC;Timbó Grande;2024;12556
4218301;SC;Três Barras;2024;3827
4218350;SC;Treviso;2024;4384
4218400;SC;Treze de Maio;2024;11470
4218509;SC;Treze Tílias;2024;19172
4218608;SC;Trombudo Central;2024;5658
4218707;SC;Tubarão;2024;24386
4218756;SC;Tunápolis;2024;21637
4218806;SC;Turvo;2024;6350
4218855;SC;União do Oeste;2024;10887
4218905;SC;Urubici;2024;37500
4218954;SC;Urupema;2024;18400
4219002;SC;Urussanga;2024;14848
4219101;SC;Vargeão;2024;7802
4219150;SC;Vargem;2024;14385
4219176;SC;Vargem Bonita;2024;10101
4219200;SC;Vidal Ramos;2024;8688
4219309;SC;Videira;2024;31100
4219358;SC;Vitor Meireles;2024;8151
4219408;SC;Witmarsum;2024;11315
4219507;SC;Xanxerê;2024;27799
4219606;SC;Xavantina;2024;29450
4219705;SC;Xaxim;2024;23235
4219853;SC;Zortéa;2024;7636
4220000;SC;Balneário Rincão;2024;1060
4300034;RS;Aceguá;2024;100137
4300059;RS;Água Santa;2024;10009
4300109;RS;Agudo;2024;14711
4300208;RS;Ajuricaba;2024;11825
4300307;RS;Alecrim;2024;29192
4300406;RS;Alegrete;2024;576978
4300455;RS;Alegria;2024;7840
4300471;RS;Almirante Tamandaré do Sul;2024;5020
4300505;RS;Alpestre;2024;26375
4300554;RS;Alto Alegre;2024;4336
4300570;RS;Alto Feliz;2024;2005
4300604;RS;Alvorada;2024;1047
4300638;RS;Amaral Ferrador;2024;18170
4300646;RS;Ametista do Sul;2024;5367
4300661;RS;André da Rocha;2024;9659
4300703;RS;Anta Gorda;2024;10084
4300802;RS;Antônio Prado;2024;12712
4300851;RS;Arambaré;2024;9753
4300877;RS;Araricá;2024;1959
4300901;RS;Aratiba;2024;25945
4301008;RS;Arroio do Meio;2024;10470
4301057;RS;Arroio do Sal;2024;2498
4301073;RS;Arroio do Padre;2024;3398
4301107;RS;Arroio dos Ratos;2024;12000
4301206;RS;Arroio do Tigre;2024;9564
4301305;RS;Arroio Grande;2024;90013
4301404;RS;Arvorezinha;2024;2828
4301503;RS;Augusto Pestana;2024;21070
4301552;RS;Áurea;2024;3018
4301602;RS;Bagé;2024;237402
4301636;RS;Balneário Pinhal;2024;987
4301651;RS;Barão;2024;4669
4301701;RS;Barão de Cotegipe;2024;12112
4301750;RS;Barão do Triunfo;2024;6000
4301800;RS;Barracão;2024;24882
4301859;RS;Barra do Guarita;2024;2745
4301875;RS;Barra do Quaraí;2024;53703
4301909;RS;Barra do Ribeiro;2024;19741
4301925;RS;Barra do Rio Azul;2024;14294
4301958;RS;Barra Funda;2024;2028
4302006;RS;Barros Cassal;2024;22000
4302055;RS;Benjamin Constant do Sul;2024;4380
4302105;RS;Bento Gonçalves;2024;1957
4302154;RS;Boa Vista das Missões;2024;2789
4302204;RS;Boa Vista do Buricá;2024;9721
4302220;RS;Boa Vista do Cadeado;2024;9905
4302238;RS;Boa Vista do Incra;2024;7085
4302253;RS;Boa Vista do Sul;2024;4929
4302303;RS;Bom Jesus;2024;107418
4302352;RS;Bom Princípio;2024;4057
4302378;RS;Bom Progresso;2024;2168
4302402;RS;Bom Retiro do Sul;2024;9000
4302451;RS;Boqueirão do Leão;2024;6500
4302501;RS;Bossoroca;2024;96920
4302584;RS;Bozano;2024;5015
4302600;RS;Braga;2024;1900
4302659;RS;Brochier;2024;3955
4302709;RS;Butiá;2024;19189
4302808;RS;Caçapava do Sul;2024;167348
4302907;RS;Cacequi;2024;112336
4303004;RS;Cachoeira do Sul;2024;120498
4303103;RS;Cachoeirinha;2024;120
4303202;RS;Cacique Doble;2024;6326
4303301;RS;Caibaté;2024;8939
4303400;RS;Caiçara;2024;15756
4303509;RS;Camaquã;2024;39369
4303558;RS;Camargo;2024;5521
4303608;RS;Cambará do Sul;2024;30207
4303673;RS;Campestre da Serra;2024;9112
4303707;RS;Campina das Missões;2024;19553
4303806;RS;Campinas do Sul;2024;5171
4303905;RS;Campo Bom;2024;935
4304002;RS;Campo Novo;2024;2005
4304101;RS;Campos Borges;2024;7219
4304200;RS;Candelária;2024;28109
4304309;RS;Cândido Godói;2024;20319
4304358;RS;Candiota;2024;36717
4304408;RS;Canela;2024;908
4304507;RS;Canguçu;2024;107249
4304606;RS;Canoas;2024;367
4304614;RS;Canudos do Vale;2024;4986
4304622;RS;Capão Bonito do Sul;2024;13149
4304630;RS;Capão da Canoa;2024;3800
4304655;RS;Capão do Cipó;2024;39215
4304663;RS;Capão do Leão;2024;46558
4304671;RS;Capivari do Sul;2024;13825
4304689;RS;Capela de Santana;2024;8559
4304697;RS;Capitão;2024;4837
4304705;RS;Carazinho;2024;6274
4304713;RS;Caraá;2024;9187
4304804;RS;Carlos Barbosa;2024;12570
4304853;RS;Carlos Gomes;2024;3174
4304903;RS;Casca;2024;12280
4304952;RS;Caseiros;2024;6654
4305009;RS;Catuípe;2024;15680
4305108;RS;Caxias do Sul;2024;38988
4305116;RS;Centenário;2024;4469
4305124;RS;Cerrito;2024;22333
4305132;RS;Cerro Branco;2024;2906
4305157;RS;Cerro Grande;2024;2569
4305173;RS;Cerro Grande do Sul;2024;2406
4305207;RS;Cerro Largo;2024;10494
4305306;RS;Chapada;2024;20075
4305355;RS;Charqueadas;2024;4540
4305371;RS;Charrua;2024;3452
4305405;RS;Chiapetta;2024;7110
4305439;RS;Chuí;2024;11132
4305447;RS;Chuvisca;2024;4836
4305454;RS;Cidreira;2024;6545
4305504;RS;Ciríaco;2024;6567
4305587;RS;Colinas;2024;3329
4305603;RS;Colorado;2024;4391
4305702;RS;Condor;2024;10644
4305801;RS;Constantina;2024;7488
4305835;RS;Coqueiro Baixo;2024;5367
4305850;RS;Coqueiros do Sul;2024;7055
4305871;RS;Coronel Barros;2024;4670
4305900;RS;Coronel Bicaco;2024;4180
4305934;RS;Coronel Pilar;2024;2515
4305959;RS;Cotiporã;2024;4429
4305975;RS;Coxilha;2024;4918
4306007;RS;Crissiumal;2024;22198
4306056;RS;Cristal;2024;31004
4306072;RS;Cristal do Sul;2024;5444
4306106;RS;Cruz Alta;2024;12940
4306130;RS;Cruzaltense;2024;4826
4306205;RS;Cruzeiro do Sul;2024;7635
4306304;RS;David Canabarro;2024;5076
4306320;RS;Derrubadas;2024;7087
4306353;RS;Dezesseis de Novembro;2024;16915
4306379;RS;Dilermando de Aguiar;2024;38084
4306403;RS;Dois Irmãos;2024;1591
4306429;RS;Dois Irmãos das Missões;2024;4814
4306452;RS;Dois Lajeados;2024;4522
4306502;RS;Dom Feliciano;2024;22210
4306551;RS;Dom Pedro de Alcântara;2024;3024
4306601;RS;Dom Pedrito;2024;317430
4306700;RS;Dona Francisca;2024;3902
4306734;RS;Doutor Maurício Cardoso;2024;6079
4306759;RS;Doutor Ricardo;2024;2118
4306767;RS;Eldorado do Sul;2024;14841
4306809;RS;Encantado;2024;4573
4306908;RS;Encruzilhada do Sul;2024;94133
4306924;RS;Engenho Velho;2024;1436
4306932;RS;Entre-Ijuís;2024;14675
4306957;RS;Entre Rios do Sul;2024;3712
4306973;RS;Erebango;2024;2621
4307005;RS;Erechim;2024;11291
4307054;RS;Ernestina;2024;6502
4307104;RS;Herval;2024;84718
4307203;RS;Erval Grande;2024;16599
4307302;RS;Erval Seco;2024;12057
4307401;RS;Esmeralda;2024;22090
4307450;RS;Esperança do Sul;2024;5863
4307500;RS;Espumoso;2024;20383
4307559;RS;Estação;2024;2113
4307609;RS;Estância Velha;2024;964
4307708;RS;Esteio;2024;6
4307807;RS;Estrela;2024;14529
4307815;RS;Estrela Velha;2024;7157
4307831;RS;Eugênio de Castro;2024;10451
4307864;RS;Fagundes Varela;2024;6563
4307906;RS;Farroupilha;2024;9495
4308003;RS;Faxinal do Soturno;2024;6351
4308052;RS;Faxinalzinho;2024;7979
4308078;RS;Fazenda Vilanova;2024;6100
4308102;RS;Feliz;2024;3098
4308201;RS;Flores da Cunha;2024;3857
4308250;RS;Floriano Peixoto;2024;2626
4308300;RS;Fontoura Xavier;2024;10963
4308409;RS;Formigueiro;2024;30648
4308433;RS;Forquetinha;2024;5387
4308458;RS;Fortaleza dos Valos;2024;8774
4308508;RS;Frederico Westphalen;2024;18059
4308607;RS;Garibaldi;2024;2585
4308656;RS;Garruchos;2024;50384
4308706;RS;Gaurama;2024;4961
4308805;RS;General Câmara;2024;20000
4308854;RS;Gentil;2024;5793
4308904;RS;Getúlio Vargas;2024;5343
4309001;RS;Giruá;2024;12974
4309050;RS;Glorinha;2024;24344
4309100;RS;Gramado;2024;2524
4309126;RS;Gramado dos Loureiros;2024;3340
4309159;RS;Gramado Xavier;2024;4480
4309209;RS;Gravataí;2024;20080
4309258;RS;Guabiju;2024;6508
4309308;RS;Guaíba;2024;13794
4309407;RS;Guaporé;2024;7794
4309506;RS;Guarani das Missões;2024;11609
4309555;RS;Harmonia;2024;3959
4309571;RS;Herveiras;2024;3030
4309605;RS;Horizontina;2024;9518
4309654;RS;Hulha Negra;2024;42083
4309704;RS;Humaitá;2024;7660
4309753;RS;Ibarama;2024;3065
4309803;RS;Ibiaçá;2024;8186
4309902;RS;Ibiraiaras;2024;10046
4309951;RS;Ibirapuitã;2024;9418
4310009;RS;Ibirubá;2024;17413
4310108;RS;Igrejinha;2024;4007
4310207;RS;Ijuí;2024;20600
4310306;RS;Ilópolis;2024;2010
4310330;RS;Imbé;2024;346
4310363;RS;Imigrante;2024;4681
4310405;RS;Independência;2024;7333
4310413;RS;Inhacorá;2024;2375
4310439;RS;Ipê;2024;23393
4310462;RS;Ipiranga do Sul;2024;2349
4310504;RS;Iraí;2024;12944
4310538;RS;Itaara;2024;3022
4310553;RS;Itacurubi;2024;83441
4310579;RS;Itapuca;2024;3108
4310603;RS;Itaqui;2024;161770
4310652;RS;Itati;2024;3714
4310702;RS;Itatiba do Sul;2024;11343
4310751;RS;Ivorá;2024;4901
4310801;RS;Ivoti;2024;2027
4310850;RS;Jaboticaba;2024;4985
4310876;RS;Jacuizinho;2024;9044
4310900;RS;Jacutinga;2024;3222
4311007;RS;Jaguarão;2024;89801
4311106;RS;Jaguari;2024;47504
4311122;RS;Jaquirana;2024;37662
4311130;RS;Jari;2024;41634
4311155;RS;Jóia;2024;42950
4311205;RS;Júlio de Castilhos;2024;48795
4311239;RS;Lagoa Bonita do Sul;2024;1700
4311254;RS;Lagoão;2024;13193
4311270;RS;Lagoa dos Três Cantos;2024;2498
4311304;RS;Lagoa Vermelha;2024;26927
4311403;RS;Lajeado;2024;2072
4311429;RS;Lajeado do Bugre;2024;2262
4311502;RS;Lavras do Sul;2024;184287
4311601;RS;Liberato Salzano;2024;6820
4311627;RS;Lindolfo Collor;2024;755
4311643;RS;Linha Nova;2024;2169
4311700;RS;Machadinho;2024;19661
4311718;RS;Maçambará;2024;83579
4311734;RS;Mampituba;2024;2966
4311759;RS;Manoel Viana;2024;75720
4311775;RS;Maquiné;2024;7977
4311791;RS;Maratá;2024;2868
4311809;RS;Marau;2024;18594
4311908;RS;Marcelino Ramos;2024;10135
4311981;RS;Mariana Pimentel;2024;7583
4312005;RS;Mariano Moro;2024;7632
4312054;RS;Marques de Souza;2024;7161
4312104;RS;Mata;2024;19470
4312138;RS;Mato Castelhano;2024;4451
4312153;RS;Mato Leitão;2024;3615
4312179;RS;Mato Queimado;2024;6117
4312203;RS;Maximiliano de Almeida;2024;7672
4312252;RS;Minas do Leão;2024;16126
4312302;RS;Miraguaí;2024;8537
4312351;RS;Montauri;2024;4485
4312377;RS;Monte Alegre dos Campos;2024;20598
4312385;RS;Monte Belo do Sul;2024;869
4312401;RS;Montenegro;2024;13908
4312427;RS;Mormaço;2024;1972
4312443;RS;Morrinhos do Sul;2024;5086
4312450;RS;Morro Redondo;2024;11939
4312476;RS;Morro Reuter;2024;1600
4312500;RS;Mostardas;2024;48487
4312609;RS;Muçum;2024;1554
4312617;RS;Muitos Capões;2024;25328
4312625;RS;Muliterno;2024;3354
4312658;RS;Não-Me-Toque;2024;4179
4312674;RS;Nicolau Vergueiro;2024;5928
4312708;RS;Nonoai;2024;6392
4312757;RS;Nova Alvorada;2024;5612
4312807;RS;Nova Araçá;2024;6386
4312906;RS;Nova Bassano;2024;14503
4312955;RS;Nova Boa Vista;2024;3867
4313003;RS;Nova Bréscia;2024;4379
4313011;RS;Nova Candelária;2024;10012
4313037;RS;Nova Esperança do Sul;2024;17661
4313060;RS;Nova Hartz;2024;1280
4313086;RS;Nova Pádua;2024;1760
4313102;RS;Nova Palma;2024;16581
4313201;RS;Nova Petrópolis;2024;6961
4313300;RS;Nova Prata;2024;8831
4313334;RS;Nova Ramada;2024;5940
4313359;RS;Nova Roma do Sul;2024;7262
4313375;RS;Nova Santa Rita;2024;9909
4313391;RS;Novo Cabrais;2024;4976
4313409;RS;Novo Hamburgo;2024;7873
4313425;RS;Novo Machado;2024;5563
4313441;RS;Novo Tiradentes;2024;3799
4313466;RS;Novo Xingu;2024;3108
4313490;RS;Novo Barreiro;2024;3614
4313508;RS;Osório;2024;19992
4313607;RS;Paim Filho;2024;8957
4313656;RS;Palmares do Sul;2024;27437
4313706;RS;Palmeira das Missões;2024;13745
4313805;RS;Palmitinho;2024;12606
4313904;RS;Panambi;2024;13347
4313953;RS;Pantano Grande;2024;27000
4314001;RS;Paraí;2024;7507
4314027;RS;Paraíso do Sul;2024;8618
4314035;RS;Pareci Novo;2024;1627
4314050;RS;Parobé;2024;6559
4314068;RS;Passa Sete;2024;5230
4314076;RS;Passo do Sobrado;2024;16800
4314100;RS;Passo Fundo;2024;8204
4314134;RS;Paulo Bento;2024;4094
4314159;RS;Paverama;2024;7860
4314175;RS;Pedras Altas;2024;62767
4314209;RS;Pedro Osório;2024;31329
4314308;RS;Pejuçara;2024;7002
4314407;RS;Pelotas;2024;48071
4314423;RS;Picada Café;2024;1905
4314456;RS;Pinhal;2024;6877
4314464;RS;Pinhal da Serra;2024;16620
4314472;RS;Pinhal Grande;2024;15541
4314498;RS;Pinheirinho do Vale;2024;9398
4314506;RS;Pinheiro Machado;2024;117426
4314548;RS;Pinto Bandeira;2024;1064
4314555;RS;Pirapó;2024;21175
4314605;RS;Piratini;2024;123301
4314704;RS;Planalto;2024;11200
4314753;RS;Poço das Antas;2024;1911
4314779;RS;Pontão;2024;6876
4314787;RS;Ponte Preta;2024;4523
4314803;RS;Portão;2024;8619
4314902;RS;Porto Alegre;2024;4726
4315008;RS;Porto Lucena;2024;20378
4315057;RS;Porto Mauá;2024;5995
4315073;RS;Porto Vera Cruz;2024;10905
4315107;RS;Porto Xavier;2024;25721
4315131;RS;Pouso Novo;2024;3939
4315149;RS;Presidente Lucena;2024;2157
4315156;RS;Progresso;2024;8958
4315172;RS;Protásio Alves;2024;6645
4315206;RS;Putinga;2024;6645
4315305;RS;Quaraí;2024;260515
4315313;RS;Quatro Irmãos;2024;3657
4315321;RS;Quevedos;2024;24904
4315354;RS;Quinze de Novembro;2024;9708
4315404;RS;Redentora;2024;5785
4315453;RS;Relvado;2024;4908
4315503;RS;Restinga Sêca;2024;36505
4315552;RS;Rio dos Índios;2024;11734
4315602;RS;Rio Grande;2024;120424
4315701;RS;Rio Pardo;2024;85000
4315750;RS;Riozinho;2024;2200
4315800;RS;Roca Sales;2024;6103
4315909;RS;Rodeio Bonito;2024;6152
4315958;RS;Rolador;2024;10211
4316006;RS;Rolante;2024;12335
4316105;RS;Ronda Alta;2024;6787
4316204;RS;Rondinha;2024;12169
4316303;RS;Roque Gonzales;2024;30447
4316402;RS;Rosário do Sul;2024;295717
4316428;RS;Sagrada Família;2024;2216
4316436;RS;Saldanha Marinho;2024;5073
4316451;RS;Salto do Jacuí;2024;5651
4316477;RS;Salvador das Missões;2024;8064
4316501;RS;Salvador do Sul;2024;7373
4316600;RS;Sananduva;2024;14266
4316709;RS;Santa Bárbara do Sul;2024;9120
4316733;RS;Santa Cecília do Sul;2024;4090
4316758;RS;Santa Clara do Sul;2024;4442
4316808;RS;Santa Cruz do Sul;2024;27000
4316907;RS;Santa Maria;2024;83967
4316956;RS;Santa Maria do Herval;2024;3400
4316972;RS;Santa Margarida do Sul;2024;40118
4317004;RS;Santana da Boa Vista;2024;64872
4317103;RS;Sant'Ana do Livramento;2024;528034
4317202;RS;Santa Rosa;2024;18880
4317251;RS;Santa Tereza;2024;849
4317301;RS;Santa Vitória do Palmar;2024;159170
4317400;RS;Santiago;2024;173279
4317509;RS;Santo Ângelo;2024;20646
4317558;RS;Santo Antônio do Palma;2024;3487
4317608;RS;Santo Antônio da Patrulha;2024;59753
4317707;RS;Santo Antônio das Missões;2024;100526
4317756;RS;Santo Antônio do Planalto;2024;2651
4317806;RS;Santo Augusto;2024;7550
4317905;RS;Santo Cristo;2024;46127
4317954;RS;Santo Expedito do Sul;2024;6036
4318002;RS;São Borja;2024;115563
4318051;RS;São Domingos do Sul;2024;3790
4318101;RS;São Francisco de Assis;2024;167008
4318200;RS;São Francisco de Paula;2024;124578
4318309;RS;São Gabriel;2024;247720
4318408;RS;São Jerônimo;2024;26314
4318424;RS;São João da Urtiga;2024;8245
4318432;RS;São João do Polêsine;2024;3842
4318440;RS;São Jorge;2024;7307
4318457;RS;São José das Missões;2024;2402
4318465;RS;São José do Herval;2024;2584
4318481;RS;São José do Hortêncio;2024;2755
4318499;RS;São José do Inhacorá;2024;5311
4318507;RS;São José do Norte;2024;47642
4318606;RS;São José do Ouro;2024;14969
4318614;RS;São José do Sul;2024;3441
4318622;RS;São José dos Ausentes;2024;61775
4318705;RS;São Leopoldo;2024;1146
4318804;RS;São Lourenço do Sul;2024;97557
4318903;RS;São Luiz Gonzaga;2024;42914
4319000;RS;São Marcos;2024;7068
4319109;RS;São Martinho;2024;6986
4319125;RS;São Martinho da Serra;2024;25769
4319158;RS;São Miguel das Missões;2024;42560
4319208;RS;São Nicolau;2024;22131
4319307;RS;São Paulo das Missões;2024;21704
4319356;RS;São Pedro da Serra;2024;2707
4319364;RS;São Pedro das Missões;2024;2009
4319372;RS;São Pedro do Butiá;2024;7477
4319406;RS;São Pedro do Sul;2024;58962
4319505;RS;São Sebastião do Caí;2024;4906
4319604;RS;São Sepé;2024;96071
4319703;RS;São Valentim;2024;7173
4319711;RS;São Valentim do Sul;2024;2650
4319737;RS;São Valério do Sul;2024;1920
4319752;RS;São Vendelino;2024;1006
4319802;RS;São Vicente do Sul;2024;63537
4319901;RS;Sapiranga;2024;3226
4320008;RS;Sapucaia do Sul;2024;234
4320107;RS;Sarandi;2024;7275
4320206;RS;Seberi;2024;17108
4320230;RS;Sede Nova;2024;6059
4320263;RS;Segredo;2024;5618
4320305;RS;Selbach;2024;7704
4320321;RS;Senador Salgado Filho;2024;6209
4320354;RS;Sentinela do Sul;2024;7539
4320404;RS;Serafina Corrêa;2024;7382
4320453;RS;Sério;2024;3261
4320503;RS;Sertão;2024;7823
4320552;RS;Sertão Santana;2024;4023
4320578;RS;Sete de Setembro;2024;4915
4320602;RS;Severiano de Almeida;2024;10039
4320651;RS;Silveira Martins;2024;3292
4320677;RS;Sinimbu;2024;8000
4320701;RS;Sobradinho;2024;3989
4320800;RS;Soledade;2024;44065
4320859;RS;Tabaí;2024;3700
4320909;RS;Tapejara;2024;6276
4321006;RS;Tapera;2024;4224
4321105;RS;Tapes;2024;13761
4321204;RS;Taquara;2024;22657
4321303;RS;Taquari;2024;13255
4321329;RS;Taquaruçu do Sul;2024;7501
4321352;RS;Tavares;2024;28580
4321402;RS;Tenente Portela;2024;11196
4321436;RS;Terra de Areia;2024;7820
4321451;RS;Teutônia;2024;15992
4321469;RS;Tio Hugo;2024;2263
4321477;RS;Tiradentes do Sul;2024;12752
4321493;RS;Toropi;2024;14415
4321501;RS;Torres;2024;6013
4321600;RS;Tramandaí;2024;3555
4321626;RS;Travesseiro;2024;4818
4321634;RS;Três Arroios;2024;5554
4321667;RS;Três Cachoeiras;2024;7744
4321709;RS;Três Coroas;2024;2786
4321808;RS;Três de Maio;2024;11918
4321832;RS;Três Forquilhas;2024;5496
4321857;RS;Três Palmeiras;2024;6842
4321907;RS;Três Passos;2024;16427
4321956;RS;Trindade do Sul;2024;8636
4322004;RS;Triunfo;2024;35000
4322103;RS;Tucunduva;2024;4712
4322152;RS;Tunas;2024;6499
4322186;RS;Tupanci do Sul;2024;5327
4322202;RS;Tupanciretã;2024;59065
4322251;RS;Tupandi;2024;6092
4322301;RS;Tuparendi;2024;17950
4322327;RS;Turuçu;2024;12778
4322343;RS;Ubiretama;2024;8463
4322350;RS;União da Serra;2024;3802
4322376;RS;Unistalda;2024;52814
4322400;RS;Uruguaiana;2024;365849
4322509;RS;Vacaria;2024;58085
4322525;RS;Vale Verde;2024;17000
4322533;RS;Vale do Sol;2024;10100
4322541;RS;Vale Real;2024;870
4322558;RS;Vanini;2024;1734
4322608;RS;Venâncio Aires;2024;34200
4322707;RS;Vera Cruz;2024;17000
4322806;RS;Veranópolis;2024;8829
4322855;RS;Vespasiano Corrêa;2024;7379
4322905;RS;Viadutos;2024;8863
4323002;RS;Viamão;2024;64957
4323101;RS;Vicente Dutra;2024;13341
4323200;RS;Victor Graeff;2024;6286
4323309;RS;Vila Flores;2024;5554
4323358;RS;Vila Lângaro;2024;4327
4323408;RS;Vila Maria;2024;8428
4323457;RS;Vila Nova do Sul;2024;26609
4323507;RS;Vista Alegre;2024;9667
4323606;RS;Vista Alegre do Prata;2024;4256
4323705;RS;Vista Gaúcha;2024;5196
4323754;RS;Vitória das Missões;2024;10979
4323770;RS;Westfália;2024;6447
4323804;RS;Xangri-lá;2024;1857
5000203;MS;Água Clara;2024;439765
5000252;MS;Alcinópolis;2024;334161
5000609;MS;Amambai;2024;265258
5000708;MS;Anastácio;2024;243725
5000807;MS;Anaurilândia;2024;222382
5000856;MS;Angélica;2024;50025
5000906;MS;Antônio João;2024;33404
5001003;MS;Aparecida do Taboado;2024;162073
5001102;MS;Aquidauana;2024;872997
5001243;MS;Aral Moreira;2024;25224
5001508;MS;Bandeirantes;2024;180196
5001904;MS;Bataguassu;2024;170946
5002001;MS;Batayporã;2024;145844
5002100;MS;Bela Vista;2024;349304
5002159;MS;Bodoquena;2024;155060
5002209;MS;Bonito;2024;312484
5002308;MS;Brasilândia;2024;363354
5002407;MS;Caarapó;2024;51043
5002605;MS;Camapuã;2024;524539
5002704;MS;Campo Grande;2024;427468
5002803;MS;Caracol;2024;251861
5002902;MS;Cassilândia;2024;238794
5002951;MS;Chapadão do Sul;2024;97826
5003108;MS;Corguinho;2024;212527
5003157;MS;Coronel Sapucaia;2024;63234
5003207;MS;Corumbá;2024;2195363
5003256;MS;Costa Rica;2024;159601
5003306;MS;Coxim;2024;527437
5003454;MS;Deodápolis;2024;63381
5003488;MS;Dois Irmãos do Buriti;2024;172120
5003504;MS;Douradina;2024;9899
5003702;MS;Dourados;2024;93456
5003751;MS;Eldorado;2024;69483
5003801;MS;Fátima do Sul;2024;17683
5003900;MS;Figueirão;2024;298846
5004007;MS;Glória de Dourados;2024;58264
5004106;MS;Guia Lopes da Laguna;2024;86113
5004304;MS;Iguatemi;2024;230800
5004403;MS;Inocência;2024;351025
5004502;MS;Itaporã;2024;22466
5004601;MS;Itaquiraí;2024;152729
5004700;MS;Ivinhema;2024;106589
5004809;MS;Japorã;2024;35309
5004908;MS;Jaraguari;2024;159567
5005004;MS;Jardim;2024;169618
5005103;MS;Jateí;2024;99668
5005152;MS;Juti;2024;71457
5005202;MS;Ladário;2024;8794
5005251;MS;Laguna Carapã;2024;25754
5005400;MS;Maracaju;2024;132499
5005608;MS;Miranda;2024;325859
5005681;MS;Mundo Novo;2024;28351
5005707;MS;Naviraí;2024;120406
5005806;MS;Nioaque;2024;351590
5006002;MS;Nova Alvorada do Sul;2024;135465
5006200;MS;Nova Andradina;2024;313365
5006259;MS;Novo Horizonte do Sul;2024;55225
5006275;MS;Paraíso das Águas;2024;313461
5006309;MS;Paranaíba;2024;477402
5006358;MS;Paranhos;2024;82703
5006408;MS;Pedro Gomes;2024;284182
5006606;MS;Ponta Porã;2024;70455
5006903;MS;Porto Murtinho;2024;680551
5007109;MS;Ribas do Rio Pardo;2024;819903
5007208;MS;Rio Brilhante;2024;76228
5007307;MS;Rio Negro;2024;131157
5007406;MS;Rio Verde de Mato Grosso;2024;600860
5007505;MS;Rochedo;2024;130144
5007554;MS;Santa Rita do Pardo;2024;431879
5007695;MS;São Gabriel do Oeste;2024;216066
5007703;MS;Sete Quedas;2024;47533
5007802;MS;Selvíria;2024;159532
5007901;MS;Sidrolândia;2024;189562
5007935;MS;Sonora;2024;194223
5007950;MS;Tacuru;2024;170653
5007976;MS;Taquarussu;2024;80219
5008008;MS;Terenos;2024;229269
5008305;MS;Três Lagoas;2024;499701
5008404;MS;Vicentina;2024;17461
5100102;MT;Acorizal;2024;54717
5100201;MT;Água Boa;2024;315000
5100250;MT;Alta Floresta;2024;691455
5100300;MT;Alto Araguaia;2024;170423
5100359;MT;Alto Boa Vista;2024;46731
5100409;MT;Alto Garças;2024;90731
5100508;MT;Alto Paraguai;2024;94173
5100607;MT;Alto Taquari;2024;15000
5100805;MT;Apiacás;2024;329257
5101001;MT;Araguaiana;2024;323335
5101209;MT;Araguainha;2024;29430
5101258;MT;Araputanga;2024;254588
5101308;MT;Arenápolis;2024;35380
5101407;MT;Aripuanã;2024;595289
5101605;MT;Barão de Melgaço;2024;231068
5101704;MT;Barra do Bugres;2024;281460
5101803;MT;Barra do Garças;2024;388772
5101852;MT;Bom Jesus do Araguaia;2024;175018
5101902;MT;Brasnorte;2024;475365
5102504;MT;Cáceres;2024;1365224
5102603;MT;Campinápolis;2024;266731
5102637;MT;Campo Novo do Parecis;2024;149344
5102678;MT;Campo Verde;2024;141980
5102686;MT;Campos de Júlio;2024;101999
5102694;MT;Canabrava do Norte;2024;121271
5102702;MT;Canarana;2024;219000
5102793;MT;Carlinda;2024;295336
5102850;MT;Castanheira;2024;447029
5103007;MT;Chapada dos Guimarães;2024;149204
5103056;MT;Cláudia;2024;49561
5103106;MT;Cocalinho;2024;507119
5103205;MT;Colíder;2024;402037
5103254;MT;Colniza;2024;868444
5103304;MT;Comodoro;2024;310028
5103353;MT;Confresa;2024;387185
5103361;MT;Conquista D'Oeste;2024;80617
5103379;MT;Cotriguaçu;2024;440818
5103403;MT;Cuiabá;2024;130171
5103437;MT;Curvelândia;2024;63435
5103452;MT;Denise;2024;60833
5103502;MT;Diamantino;2024;124911
5103601;MT;Dom Aquino;2024;126233
5103700;MT;Feliz Natal;2024;32806
5103809;MT;Figueirópolis D'Oeste;2024;162087
5103858;MT;Gaúcha do Norte;2024;193640
5103908;MT;General Carneiro;2024;100595
5103957;MT;Glória D'Oeste;2024;104908
5104104;MT;Guarantã do Norte;2024;304392
5104203;MT;Guiratinga;2024;167056
5104500;MT;Indiavaí;2024;102817
5104526;MT;Ipiranga do Norte;2024;23110
5104542;MT;Itanhangá;2024;60169
5104559;MT;Itaúba;2024;61319
5104609;MT;Itiquira;2024;374428
5104807;MT;Jaciara;2024;108625
5104906;MT;Jangada;2024;50265
5105002;MT;Jauru;2024;251622
5105101;MT;Juara;2024;926926
5105150;MT;Juína;2024;802085
5105176;MT;Juruena;2024;223132
5105200;MT;Juscimeira;2024;178540
5105234;MT;Lambari D'Oeste;2024;159272
5105259;MT;Lucas do Rio Verde;2024;50315
5105309;MT;Luciara;2024;68875
5105507;MT;Vila Bela da Santíssima Trindade;2024;1071822
5105580;MT;Marcelândia;2024;196456
5105606;MT;Matupá;2024;243280
5105622;MT;Mirassol d'Oeste;2024;180151
5105903;MT;Nobres;2024;113640
5106000;MT;Nortelândia;2024;66493
5106109;MT;Nossa Senhora do Livramento;2024;233803
5106158;MT;Nova Bandeirantes;2024;651883
5106174;MT;Nova Nazaré;2024;79400
5106182;MT;Nova Lacerda;2024;215912
5106190;MT;Nova Santa Helena;2024;105965
5106208;MT;Nova Brasilândia;2024;154150
5106216;MT;Nova Canaã do Norte;2024;400306
5106224;MT;Nova Mutum;2024;130855
5106232;MT;Nova Olímpia;2024;82528
5106240;MT;Nova Ubiratã;2024;105633
5106257;MT;Nova Xavantina;2024;391311
5106265;MT;Novo Mundo;2024;320130
5106273;MT;Novo Horizonte do Norte;2024;105299
5106281;MT;Novo São Joaquim;2024;283162
5106299;MT;Paranaíta;2024;460121
5106307;MT;Paranatinga;2024;390793
5106315;MT;Novo Santo Antônio;2024;77747
5106372;MT;Pedra Preta;2024;371867
5106422;MT;Peixoto de Azevedo;2024;354583
5106455;MT;Planalto da Serra;2024;93747
5106505;MT;Poconé;2024;605788
5106653;MT;Pontal do Araguaia;2024;118663
5106703;MT;Ponte Branca;2024;31219
5106752;MT;Pontes e Lacerda;2024;667480
5106778;MT;Porto Alegre do Norte;2024;131637
5106802;MT;Porto dos Gaúchos;2024;97532
5106828;MT;Porto Esperidião;2024;599543
5106851;MT;Porto Estrela;2024;129228
5107008;MT;Poxoréu;2024;411603
5107040;MT;Primavera do Leste;2024;96715
5107065;MT;Querência;2024;105000
5107107;MT;São José dos Quatro Marcos;2024;235718
5107156;MT;Reserva do Cabaçal;2024;60639
5107180;MT;Ribeirão Cascalheira;2024;326650
5107198;MT;Ribeirãozinho;2024;29278
5107206;MT;Rio Branco;2024;66799
5107248;MT;Santa Carmem;2024;29834
5107263;MT;Santo Afonso;2024;161069
5107297;MT;São José do Povo;2024;90483
5107305;MT;São José do Rio Claro;2024;141415
5107354;MT;São José do Xingu;2024;173587
5107404;MT;São Pedro da Cipa;2024;45500
5107578;MT;Rondolândia;2024;337461
5107602;MT;Rondonópolis;2024;383997
5107701;MT;Rosário Oeste;2024;259200
5107743;MT;Santa Cruz do Xingu;2024;99140
5107750;MT;Salto do Céu;2024;201907
5107768;MT;Santa Rita do Trivelato;2024;38512
5107776;MT;Santa Terezinha;2024;261767
5107792;MT;Santo Antônio do Leste;2024;59856
5107800;MT;Santo Antônio de Leverger;2024;549713
5107859;MT;São Félix do Araguaia;2024;363704
5107875;MT;Sapezal;2024;156769
5107883;MT;Serra Nova Dourada;2024;132356
5107909;MT;Sinop;2024;65568
5107925;MT;Sorriso;2024;99790
5107941;MT;Tabaporã;2024;118140
5107958;MT;Tangará da Serra;2024;359004
5108006;MT;Tapurah;2024;81769
5108055;MT;Terra Nova do Norte;2024;277864
5108105;MT;Tesouro;2024;144046
5108204;MT;Torixoréu;2024;121344
5108303;MT;União do Sul;2024;45526
5108352;MT;Vale de São Domingos;2024;129118
5108402;MT;Várzea Grande;2024;32596
5108501;MT;Vera;2024;41466
5108600;MT;Vila Rica;2024;597449
5108808;MT;Nova Guarita;2024;131418
5108857;MT;Nova Marilândia;2024;130340
5108907;MT;Nova Maringá;2024;94720
5108956;MT;Nova Monte Verde;2024;389725
5200050;GO;Abadia de Goiás;2024;14500
5200100;GO;Abadiânia;2024;47500
5200134;GO;Acreúna;2024;64720
5200159;GO;Adelândia;2024;18525
5200175;GO;Água Fria de Goiás;2024;53900
5200209;GO;Água Limpa;2024;62400
5200258;GO;Águas Lindas de Goiás;2024;1665
5200308;GO;Alexânia;2024;43677
5200506;GO;Aloândia;2024;15800
5200555;GO;Alto Horizonte;2024;49220
5200605;GO;Alto Paraíso de Goiás;2024;25840
5200803;GO;Alvorada do Norte;2024;67612
5200829;GO;Amaralina;2024;145255
5200852;GO;Americano do Brasil;2024;29226
5200902;GO;Amorinópolis;2024;55243
5201108;GO;Anápolis;2024;68158
5201207;GO;Anhanguera;2024;4500
5201306;GO;Anicuns;2024;136547
5201405;GO;Aparecida de Goiânia;2024;9000
5201454;GO;Aparecida do Rio Doce;2024;58000
5201504;GO;Aporé;2024;155000
5201603;GO;Araçu;2024;21870
5201702;GO;Aragarças;2024;35799
5201801;GO;Aragoiânia;2024;27000
5202155;GO;Araguapaz;2024;203195
5202353;GO;Arenópolis;2024;116159
5202502;GO;Aruanã;2024;341786
5202601;GO;Aurilândia;2024;72674
5202809;GO;Avelinópolis;2024;28545
5203104;GO;Baliza;2024;82505
5203203;GO;Barro Alto;2024;47000
5203302;GO;Bela Vista de Goiás;2024;131700
5203401;GO;Bom Jardim de Goiás;2024;132784
5203500;GO;Bom Jesus de Goiás;2024;32800
5203559;GO;Bonfinópolis;2024;9800
5203575;GO;Bonópolis;2024;136250
5203609;GO;Brazabrantes;2024;16076
5203807;GO;Britânia;2024;166203
5203906;GO;Buriti Alegre;2024;85700
5203939;GO;Buriti de Goiás;2024;29379
5203962;GO;Buritinópolis;2024;21102
5204003;GO;Cabeceiras;2024;37540
5204102;GO;Cachoeira Alta;2024;173000
5204201;GO;Cachoeira de Goiás;2024;28396
5204250;GO;Cachoeira Dourada;2024;21000
5204300;GO;Caçu;2024;193100
5204409;GO;Caiapônia;2024;417000
5204508;GO;Caldas Novas;2024;73050
5204557;GO;Caldazinha;2024;31600
5204607;GO;Campestre de Goiás;2024;37168
5204656;GO;Campinaçu;2024;109000
5204706;GO;Campinorte;2024;56340
5204805;GO;Campo Alegre de Goiás;2024;81200
5204854;GO;Campo Limpo de Goiás;2024;14700
5204904;GO;Campos Belos;2024;78050
5204953;GO;Campos Verdes;2024;54045
5205000;GO;Carmo do Rio Verde;2024;55999
5205059;GO;Castelândia;2024;10692
5205109;GO;Catalão;2024;173000
5205208;GO;Caturaí;2024;27350
5205307;GO;Cavalcante;2024;74800
5205406;GO;Ceres;2024;27300
5205455;GO;Cezarina;2024;43112
5205471;GO;Chapadão do Céu;2024;11000
5205497;GO;Cidade Ocidental;2024;19909
5205513;GO;Cocalzinho de Goiás;2024;94150
5205521;GO;Colinas do Sul;2024;42345
5205703;GO;Córrego do Ouro;2024;75327
5205802;GO;Corumbá de Goiás;2024;79200
5205901;GO;Corumbaíba;2024;153000
5206206;GO;Cristalina;2024;162000
5206305;GO;Cristianópolis;2024;12300
5206404;GO;Crixás;2024;342015
5206503;GO;Cromínia;2024;39600
5206602;GO;Cumari;2024;70000
5206701;GO;Damianópolis;2024;30940
5206800;GO;Damolândia;2024;15905
5206909;GO;Davinópolis;2024;41000
5207105;GO;Diorama;2024;75514
5207253;GO;Doverlândia;2024;270000
5207352;GO;Edealina;2024;50500
5207402;GO;Edéia;2024;54000
5207501;GO;Estrela do Norte;2024;32070
5207535;GO;Faina;2024;220271
5207600;GO;Fazenda Nova;2024;170925
5207808;GO;Firminópolis;2024;47015
5207907;GO;Flores de Goiás;2024;225320
5208004;GO;Formosa;2024;281142
5208103;GO;Formoso;2024;81660
5208152;GO;Gameleira de Goiás;2024;22000
5208301;GO;Divinópolis de Goiás;2024;77856
5208400;GO;Goianápolis;2024;15923
5208509;GO;Goiandira;2024;52500
5208608;GO;Goianésia;2024;139000
5208707;GO;Goiânia;2024;27859
5208806;GO;Goianira;2024;18533
5208905;GO;Goiás;2024;333683
5209101;GO;Goiatuba;2024;80000
5209150;GO;Gouvelândia;2024;31600
5209200;GO;Guapó;2024;70000
5209291;GO;Guaraíta;2024;31800
5209408;GO;Guarani de Goiás;2024;72884
5209457;GO;Guarinos;2024;57743
5209606;GO;Heitoraí;2024;31626
5209705;GO;Hidrolândia;2024;82000
5209804;GO;Hidrolina;2024;53170
5209903;GO;Iaciara;2024;220373
5209937;GO;Inaciolândia;2024;35000
5209952;GO;Indiara;2024;59000
5210000;GO;Inhumas;2024;98267
5210109;GO;Ipameri;2024;208000
5210158;GO;Ipiranga de Goiás;2024;27021
5210208;GO;Iporá;2024;121014
5210307;GO;Israelândia;2024;50284
5210406;GO;Itaberaí;2024;150125
5210562;GO;Itaguari;2024;25810
5210604;GO;Itaguaru;2024;39687
5210802;GO;Itajá;2024;196000
5210901;GO;Itapaci;2024;110345
5211008;GO;Itapirapuã;2024;264521
5211206;GO;Itapuranga;2024;188900
5211305;GO;Itarumã;2024;298000
5211404;GO;Itauçu;2024;60555
5211503;GO;Itumbiara;2024;102500
5211602;GO;Ivolândia;2024;130085
5211701;GO;Jandaia;2024;87000
5211800;GO;Jaraguá;2024;217300
5211909;GO;Jataí;2024;310000
5212006;GO;Jaupaci;2024;37185
5212055;GO;Jesúpolis;2024;15540
5212105;GO;Joviânia;2024;28400
5212204;GO;Jussara;2024;344582
5212253;GO;Lagoa Santa;2024;48100
5212303;GO;Leopoldo de Bulhões;2024;39200
5212501;GO;Luziânia;2024;233874
5212600;GO;Mairipotaba;2024;43800
5212709;GO;Mambaí;2024;9297
5212808;GO;Mara Rosa;2024;212125
5212907;GO;Marzagão;2024;17700
5212956;GO;Matrinchã;2024;121869
5213004;GO;Maurilândia;2024;14100
5213053;GO;Mimoso de Goiás;2024;52215
5213087;GO;Minaçu;2024;162000
5213103;GO;Mineiros;2024;380000
5213400;GO;Moiporá;2024;56882
5213509;GO;Monte Alegre de Goiás;2024;163722
5213707;GO;Montes Claros de Goiás;2024;232460
5213756;GO;Montividiu;2024;43091
5213772;GO;Montividiu do Norte;2024;116790
5213806;GO;Morrinhos;2024;272800
5213855;GO;Morro Agudo de Goiás;2024;45782
5213905;GO;Mossâmedes;2024;92713
5214002;GO;Mozarlândia;2024;182647
5214051;GO;Mundo Novo;2024;231963
5214101;GO;Mutunópolis;2024;111720
5214408;GO;Nazário;2024;46219
5214507;GO;Nerópolis;2024;21180
5214606;GO;Niquelândia;2024;301335
5214705;GO;Nova América;2024;29004
5214804;GO;Nova Aurora;2024;34500
5214838;GO;Nova Crixás;2024;772837
5214861;GO;Nova Glória;2024;26029
5214879;GO;Nova Iguaçu de Goiás;2024;61160
5214903;GO;Nova Roma;2024;96280
5215009;GO;Nova Veneza;2024;19439
5215207;GO;Novo Brasil;2024;101778
5215231;GO;Novo Gama;2024;4166
5215256;GO;Novo Planalto;2024;106690
5215306;GO;Orizona;2024;202500
5215405;GO;Ouro Verde de Goiás;2024;37830
5215504;GO;Ouvidor;2024;32000
5215603;GO;Padre Bernardo;2024;125307
5215652;GO;Palestina de Goiás;2024;125000
5215702;GO;Palmeiras de Goiás;2024;124000
5215801;GO;Palmelo;2024;3860
5215900;GO;Palminópolis;2024;44000
5216007;GO;Panamá;2024;28800
5216304;GO;Paranaiguara;2024;82000
5216403;GO;Paraúna;2024;119159
5216452;GO;Perolândia;2024;25000
5216809;GO;Petrolina de Goiás;2024;91200
5216908;GO;Pilar de Goiás;2024;121455
5217104;GO;Piracanjuba;2024;167000
5217203;GO;Piranhas;2024;175466
5217302;GO;Pirenópolis;2024;156600
5217401;GO;Pires do Rio;2024;113630
5217609;GO;Planaltina;2024;47240
5217708;GO;Pontalina;2024;152900
5218003;GO;Porangatu;2024;470450
5218052;GO;Porteirão;2024;9000
5218102;GO;Portelândia;2024;29000
5218300;GO;Posse;2024;137200
5218391;GO;Professor Jamil;2024;35500
5218508;GO;Quirinópolis;2024;238000
5218607;GO;Rialma;2024;20671
5218706;GO;Rianápolis;2024;16273
5218789;GO;Rio Quente;2024;21000
5218805;GO;Rio Verde;2024;263713
5218904;GO;Rubiataba;2024;108750
5219001;GO;Sanclerlândia;2024;78250
5219100;GO;Santa Bárbara de Goiás;2024;16784
5219209;GO;Santa Cruz de Goiás;2024;74000
5219258;GO;Santa Fé de Goiás;2024;106291
5219308;GO;Santa Helena de Goiás;2024;41091
5219357;GO;Santa Isabel;2024;70150
5219407;GO;Santa Rita do Araguaia;2024;70000
5219456;GO;Santa Rita do Novo Destino;2024;52000
5219506;GO;Santa Rosa de Goiás;2024;26100
5219605;GO;Santa Tereza de Goiás;2024;61980
5219704;GO;Santa Terezinha de Goiás;2024;133165
5219712;GO;Santo Antônio da Barra;2024;19789
5219738;GO;Santo Antônio de Goiás;2024;14268
5219753;GO;Santo Antônio do Descoberto;2024;37385
5219803;GO;São Domingos;2024;235253
5219902;GO;São Francisco de Goiás;2024;45050
5220009;GO;São João d'Aliança;2024;33420
5220058;GO;São João da Paraúna;2024;20000
5220108;GO;São Luís de Montes Belos;2024;152069
5220157;GO;São Luiz do Norte;2024;21655
5220207;GO;São Miguel do Araguaia;2024;595720
5220264;GO;São Miguel do Passa Quatro;2024;43300
5220280;GO;São Patrício;2024;29663
5220405;GO;São Simão;2024;30300
5220454;GO;Senador Canedo;2024;13500
5220504;GO;Serranópolis;2024;200000
5220603;GO;Silvânia;2024;119200
5220686;GO;Simolândia;2024;41000
5220702;GO;Sítio d'Abadia;2024;52242
5221007;GO;Taquaral de Goiás;2024;29465
5221080;GO;Teresina de Goiás;2024;8100
5221197;GO;Terezópolis de Goiás;2024;8084
5221304;GO;Três Ranchos;2024;21600
5221403;GO;Trindade;2024;72636
5221452;GO;Trombas;2024;76615
5221502;GO;Turvânia;2024;51365
5221551;GO;Turvelândia;2024;29571
5221577;GO;Uirapuru;2024;99780
5221601;GO;Uruaçu;2024;129565
5221700;GO;Uruana;2024;73472
5221809;GO;Urutaí;2024;51700
5221858;GO;Valparaíso de Goiás;2024;45
5221908;GO;Varjão;2024;61000
5222005;GO;Vianópolis;2024;69100
5222054;GO;Vicentinópolis;2024;27500
5222203;GO;Vila Boa;2024;55430
5222302;GO;Vila Propício;2024;85000
5300108;DF;Brasília;2024;81951
